"variable","iteration","chain","mean"
"ra","1","Chain 1",NA
"asthma_aux","1","Chain 1",NA
"age1","1","Chain 1",NA
"age2","1","Chain 1",NA
"age3","1","Chain 1",NA
"sex","1","Chain 1",NA
"race","1","Chain 1",NA
"education","1","Chain 1",1.18604651162791
"pir","1","Chain 1",0.752330408731015
"smoke","1","Chain 1",1
"cycle","1","Chain 1",NA
"stratum","1","Chain 1",NA
"psu","1","Chain 1",NA
"logweight","1","Chain 1",NA
"ra","2","Chain 1",NA
"asthma_aux","2","Chain 1",NA
"age1","2","Chain 1",NA
"age2","2","Chain 1",NA
"age3","2","Chain 1",NA
"sex","2","Chain 1",NA
"race","2","Chain 1",NA
"education","2","Chain 1",1
"pir","2","Chain 1",4.81275411940937
"smoke","2","Chain 1",1
"cycle","2","Chain 1",NA
"stratum","2","Chain 1",NA
"psu","2","Chain 1",NA
"logweight","2","Chain 1",NA
"ra","3","Chain 1",NA
"asthma_aux","3","Chain 1",NA
"age1","3","Chain 1",NA
"age2","3","Chain 1",NA
"age3","3","Chain 1",NA
"sex","3","Chain 1",NA
"race","3","Chain 1",NA
"education","3","Chain 1",5
"pir","3","Chain 1",4.80184035951209
"smoke","3","Chain 1",2
"cycle","3","Chain 1",NA
"stratum","3","Chain 1",NA
"psu","3","Chain 1",NA
"logweight","3","Chain 1",NA
"ra","4","Chain 1",NA
"asthma_aux","4","Chain 1",NA
"age1","4","Chain 1",NA
"age2","4","Chain 1",NA
"age3","4","Chain 1",NA
"sex","4","Chain 1",NA
"race","4","Chain 1",NA
"education","4","Chain 1",4.96511627906977
"pir","4","Chain 1",0.777378557671741
"smoke","4","Chain 1",2.0377358490566
"cycle","4","Chain 1",NA
"stratum","4","Chain 1",NA
"psu","4","Chain 1",NA
"logweight","4","Chain 1",NA
"ra","5","Chain 1",NA
"asthma_aux","5","Chain 1",NA
"age1","5","Chain 1",NA
"age2","5","Chain 1",NA
"age3","5","Chain 1",NA
"sex","5","Chain 1",NA
"race","5","Chain 1",NA
"education","5","Chain 1",3.48837209302326
"pir","5","Chain 1",0.770368071902429
"smoke","5","Chain 1",1.86792452830189
"cycle","5","Chain 1",NA
"stratum","5","Chain 1",NA
"psu","5","Chain 1",NA
"logweight","5","Chain 1",NA
"ra","6","Chain 1",NA
"asthma_aux","6","Chain 1",NA
"age1","6","Chain 1",NA
"age2","6","Chain 1",NA
"age3","6","Chain 1",NA
"sex","6","Chain 1",NA
"race","6","Chain 1",NA
"education","6","Chain 1",5
"pir","6","Chain 1",0.771720522148523
"smoke","6","Chain 1",1.9811320754717
"cycle","6","Chain 1",NA
"stratum","6","Chain 1",NA
"psu","6","Chain 1",NA
"logweight","6","Chain 1",NA
"ra","7","Chain 1",NA
"asthma_aux","7","Chain 1",NA
"age1","7","Chain 1",NA
"age2","7","Chain 1",NA
"age3","7","Chain 1",NA
"sex","7","Chain 1",NA
"race","7","Chain 1",NA
"education","7","Chain 1",1
"pir","7","Chain 1",0.760727583993161
"smoke","7","Chain 1",1
"cycle","7","Chain 1",NA
"stratum","7","Chain 1",NA
"psu","7","Chain 1",NA
"logweight","7","Chain 1",NA
"ra","8","Chain 1",NA
"asthma_aux","8","Chain 1",NA
"age1","8","Chain 1",NA
"age2","8","Chain 1",NA
"age3","8","Chain 1",NA
"sex","8","Chain 1",NA
"race","8","Chain 1",NA
"education","8","Chain 1",5
"pir","8","Chain 1",1.52924031671302
"smoke","8","Chain 1",1.22641509433962
"cycle","8","Chain 1",NA
"stratum","8","Chain 1",NA
"psu","8","Chain 1",NA
"logweight","8","Chain 1",NA
"ra","9","Chain 1",NA
"asthma_aux","9","Chain 1",NA
"age1","9","Chain 1",NA
"age2","9","Chain 1",NA
"age3","9","Chain 1",NA
"sex","9","Chain 1",NA
"race","9","Chain 1",NA
"education","9","Chain 1",5
"pir","9","Chain 1",0.763316927027616
"smoke","9","Chain 1",2.05660377358491
"cycle","9","Chain 1",NA
"stratum","9","Chain 1",NA
"psu","9","Chain 1",NA
"logweight","9","Chain 1",NA
"ra","10","Chain 1",NA
"asthma_aux","10","Chain 1",NA
"age1","10","Chain 1",NA
"age2","10","Chain 1",NA
"age3","10","Chain 1",NA
"sex","10","Chain 1",NA
"race","10","Chain 1",NA
"education","10","Chain 1",5
"pir","10","Chain 1",0.776402739139747
"smoke","10","Chain 1",1
"cycle","10","Chain 1",NA
"stratum","10","Chain 1",NA
"psu","10","Chain 1",NA
"logweight","10","Chain 1",NA
"ra","1","Chain 2",NA
"asthma_aux","1","Chain 2",NA
"age1","1","Chain 2",NA
"age2","1","Chain 2",NA
"age3","1","Chain 2",NA
"sex","1","Chain 2",NA
"race","1","Chain 2",NA
"education","1","Chain 2",5
"pir","1","Chain 2",4.7967044725016
"smoke","1","Chain 2",1.71698113207547
"cycle","1","Chain 2",NA
"stratum","1","Chain 2",NA
"psu","1","Chain 2",NA
"logweight","1","Chain 2",NA
"ra","2","Chain 2",NA
"asthma_aux","2","Chain 2",NA
"age1","2","Chain 2",NA
"age2","2","Chain 2",NA
"age3","2","Chain 2",NA
"sex","2","Chain 2",NA
"race","2","Chain 2",NA
"education","2","Chain 2",5
"pir","2","Chain 2",0.768966402739149
"smoke","2","Chain 2",1
"cycle","2","Chain 2",NA
"stratum","2","Chain 2",NA
"psu","2","Chain 2",NA
"logweight","2","Chain 2",NA
"ra","3","Chain 2",NA
"asthma_aux","3","Chain 2",NA
"age1","3","Chain 2",NA
"age2","3","Chain 2",NA
"age3","3","Chain 2",NA
"sex","3","Chain 2",NA
"race","3","Chain 2",NA
"education","3","Chain 2",1
"pir","3","Chain 2",0.782535844211438
"smoke","3","Chain 2",2
"cycle","3","Chain 2",NA
"stratum","3","Chain 2",NA
"psu","3","Chain 2",NA
"logweight","3","Chain 2",NA
"ra","4","Chain 2",NA
"asthma_aux","4","Chain 2",NA
"age1","4","Chain 2",NA
"age2","4","Chain 2",NA
"age3","4","Chain 2",NA
"sex","4","Chain 2",NA
"race","4","Chain 2",NA
"education","4","Chain 2",2.31395348837209
"pir","4","Chain 2",4.80804622298309
"smoke","4","Chain 2",1.84905660377358
"cycle","4","Chain 2",NA
"stratum","4","Chain 2",NA
"psu","4","Chain 2",NA
"logweight","4","Chain 2",NA
"ra","5","Chain 2",NA
"asthma_aux","5","Chain 2",NA
"age1","5","Chain 2",NA
"age2","5","Chain 2",NA
"age3","5","Chain 2",NA
"sex","5","Chain 2",NA
"race","5","Chain 2",NA
"education","5","Chain 2",1.93023255813953
"pir","5","Chain 2",4.79520650545688
"smoke","5","Chain 2",1
"cycle","5","Chain 2",NA
"stratum","5","Chain 2",NA
"psu","5","Chain 2",NA
"logweight","5","Chain 2",NA
"ra","6","Chain 2",NA
"asthma_aux","6","Chain 2",NA
"age1","6","Chain 2",NA
"age2","6","Chain 2",NA
"age3","6","Chain 2",NA
"sex","6","Chain 2",NA
"race","6","Chain 2",NA
"education","6","Chain 2",1.90697674418605
"pir","6","Chain 2",4.7961545046009
"smoke","6","Chain 2",1
"cycle","6","Chain 2",NA
"stratum","6","Chain 2",NA
"psu","6","Chain 2",NA
"logweight","6","Chain 2",NA
"ra","7","Chain 2",NA
"asthma_aux","7","Chain 2",NA
"age1","7","Chain 2",NA
"age2","7","Chain 2",NA
"age3","7","Chain 2",NA
"sex","7","Chain 2",NA
"race","7","Chain 2",NA
"education","7","Chain 2",5
"pir","7","Chain 2",0.770098437834376
"smoke","7","Chain 2",1.90566037735849
"cycle","7","Chain 2",NA
"stratum","7","Chain 2",NA
"psu","7","Chain 2",NA
"logweight","7","Chain 2",NA
"ra","8","Chain 2",NA
"asthma_aux","8","Chain 2",NA
"age1","8","Chain 2",NA
"age2","8","Chain 2",NA
"age3","8","Chain 2",NA
"sex","8","Chain 2",NA
"race","8","Chain 2",NA
"education","8","Chain 2",1.7093023255814
"pir","8","Chain 2",1.23431842499465
"smoke","8","Chain 2",1.15094339622642
"cycle","8","Chain 2",NA
"stratum","8","Chain 2",NA
"psu","8","Chain 2",NA
"logweight","8","Chain 2",NA
"ra","9","Chain 2",NA
"asthma_aux","9","Chain 2",NA
"age1","9","Chain 2",NA
"age2","9","Chain 2",NA
"age3","9","Chain 2",NA
"sex","9","Chain 2",NA
"race","9","Chain 2",NA
"education","9","Chain 2",4.65116279069767
"pir","9","Chain 2",4.72155360582067
"smoke","9","Chain 2",1
"cycle","9","Chain 2",NA
"stratum","9","Chain 2",NA
"psu","9","Chain 2",NA
"logweight","9","Chain 2",NA
"ra","10","Chain 2",NA
"asthma_aux","10","Chain 2",NA
"age1","10","Chain 2",NA
"age2","10","Chain 2",NA
"age3","10","Chain 2",NA
"sex","10","Chain 2",NA
"race","10","Chain 2",NA
"education","10","Chain 2",2.09302325581395
"pir","10","Chain 2",0.776374919751775
"smoke","10","Chain 2",1.86792452830189
"cycle","10","Chain 2",NA
"stratum","10","Chain 2",NA
"psu","10","Chain 2",NA
"logweight","10","Chain 2",NA
"ra","1","Chain 3",NA
"asthma_aux","1","Chain 3",NA
"age1","1","Chain 3",NA
"age2","1","Chain 3",NA
"age3","1","Chain 3",NA
"sex","1","Chain 3",NA
"race","1","Chain 3",NA
"education","1","Chain 3",5
"pir","1","Chain 3",0.769251016477646
"smoke","1","Chain 3",1
"cycle","1","Chain 3",NA
"stratum","1","Chain 3",NA
"psu","1","Chain 3",NA
"logweight","1","Chain 3",NA
"ra","2","Chain 3",NA
"asthma_aux","2","Chain 3",NA
"age1","2","Chain 3",NA
"age2","2","Chain 3",NA
"age3","2","Chain 3",NA
"sex","2","Chain 3",NA
"race","2","Chain 3",NA
"education","2","Chain 3",5
"pir","2","Chain 3",0.787322918895794
"smoke","2","Chain 3",1
"cycle","2","Chain 3",NA
"stratum","2","Chain 3",NA
"psu","2","Chain 3",NA
"logweight","2","Chain 3",NA
"ra","3","Chain 3",NA
"asthma_aux","3","Chain 3",NA
"age1","3","Chain 3",NA
"age2","3","Chain 3",NA
"age3","3","Chain 3",NA
"sex","3","Chain 3",NA
"race","3","Chain 3",NA
"education","3","Chain 3",1.13953488372093
"pir","3","Chain 3",0.767643911833949
"smoke","3","Chain 3",2.18867924528302
"cycle","3","Chain 3",NA
"stratum","3","Chain 3",NA
"psu","3","Chain 3",NA
"logweight","3","Chain 3",NA
"ra","4","Chain 3",NA
"asthma_aux","4","Chain 3",NA
"age1","4","Chain 3",NA
"age2","4","Chain 3",NA
"age3","4","Chain 3",NA
"sex","4","Chain 3",NA
"race","4","Chain 3",NA
"education","4","Chain 3",1.74418604651163
"pir","4","Chain 3",0.759058420714752
"smoke","4","Chain 3",2.09433962264151
"cycle","4","Chain 3",NA
"stratum","4","Chain 3",NA
"psu","4","Chain 3",NA
"logweight","4","Chain 3",NA
"ra","5","Chain 3",NA
"asthma_aux","5","Chain 3",NA
"age1","5","Chain 3",NA
"age2","5","Chain 3",NA
"age3","5","Chain 3",NA
"sex","5","Chain 3",NA
"race","5","Chain 3",NA
"education","5","Chain 3",5
"pir","5","Chain 3",4.80776374919752
"smoke","5","Chain 3",1.86792452830189
"cycle","5","Chain 3",NA
"stratum","5","Chain 3",NA
"psu","5","Chain 3",NA
"logweight","5","Chain 3",NA
"ra","6","Chain 3",NA
"asthma_aux","6","Chain 3",NA
"age1","6","Chain 3",NA
"age2","6","Chain 3",NA
"age3","6","Chain 3",NA
"sex","6","Chain 3",NA
"race","6","Chain 3",NA
"education","6","Chain 3",5
"pir","6","Chain 3",4.72012625722234
"smoke","6","Chain 3",1.64150943396226
"cycle","6","Chain 3",NA
"stratum","6","Chain 3",NA
"psu","6","Chain 3",NA
"logweight","6","Chain 3",NA
"ra","7","Chain 3",NA
"asthma_aux","7","Chain 3",NA
"age1","7","Chain 3",NA
"age2","7","Chain 3",NA
"age3","7","Chain 3",NA
"sex","7","Chain 3",NA
"race","7","Chain 3",NA
"education","7","Chain 3",2.26744186046512
"pir","7","Chain 3",0.768247378557683
"smoke","7","Chain 3",1.9811320754717
"cycle","7","Chain 3",NA
"stratum","7","Chain 3",NA
"psu","7","Chain 3",NA
"logweight","7","Chain 3",NA
"ra","8","Chain 3",NA
"asthma_aux","8","Chain 3",NA
"age1","8","Chain 3",NA
"age2","8","Chain 3",NA
"age3","8","Chain 3",NA
"sex","8","Chain 3",NA
"race","8","Chain 3",NA
"education","8","Chain 3",5
"pir","8","Chain 3",4.80633426064627
"smoke","8","Chain 3",1
"cycle","8","Chain 3",NA
"stratum","8","Chain 3",NA
"psu","8","Chain 3",NA
"logweight","8","Chain 3",NA
"ra","9","Chain 3",NA
"asthma_aux","9","Chain 3",NA
"age1","9","Chain 3",NA
"age2","9","Chain 3",NA
"age3","9","Chain 3",NA
"sex","9","Chain 3",NA
"race","9","Chain 3",NA
"education","9","Chain 3",4.76744186046512
"pir","9","Chain 3",0.759642627862197
"smoke","9","Chain 3",1
"cycle","9","Chain 3",NA
"stratum","9","Chain 3",NA
"psu","9","Chain 3",NA
"logweight","9","Chain 3",NA
"ra","10","Chain 3",NA
"asthma_aux","10","Chain 3",NA
"age1","10","Chain 3",NA
"age2","10","Chain 3",NA
"age3","10","Chain 3",NA
"sex","10","Chain 3",NA
"race","10","Chain 3",NA
"education","10","Chain 3",1.24418604651163
"pir","10","Chain 3",0.774744275625944
"smoke","10","Chain 3",1
"cycle","10","Chain 3",NA
"stratum","10","Chain 3",NA
"psu","10","Chain 3",NA
"logweight","10","Chain 3",NA
"ra","1","Chain 4",NA
"asthma_aux","1","Chain 4",NA
"age1","1","Chain 4",NA
"age2","1","Chain 4",NA
"age3","1","Chain 4",NA
"sex","1","Chain 4",NA
"race","1","Chain 4",NA
"education","1","Chain 4",1.26744186046512
"pir","1","Chain 4",1.55299379413652
"smoke","1","Chain 4",1.18867924528302
"cycle","1","Chain 4",NA
"stratum","1","Chain 4",NA
"psu","1","Chain 4",NA
"logweight","1","Chain 4",NA
"ra","2","Chain 4",NA
"asthma_aux","2","Chain 4",NA
"age1","2","Chain 4",NA
"age2","2","Chain 4",NA
"age3","2","Chain 4",NA
"sex","2","Chain 4",NA
"race","2","Chain 4",NA
"education","2","Chain 4",5
"pir","2","Chain 4",0.770139096939878
"smoke","2","Chain 4",1
"cycle","2","Chain 4",NA
"stratum","2","Chain 4",NA
"psu","2","Chain 4",NA
"logweight","2","Chain 4",NA
"ra","3","Chain 4",NA
"asthma_aux","3","Chain 4",NA
"age1","3","Chain 4",NA
"age2","3","Chain 4",NA
"age3","3","Chain 4",NA
"sex","3","Chain 4",NA
"race","3","Chain 4",NA
"education","3","Chain 4",5
"pir","3","Chain 4",4.80676225123047
"smoke","3","Chain 4",1.69811320754717
"cycle","3","Chain 4",NA
"stratum","3","Chain 4",NA
"psu","3","Chain 4",NA
"logweight","3","Chain 4",NA
"ra","4","Chain 4",NA
"asthma_aux","4","Chain 4",NA
"age1","4","Chain 4",NA
"age2","4","Chain 4",NA
"age3","4","Chain 4",NA
"sex","4","Chain 4",NA
"race","4","Chain 4",NA
"education","4","Chain 4",4.8953488372093
"pir","4","Chain 4",4.79684784934731
"smoke","4","Chain 4",1.69811320754717
"cycle","4","Chain 4",NA
"stratum","4","Chain 4",NA
"psu","4","Chain 4",NA
"logweight","4","Chain 4",NA
"ra","5","Chain 4",NA
"asthma_aux","5","Chain 4",NA
"age1","5","Chain 4",NA
"age2","5","Chain 4",NA
"age3","5","Chain 4",NA
"sex","5","Chain 4",NA
"race","5","Chain 4",NA
"education","5","Chain 4",1.90697674418605
"pir","5","Chain 4",4.72204365503959
"smoke","5","Chain 4",1.83018867924528
"cycle","5","Chain 4",NA
"stratum","5","Chain 4",NA
"psu","5","Chain 4",NA
"logweight","5","Chain 4",NA
"ra","6","Chain 4",NA
"asthma_aux","6","Chain 4",NA
"age1","6","Chain 4",NA
"age2","6","Chain 4",NA
"age3","6","Chain 4",NA
"sex","6","Chain 4",NA
"race","6","Chain 4",NA
"education","6","Chain 4",5
"pir","6","Chain 4",0.773851915257874
"smoke","6","Chain 4",2.0188679245283
"cycle","6","Chain 4",NA
"stratum","6","Chain 4",NA
"psu","6","Chain 4",NA
"logweight","6","Chain 4",NA
"ra","7","Chain 4",NA
"asthma_aux","7","Chain 4",NA
"age1","7","Chain 4",NA
"age2","7","Chain 4",NA
"age3","7","Chain 4",NA
"sex","7","Chain 4",NA
"race","7","Chain 4",NA
"education","7","Chain 4",1.68604651162791
"pir","7","Chain 4",0.772229830943729
"smoke","7","Chain 4",2
"cycle","7","Chain 4",NA
"stratum","7","Chain 4",NA
"psu","7","Chain 4",NA
"logweight","7","Chain 4",NA
"ra","8","Chain 4",NA
"asthma_aux","8","Chain 4",NA
"age1","8","Chain 4",NA
"age2","8","Chain 4",NA
"age3","8","Chain 4",NA
"sex","8","Chain 4",NA
"race","8","Chain 4",NA
"education","8","Chain 4",1
"pir","8","Chain 4",4.71781938797346
"smoke","8","Chain 4",1
"cycle","8","Chain 4",NA
"stratum","8","Chain 4",NA
"psu","8","Chain 4",NA
"logweight","8","Chain 4",NA
"ra","9","Chain 4",NA
"asthma_aux","9","Chain 4",NA
"age1","9","Chain 4",NA
"age2","9","Chain 4",NA
"age3","9","Chain 4",NA
"sex","9","Chain 4",NA
"race","9","Chain 4",NA
"education","9","Chain 4",1.38372093023256
"pir","9","Chain 4",4.79370853841215
"smoke","9","Chain 4",1
"cycle","9","Chain 4",NA
"stratum","9","Chain 4",NA
"psu","9","Chain 4",NA
"logweight","9","Chain 4",NA
"ra","10","Chain 4",NA
"asthma_aux","10","Chain 4",NA
"age1","10","Chain 4",NA
"age2","10","Chain 4",NA
"age3","10","Chain 4",NA
"sex","10","Chain 4",NA
"race","10","Chain 4",NA
"education","10","Chain 4",2.16279069767442
"pir","10","Chain 4",0.77564305585278
"smoke","10","Chain 4",2.07547169811321
"cycle","10","Chain 4",NA
"stratum","10","Chain 4",NA
"psu","10","Chain 4",NA
"logweight","10","Chain 4",NA
"ra","1","Chain 5",NA
"asthma_aux","1","Chain 5",NA
"age1","1","Chain 5",NA
"age2","1","Chain 5",NA
"age3","1","Chain 5",NA
"sex","1","Chain 5",NA
"race","1","Chain 5",NA
"education","1","Chain 5",1.16279069767442
"pir","1","Chain 5",0.776409158998512
"smoke","1","Chain 5",2.0188679245283
"cycle","1","Chain 5",NA
"stratum","1","Chain 5",NA
"psu","1","Chain 5",NA
"logweight","1","Chain 5",NA
"ra","2","Chain 5",NA
"asthma_aux","2","Chain 5",NA
"age1","2","Chain 5",NA
"age2","2","Chain 5",NA
"age3","2","Chain 5",NA
"sex","2","Chain 5",NA
"race","2","Chain 5",NA
"education","2","Chain 5",1
"pir","2","Chain 5",4.80034239246737
"smoke","2","Chain 5",1.66037735849057
"cycle","2","Chain 5",NA
"stratum","2","Chain 5",NA
"psu","2","Chain 5",NA
"logweight","2","Chain 5",NA
"ra","3","Chain 5",NA
"asthma_aux","3","Chain 5",NA
"age1","3","Chain 5",NA
"age2","3","Chain 5",NA
"age3","3","Chain 5",NA
"sex","3","Chain 5",NA
"race","3","Chain 5",NA
"education","3","Chain 5",2.06976744186047
"pir","3","Chain 5",0.758517012625729
"smoke","3","Chain 5",2
"cycle","3","Chain 5",NA
"stratum","3","Chain 5",NA
"psu","3","Chain 5",NA
"logweight","3","Chain 5",NA
"ra","4","Chain 5",NA
"asthma_aux","4","Chain 5",NA
"age1","4","Chain 5",NA
"age2","4","Chain 5",NA
"age3","4","Chain 5",NA
"sex","4","Chain 5",NA
"race","4","Chain 5",NA
"education","4","Chain 5",1
"pir","4","Chain 5",4.79609672587203
"smoke","4","Chain 5",1
"cycle","4","Chain 5",NA
"stratum","4","Chain 5",NA
"psu","4","Chain 5",NA
"logweight","4","Chain 5",NA
"ra","5","Chain 5",NA
"asthma_aux","5","Chain 5",NA
"age1","5","Chain 5",NA
"age2","5","Chain 5",NA
"age3","5","Chain 5",NA
"sex","5","Chain 5",NA
"race","5","Chain 5",NA
"education","5","Chain 5",1.84883720930233
"pir","5","Chain 5",4.79092659961481
"smoke","5","Chain 5",1.77358490566038
"cycle","5","Chain 5",NA
"stratum","5","Chain 5",NA
"psu","5","Chain 5",NA
"logweight","5","Chain 5",NA
"ra","6","Chain 5",NA
"asthma_aux","6","Chain 5",NA
"age1","6","Chain 5",NA
"age2","6","Chain 5",NA
"age3","6","Chain 5",NA
"sex","6","Chain 5",NA
"race","6","Chain 5",NA
"education","6","Chain 5",5
"pir","6","Chain 5",1.19629146158784
"smoke","6","Chain 5",1.9622641509434
"cycle","6","Chain 5",NA
"stratum","6","Chain 5",NA
"psu","6","Chain 5",NA
"logweight","6","Chain 5",NA
"ra","7","Chain 5",NA
"asthma_aux","7","Chain 5",NA
"age1","7","Chain 5",NA
"age2","7","Chain 5",NA
"age3","7","Chain 5",NA
"sex","7","Chain 5",NA
"race","7","Chain 5",NA
"education","7","Chain 5",5
"pir","7","Chain 5",4.78227263000214
"smoke","7","Chain 5",1
"cycle","7","Chain 5",NA
"stratum","7","Chain 5",NA
"psu","7","Chain 5",NA
"logweight","7","Chain 5",NA
"ra","8","Chain 5",NA
"asthma_aux","8","Chain 5",NA
"age1","8","Chain 5",NA
"age2","8","Chain 5",NA
"age3","8","Chain 5",NA
"sex","8","Chain 5",NA
"race","8","Chain 5",NA
"education","8","Chain 5",3.37209302325581
"pir","8","Chain 5",4.80612026535416
"smoke","8","Chain 5",1
"cycle","8","Chain 5",NA
"stratum","8","Chain 5",NA
"psu","8","Chain 5",NA
"logweight","8","Chain 5",NA
"ra","9","Chain 5",NA
"asthma_aux","9","Chain 5",NA
"age1","9","Chain 5",NA
"age2","9","Chain 5",NA
"age3","9","Chain 5",NA
"sex","9","Chain 5",NA
"race","9","Chain 5",NA
"education","9","Chain 5",5
"pir","9","Chain 5",0.765578857265149
"smoke","9","Chain 5",1
"cycle","9","Chain 5",NA
"stratum","9","Chain 5",NA
"psu","9","Chain 5",NA
"logweight","9","Chain 5",NA
"ra","10","Chain 5",NA
"asthma_aux","10","Chain 5",NA
"age1","10","Chain 5",NA
"age2","10","Chain 5",NA
"age3","10","Chain 5",NA
"sex","10","Chain 5",NA
"race","10","Chain 5",NA
"education","10","Chain 5",5
"pir","10","Chain 5",0.768337256580366
"smoke","10","Chain 5",1
"cycle","10","Chain 5",NA
"stratum","10","Chain 5",NA
"psu","10","Chain 5",NA
"logweight","10","Chain 5",NA
"ra","1","Chain 6",NA
"asthma_aux","1","Chain 6",NA
"age1","1","Chain 6",NA
"age2","1","Chain 6",NA
"age3","1","Chain 6",NA
"sex","1","Chain 6",NA
"race","1","Chain 6",NA
"education","1","Chain 6",1.22093023255814
"pir","1","Chain 6",0.767203081532215
"smoke","1","Chain 6",1
"cycle","1","Chain 6",NA
"stratum","1","Chain 6",NA
"psu","1","Chain 6",NA
"logweight","1","Chain 6",NA
"ra","2","Chain 6",NA
"asthma_aux","2","Chain 6",NA
"age1","2","Chain 6",NA
"age2","2","Chain 6",NA
"age3","2","Chain 6",NA
"sex","2","Chain 6",NA
"race","2","Chain 6",NA
"education","2","Chain 6",1.22093023255814
"pir","2","Chain 6",0.778775946929176
"smoke","2","Chain 6",1
"cycle","2","Chain 6",NA
"stratum","2","Chain 6",NA
"psu","2","Chain 6",NA
"logweight","2","Chain 6",NA
"ra","3","Chain 6",NA
"asthma_aux","3","Chain 6",NA
"age1","3","Chain 6",NA
"age2","3","Chain 6",NA
"age3","3","Chain 6",NA
"sex","3","Chain 6",NA
"race","3","Chain 6",NA
"education","3","Chain 6",1.1046511627907
"pir","3","Chain 6",3.08624224267065
"smoke","3","Chain 6",1.86792452830189
"cycle","3","Chain 6",NA
"stratum","3","Chain 6",NA
"psu","3","Chain 6",NA
"logweight","3","Chain 6",NA
"ra","4","Chain 6",NA
"asthma_aux","4","Chain 6",NA
"age1","4","Chain 6",NA
"age2","4","Chain 6",NA
"age3","4","Chain 6",NA
"sex","4","Chain 6",NA
"race","4","Chain 6",NA
"education","4","Chain 6",5
"pir","4","Chain 6",4.80612026535416
"smoke","4","Chain 6",1.84905660377358
"cycle","4","Chain 6",NA
"stratum","4","Chain 6",NA
"psu","4","Chain 6",NA
"logweight","4","Chain 6",NA
"ra","5","Chain 6",NA
"asthma_aux","5","Chain 6",NA
"age1","5","Chain 6",NA
"age2","5","Chain 6",NA
"age3","5","Chain 6",NA
"sex","5","Chain 6",NA
"race","5","Chain 6",NA
"education","5","Chain 6",5
"pir","5","Chain 6",0.811660603466734
"smoke","5","Chain 6",1
"cycle","5","Chain 6",NA
"stratum","5","Chain 6",NA
"psu","5","Chain 6",NA
"logweight","5","Chain 6",NA
"ra","6","Chain 6",NA
"asthma_aux","6","Chain 6",NA
"age1","6","Chain 6",NA
"age2","6","Chain 6",NA
"age3","6","Chain 6",NA
"sex","6","Chain 6",NA
"race","6","Chain 6",NA
"education","6","Chain 6",1.22093023255814
"pir","6","Chain 6",0.83078108281619
"smoke","6","Chain 6",1.94339622641509
"cycle","6","Chain 6",NA
"stratum","6","Chain 6",NA
"psu","6","Chain 6",NA
"logweight","6","Chain 6",NA
"ra","7","Chain 6",NA
"asthma_aux","7","Chain 6",NA
"age1","7","Chain 6",NA
"age2","7","Chain 6",NA
"age3","7","Chain 6",NA
"sex","7","Chain 6",NA
"race","7","Chain 6",NA
"education","7","Chain 6",5
"pir","7","Chain 6",0.768716028247386
"smoke","7","Chain 6",2.09433962264151
"cycle","7","Chain 6",NA
"stratum","7","Chain 6",NA
"psu","7","Chain 6",NA
"logweight","7","Chain 6",NA
"ra","8","Chain 6",NA
"asthma_aux","8","Chain 6",NA
"age1","8","Chain 6",NA
"age2","8","Chain 6",NA
"age3","8","Chain 6",NA
"sex","8","Chain 6",NA
"race","8","Chain 6",NA
"education","8","Chain 6",5
"pir","8","Chain 6",0.77731649903703
"smoke","8","Chain 6",2.26415094339623
"cycle","8","Chain 6",NA
"stratum","8","Chain 6",NA
"psu","8","Chain 6",NA
"logweight","8","Chain 6",NA
"ra","9","Chain 6",NA
"asthma_aux","9","Chain 6",NA
"age1","9","Chain 6",NA
"age2","9","Chain 6",NA
"age3","9","Chain 6",NA
"sex","9","Chain 6",NA
"race","9","Chain 6",NA
"education","9","Chain 6",4.48837209302326
"pir","9","Chain 6",4.80141236892788
"smoke","9","Chain 6",1.0377358490566
"cycle","9","Chain 6",NA
"stratum","9","Chain 6",NA
"psu","9","Chain 6",NA
"logweight","9","Chain 6",NA
"ra","10","Chain 6",NA
"asthma_aux","10","Chain 6",NA
"age1","10","Chain 6",NA
"age2","10","Chain 6",NA
"age3","10","Chain 6",NA
"sex","10","Chain 6",NA
"race","10","Chain 6",NA
"education","10","Chain 6",2.09302325581395
"pir","10","Chain 6",4.79413652899636
"smoke","10","Chain 6",1.35849056603774
"cycle","10","Chain 6",NA
"stratum","10","Chain 6",NA
"psu","10","Chain 6",NA
"logweight","10","Chain 6",NA
"ra","1","Chain 7",NA
"asthma_aux","1","Chain 7",NA
"age1","1","Chain 7",NA
"age2","1","Chain 7",NA
"age3","1","Chain 7",NA
"sex","1","Chain 7",NA
"race","1","Chain 7",NA
"education","1","Chain 7",1.34883720930233
"pir","1","Chain 7",4.80569227476995
"smoke","1","Chain 7",1
"cycle","1","Chain 7",NA
"stratum","1","Chain 7",NA
"psu","1","Chain 7",NA
"logweight","1","Chain 7",NA
"ra","2","Chain 7",NA
"asthma_aux","2","Chain 7",NA
"age1","2","Chain 7",NA
"age2","2","Chain 7",NA
"age3","2","Chain 7",NA
"sex","2","Chain 7",NA
"race","2","Chain 7",NA
"education","2","Chain 7",2.15116279069767
"pir","2","Chain 7",0.785887010485778
"smoke","2","Chain 7",2.0377358490566
"cycle","2","Chain 7",NA
"stratum","2","Chain 7",NA
"psu","2","Chain 7",NA
"logweight","2","Chain 7",NA
"ra","3","Chain 7",NA
"asthma_aux","3","Chain 7",NA
"age1","3","Chain 7",NA
"age2","3","Chain 7",NA
"age3","3","Chain 7",NA
"sex","3","Chain 7",NA
"race","3","Chain 7",NA
"education","3","Chain 7",5
"pir","3","Chain 7",4.80697624652258
"smoke","3","Chain 7",1
"cycle","3","Chain 7",NA
"stratum","3","Chain 7",NA
"psu","3","Chain 7",NA
"logweight","3","Chain 7",NA
"ra","4","Chain 7",NA
"asthma_aux","4","Chain 7",NA
"age1","4","Chain 7",NA
"age2","4","Chain 7",NA
"age3","4","Chain 7",NA
"sex","4","Chain 7",NA
"race","4","Chain 7",NA
"education","4","Chain 7",5
"pir","4","Chain 7",0.772435266424147
"smoke","4","Chain 7",1
"cycle","4","Chain 7",NA
"stratum","4","Chain 7",NA
"psu","4","Chain 7",NA
"logweight","4","Chain 7",NA
"ra","5","Chain 7",NA
"asthma_aux","5","Chain 7",NA
"age1","5","Chain 7",NA
"age2","5","Chain 7",NA
"age3","5","Chain 7",NA
"sex","5","Chain 7",NA
"race","5","Chain 7",NA
"education","5","Chain 7",5
"pir","5","Chain 7",0.773858335116636
"smoke","5","Chain 7",1.92452830188679
"cycle","5","Chain 7",NA
"stratum","5","Chain 7",NA
"psu","5","Chain 7",NA
"logweight","5","Chain 7",NA
"ra","6","Chain 7",NA
"asthma_aux","6","Chain 7",NA
"age1","6","Chain 7",NA
"age2","6","Chain 7",NA
"age3","6","Chain 7",NA
"sex","6","Chain 7",NA
"race","6","Chain 7",NA
"education","6","Chain 7",1.27906976744186
"pir","6","Chain 7",0.773233468863693
"smoke","6","Chain 7",1
"cycle","6","Chain 7",NA
"stratum","6","Chain 7",NA
"psu","6","Chain 7",NA
"logweight","6","Chain 7",NA
"ra","7","Chain 7",NA
"asthma_aux","7","Chain 7",NA
"age1","7","Chain 7",NA
"age2","7","Chain 7",NA
"age3","7","Chain 7",NA
"sex","7","Chain 7",NA
"race","7","Chain 7",NA
"education","7","Chain 7",5
"pir","7","Chain 7",4.79606248662529
"smoke","7","Chain 7",1.79245283018868
"cycle","7","Chain 7",NA
"stratum","7","Chain 7",NA
"psu","7","Chain 7",NA
"logweight","7","Chain 7",NA
"ra","8","Chain 7",NA
"asthma_aux","8","Chain 7",NA
"age1","8","Chain 7",NA
"age2","8","Chain 7",NA
"age3","8","Chain 7",NA
"sex","8","Chain 7",NA
"race","8","Chain 7",NA
"education","8","Chain 7",1.90697674418605
"pir","8","Chain 7",0.776171624224276
"smoke","8","Chain 7",1
"cycle","8","Chain 7",NA
"stratum","8","Chain 7",NA
"psu","8","Chain 7",NA
"logweight","8","Chain 7",NA
"ra","9","Chain 7",NA
"asthma_aux","9","Chain 7",NA
"age1","9","Chain 7",NA
"age2","9","Chain 7",NA
"age3","9","Chain 7",NA
"sex","9","Chain 7",NA
"race","9","Chain 7",NA
"education","9","Chain 7",1.01162790697674
"pir","9","Chain 7",4.81296811470148
"smoke","9","Chain 7",1
"cycle","9","Chain 7",NA
"stratum","9","Chain 7",NA
"psu","9","Chain 7",NA
"logweight","9","Chain 7",NA
"ra","10","Chain 7",NA
"asthma_aux","10","Chain 7",NA
"age1","10","Chain 7",NA
"age2","10","Chain 7",NA
"age3","10","Chain 7",NA
"sex","10","Chain 7",NA
"race","10","Chain 7",NA
"education","10","Chain 7",2.24418604651163
"pir","10","Chain 7",0.783646479777455
"smoke","10","Chain 7",1
"cycle","10","Chain 7",NA
"stratum","10","Chain 7",NA
"psu","10","Chain 7",NA
"logweight","10","Chain 7",NA
"ra","1","Chain 8",NA
"asthma_aux","1","Chain 8",NA
"age1","1","Chain 8",NA
"age2","1","Chain 8",NA
"age3","1","Chain 8",NA
"sex","1","Chain 8",NA
"race","1","Chain 8",NA
"education","1","Chain 8",1.43023255813953
"pir","1","Chain 8",4.79563449604109
"smoke","1","Chain 8",1
"cycle","1","Chain 8",NA
"stratum","1","Chain 8",NA
"psu","1","Chain 8",NA
"logweight","1","Chain 8",NA
"ra","2","Chain 8",NA
"asthma_aux","2","Chain 8",NA
"age1","2","Chain 8",NA
"age2","2","Chain 8",NA
"age3","2","Chain 8",NA
"sex","2","Chain 8",NA
"race","2","Chain 8",NA
"education","2","Chain 8",4.82558139534884
"pir","2","Chain 8",1.44571581425208
"smoke","2","Chain 8",1
"cycle","2","Chain 8",NA
"stratum","2","Chain 8",NA
"psu","2","Chain 8",NA
"logweight","2","Chain 8",NA
"ra","3","Chain 8",NA
"asthma_aux","3","Chain 8",NA
"age1","3","Chain 8",NA
"age2","3","Chain 8",NA
"age3","3","Chain 8",NA
"sex","3","Chain 8",NA
"race","3","Chain 8",NA
"education","3","Chain 8",1
"pir","3","Chain 8",1.23202225551037
"smoke","3","Chain 8",1.9622641509434
"cycle","3","Chain 8",NA
"stratum","3","Chain 8",NA
"psu","3","Chain 8",NA
"logweight","3","Chain 8",NA
"ra","4","Chain 8",NA
"asthma_aux","4","Chain 8",NA
"age1","4","Chain 8",NA
"age2","4","Chain 8",NA
"age3","4","Chain 8",NA
"sex","4","Chain 8",NA
"race","4","Chain 8",NA
"education","4","Chain 8",1.22093023255814
"pir","4","Chain 8",4.79841643483843
"smoke","4","Chain 8",1.77358490566038
"cycle","4","Chain 8",NA
"stratum","4","Chain 8",NA
"psu","4","Chain 8",NA
"logweight","4","Chain 8",NA
"ra","5","Chain 8",NA
"asthma_aux","5","Chain 8",NA
"age1","5","Chain 8",NA
"age2","5","Chain 8",NA
"age3","5","Chain 8",NA
"sex","5","Chain 8",NA
"race","5","Chain 8",NA
"education","5","Chain 8",1.88372093023256
"pir","5","Chain 8",0.783582281189821
"smoke","5","Chain 8",1
"cycle","5","Chain 8",NA
"stratum","5","Chain 8",NA
"psu","5","Chain 8",NA
"logweight","5","Chain 8",NA
"ra","6","Chain 8",NA
"asthma_aux","6","Chain 8",NA
"age1","6","Chain 8",NA
"age2","6","Chain 8",NA
"age3","6","Chain 8",NA
"sex","6","Chain 8",NA
"race","6","Chain 8",NA
"education","6","Chain 8",1.19767441860465
"pir","6","Chain 8",0.771468007703838
"smoke","6","Chain 8",1
"cycle","6","Chain 8",NA
"stratum","6","Chain 8",NA
"psu","6","Chain 8",NA
"logweight","6","Chain 8",NA
"ra","7","Chain 8",NA
"asthma_aux","7","Chain 8",NA
"age1","7","Chain 8",NA
"age2","7","Chain 8",NA
"age3","7","Chain 8",NA
"sex","7","Chain 8",NA
"race","7","Chain 8",NA
"education","7","Chain 8",1.12790697674419
"pir","7","Chain 8",4.75886154504601
"smoke","7","Chain 8",1
"cycle","7","Chain 8",NA
"stratum","7","Chain 8",NA
"psu","7","Chain 8",NA
"logweight","7","Chain 8",NA
"ra","8","Chain 8",NA
"asthma_aux","8","Chain 8",NA
"age1","8","Chain 8",NA
"age2","8","Chain 8",NA
"age3","8","Chain 8",NA
"sex","8","Chain 8",NA
"race","8","Chain 8",NA
"education","8","Chain 8",5
"pir","8","Chain 8",0.762090734003859
"smoke","8","Chain 8",1.92452830188679
"cycle","8","Chain 8",NA
"stratum","8","Chain 8",NA
"psu","8","Chain 8",NA
"logweight","8","Chain 8",NA
"ra","9","Chain 8",NA
"asthma_aux","9","Chain 8",NA
"age1","9","Chain 8",NA
"age2","9","Chain 8",NA
"age3","9","Chain 8",NA
"sex","9","Chain 8",NA
"race","9","Chain 8",NA
"education","9","Chain 8",1
"pir","9","Chain 8",4.7907126043227
"smoke","9","Chain 8",1.86792452830189
"cycle","9","Chain 8",NA
"stratum","9","Chain 8",NA
"psu","9","Chain 8",NA
"logweight","9","Chain 8",NA
"ra","10","Chain 8",NA
"asthma_aux","10","Chain 8",NA
"age1","10","Chain 8",NA
"age2","10","Chain 8",NA
"age3","10","Chain 8",NA
"sex","10","Chain 8",NA
"race","10","Chain 8",NA
"education","10","Chain 8",5
"pir","10","Chain 8",4.8026963406805
"smoke","10","Chain 8",1
"cycle","10","Chain 8",NA
"stratum","10","Chain 8",NA
"psu","10","Chain 8",NA
"logweight","10","Chain 8",NA
"ra","1","Chain 9",NA
"asthma_aux","1","Chain 9",NA
"age1","1","Chain 9",NA
"age2","1","Chain 9",NA
"age3","1","Chain 9",NA
"sex","1","Chain 9",NA
"race","1","Chain 9",NA
"education","1","Chain 9",4.1046511627907
"pir","1","Chain 9",1.96560453670018
"smoke","1","Chain 9",1
"cycle","1","Chain 9",NA
"stratum","1","Chain 9",NA
"psu","1","Chain 9",NA
"logweight","1","Chain 9",NA
"ra","2","Chain 9",NA
"asthma_aux","2","Chain 9",NA
"age1","2","Chain 9",NA
"age2","2","Chain 9",NA
"age3","2","Chain 9",NA
"sex","2","Chain 9",NA
"race","2","Chain 9",NA
"education","2","Chain 9",1
"pir","2","Chain 9",3.39318210999357
"smoke","2","Chain 9",1.79245283018868
"cycle","2","Chain 9",NA
"stratum","2","Chain 9",NA
"psu","2","Chain 9",NA
"logweight","2","Chain 9",NA
"ra","3","Chain 9",NA
"asthma_aux","3","Chain 9",NA
"age1","3","Chain 9",NA
"age2","3","Chain 9",NA
"age3","3","Chain 9",NA
"sex","3","Chain 9",NA
"race","3","Chain 9",NA
"education","3","Chain 9",1.22093023255814
"pir","3","Chain 9",0.770539268136109
"smoke","3","Chain 9",1.16981132075472
"cycle","3","Chain 9",NA
"stratum","3","Chain 9",NA
"psu","3","Chain 9",NA
"logweight","3","Chain 9",NA
"ra","4","Chain 9",NA
"asthma_aux","4","Chain 9",NA
"age1","4","Chain 9",NA
"age2","4","Chain 9",NA
"age3","4","Chain 9",NA
"sex","4","Chain 9",NA
"race","4","Chain 9",NA
"education","4","Chain 9",3.18604651162791
"pir","4","Chain 9",0.783398245238614
"smoke","4","Chain 9",2.24528301886792
"cycle","4","Chain 9",NA
"stratum","4","Chain 9",NA
"psu","4","Chain 9",NA
"logweight","4","Chain 9",NA
"ra","5","Chain 9",NA
"asthma_aux","5","Chain 9",NA
"age1","5","Chain 9",NA
"age2","5","Chain 9",NA
"age3","5","Chain 9",NA
"sex","5","Chain 9",NA
"race","5","Chain 9",NA
"education","5","Chain 9",1
"pir","5","Chain 9",0.773646479777455
"smoke","5","Chain 9",2.05660377358491
"cycle","5","Chain 9",NA
"stratum","5","Chain 9",NA
"psu","5","Chain 9",NA
"logweight","5","Chain 9",NA
"ra","6","Chain 9",NA
"asthma_aux","6","Chain 9",NA
"age1","6","Chain 9",NA
"age2","6","Chain 9",NA
"age3","6","Chain 9",NA
"sex","6","Chain 9",NA
"race","6","Chain 9",NA
"education","6","Chain 9",1
"pir","6","Chain 9",4.7967044725016
"smoke","6","Chain 9",1.58490566037736
"cycle","6","Chain 9",NA
"stratum","6","Chain 9",NA
"psu","6","Chain 9",NA
"logweight","6","Chain 9",NA
"ra","7","Chain 9",NA
"asthma_aux","7","Chain 9",NA
"age1","7","Chain 9",NA
"age2","7","Chain 9",NA
"age3","7","Chain 9",NA
"sex","7","Chain 9",NA
"race","7","Chain 9",NA
"education","7","Chain 9",1.93023255813953
"pir","7","Chain 9",4.7908238818746
"smoke","7","Chain 9",1.79245283018868
"cycle","7","Chain 9",NA
"stratum","7","Chain 9",NA
"psu","7","Chain 9",NA
"logweight","7","Chain 9",NA
"ra","8","Chain 9",NA
"asthma_aux","8","Chain 9",NA
"age1","8","Chain 9",NA
"age2","8","Chain 9",NA
"age3","8","Chain 9",NA
"sex","8","Chain 9",NA
"race","8","Chain 9",NA
"education","8","Chain 9",5
"pir","8","Chain 9",0.774697196661681
"smoke","8","Chain 9",1
"cycle","8","Chain 9",NA
"stratum","8","Chain 9",NA
"psu","8","Chain 9",NA
"logweight","8","Chain 9",NA
"ra","9","Chain 9",NA
"asthma_aux","9","Chain 9",NA
"age1","9","Chain 9",NA
"age2","9","Chain 9",NA
"age3","9","Chain 9",NA
"sex","9","Chain 9",NA
"race","9","Chain 9",NA
"education","9","Chain 9",1.22093023255814
"pir","9","Chain 9",4.80783222769099
"smoke","9","Chain 9",1
"cycle","9","Chain 9",NA
"stratum","9","Chain 9",NA
"psu","9","Chain 9",NA
"logweight","9","Chain 9",NA
"ra","10","Chain 9",NA
"asthma_aux","10","Chain 9",NA
"age1","10","Chain 9",NA
"age2","10","Chain 9",NA
"age3","10","Chain 9",NA
"sex","10","Chain 9",NA
"race","10","Chain 9",NA
"education","10","Chain 9",1.67441860465116
"pir","10","Chain 9",0.802304729295966
"smoke","10","Chain 9",1
"cycle","10","Chain 9",NA
"stratum","10","Chain 9",NA
"psu","10","Chain 9",NA
"logweight","10","Chain 9",NA
"ra","1","Chain 10",NA
"asthma_aux","1","Chain 10",NA
"age1","1","Chain 10",NA
"age2","1","Chain 10",NA
"age3","1","Chain 10",NA
"sex","1","Chain 10",NA
"race","1","Chain 10",NA
"education","1","Chain 10",1.76744186046512
"pir","1","Chain 10",4.79221057136743
"smoke","1","Chain 10",1
"cycle","1","Chain 10",NA
"stratum","1","Chain 10",NA
"psu","1","Chain 10",NA
"logweight","1","Chain 10",NA
"ra","2","Chain 10",NA
"asthma_aux","2","Chain 10",NA
"age1","2","Chain 10",NA
"age2","2","Chain 10",NA
"age3","2","Chain 10",NA
"sex","2","Chain 10",NA
"race","2","Chain 10",NA
"education","2","Chain 10",3.91860465116279
"pir","2","Chain 10",4.069593408945
"smoke","2","Chain 10",2
"cycle","2","Chain 10",NA
"stratum","2","Chain 10",NA
"psu","2","Chain 10",NA
"logweight","2","Chain 10",NA
"ra","3","Chain 10",NA
"asthma_aux","3","Chain 10",NA
"age1","3","Chain 10",NA
"age2","3","Chain 10",NA
"age3","3","Chain 10",NA
"sex","3","Chain 10",NA
"race","3","Chain 10",NA
"education","3","Chain 10",3.05813953488372
"pir","3","Chain 10",0.776368499893012
"smoke","3","Chain 10",2
"cycle","3","Chain 10",NA
"stratum","3","Chain 10",NA
"psu","3","Chain 10",NA
"logweight","3","Chain 10",NA
"ra","4","Chain 10",NA
"asthma_aux","4","Chain 10",NA
"age1","4","Chain 10",NA
"age2","4","Chain 10",NA
"age3","4","Chain 10",NA
"sex","4","Chain 10",NA
"race","4","Chain 10",NA
"education","4","Chain 10",2.03488372093023
"pir","4","Chain 10",0.770605606676662
"smoke","4","Chain 10",1
"cycle","4","Chain 10",NA
"stratum","4","Chain 10",NA
"psu","4","Chain 10",NA
"logweight","4","Chain 10",NA
"ra","5","Chain 10",NA
"asthma_aux","5","Chain 10",NA
"age1","5","Chain 10",NA
"age2","5","Chain 10",NA
"age3","5","Chain 10",NA
"sex","5","Chain 10",NA
"race","5","Chain 10",NA
"education","5","Chain 10",5
"pir","5","Chain 10",0.781082816178056
"smoke","5","Chain 10",1
"cycle","5","Chain 10",NA
"stratum","5","Chain 10",NA
"psu","5","Chain 10",NA
"logweight","5","Chain 10",NA
"ra","6","Chain 10",NA
"asthma_aux","6","Chain 10",NA
"age1","6","Chain 10",NA
"age2","6","Chain 10",NA
"age3","6","Chain 10",NA
"sex","6","Chain 10",NA
"race","6","Chain 10",NA
"education","6","Chain 10",5
"pir","6","Chain 10",4.72811684142949
"smoke","6","Chain 10",1.50943396226415
"cycle","6","Chain 10",NA
"stratum","6","Chain 10",NA
"psu","6","Chain 10",NA
"logweight","6","Chain 10",NA
"ra","7","Chain 10",NA
"asthma_aux","7","Chain 10",NA
"age1","7","Chain 10",NA
"age2","7","Chain 10",NA
"age3","7","Chain 10",NA
"sex","7","Chain 10",NA
"race","7","Chain 10",NA
"education","7","Chain 10",2.26744186046512
"pir","7","Chain 10",0.768628290177626
"smoke","7","Chain 10",1
"cycle","7","Chain 10",NA
"stratum","7","Chain 10",NA
"psu","7","Chain 10",NA
"logweight","7","Chain 10",NA
"ra","8","Chain 10",NA
"asthma_aux","8","Chain 10",NA
"age1","8","Chain 10",NA
"age2","8","Chain 10",NA
"age3","8","Chain 10",NA
"sex","8","Chain 10",NA
"race","8","Chain 10",NA
"education","8","Chain 10",5
"pir","8","Chain 10",0.77115985448321
"smoke","8","Chain 10",1
"cycle","8","Chain 10",NA
"stratum","8","Chain 10",NA
"psu","8","Chain 10",NA
"logweight","8","Chain 10",NA
"ra","9","Chain 10",NA
"asthma_aux","9","Chain 10",NA
"age1","9","Chain 10",NA
"age2","9","Chain 10",NA
"age3","9","Chain 10",NA
"sex","9","Chain 10",NA
"race","9","Chain 10",NA
"education","9","Chain 10",5
"pir","9","Chain 10",4.80184035951209
"smoke","9","Chain 10",1.83018867924528
"cycle","9","Chain 10",NA
"stratum","9","Chain 10",NA
"psu","9","Chain 10",NA
"logweight","9","Chain 10",NA
"ra","10","Chain 10",NA
"asthma_aux","10","Chain 10",NA
"age1","10","Chain 10",NA
"age2","10","Chain 10",NA
"age3","10","Chain 10",NA
"sex","10","Chain 10",NA
"race","10","Chain 10",NA
"education","10","Chain 10",5
"pir","10","Chain 10",4.26760325272844
"smoke","10","Chain 10",1.60377358490566
"cycle","10","Chain 10",NA
"stratum","10","Chain 10",NA
"psu","10","Chain 10",NA
"logweight","10","Chain 10",NA
"ra","1","Chain 11",NA
"asthma_aux","1","Chain 11",NA
"age1","1","Chain 11",NA
"age2","1","Chain 11",NA
"age3","1","Chain 11",NA
"sex","1","Chain 11",NA
"race","1","Chain 11",NA
"education","1","Chain 11",2.32558139534884
"pir","1","Chain 11",0.912296169484278
"smoke","1","Chain 11",2.15094339622642
"cycle","1","Chain 11",NA
"stratum","1","Chain 11",NA
"psu","1","Chain 11",NA
"logweight","1","Chain 11",NA
"ra","2","Chain 11",NA
"asthma_aux","2","Chain 11",NA
"age1","2","Chain 11",NA
"age2","2","Chain 11",NA
"age3","2","Chain 11",NA
"sex","2","Chain 11",NA
"race","2","Chain 11",NA
"education","2","Chain 11",1
"pir","2","Chain 11",4.79285255724374
"smoke","2","Chain 11",1.86792452830189
"cycle","2","Chain 11",NA
"stratum","2","Chain 11",NA
"psu","2","Chain 11",NA
"logweight","2","Chain 11",NA
"ra","3","Chain 11",NA
"asthma_aux","3","Chain 11",NA
"age1","3","Chain 11",NA
"age2","3","Chain 11",NA
"age3","3","Chain 11",NA
"sex","3","Chain 11",NA
"race","3","Chain 11",NA
"education","3","Chain 11",2.80232558139535
"pir","3","Chain 11",4.73784506740852
"smoke","3","Chain 11",1
"cycle","3","Chain 11",NA
"stratum","3","Chain 11",NA
"psu","3","Chain 11",NA
"logweight","3","Chain 11",NA
"ra","4","Chain 11",NA
"asthma_aux","4","Chain 11",NA
"age1","4","Chain 11",NA
"age2","4","Chain 11",NA
"age3","4","Chain 11",NA
"sex","4","Chain 11",NA
"race","4","Chain 11",NA
"education","4","Chain 11",5
"pir","4","Chain 11",0.772749839503541
"smoke","4","Chain 11",1
"cycle","4","Chain 11",NA
"stratum","4","Chain 11",NA
"psu","4","Chain 11",NA
"logweight","4","Chain 11",NA
"ra","5","Chain 11",NA
"asthma_aux","5","Chain 11",NA
"age1","5","Chain 11",NA
"age2","5","Chain 11",NA
"age3","5","Chain 11",NA
"sex","5","Chain 11",NA
"race","5","Chain 11",NA
"education","5","Chain 11",3.22093023255814
"pir","5","Chain 11",4.03092017975605
"smoke","5","Chain 11",1
"cycle","5","Chain 11",NA
"stratum","5","Chain 11",NA
"psu","5","Chain 11",NA
"logweight","5","Chain 11",NA
"ra","6","Chain 11",NA
"asthma_aux","6","Chain 11",NA
"age1","6","Chain 11",NA
"age2","6","Chain 11",NA
"age3","6","Chain 11",NA
"sex","6","Chain 11",NA
"race","6","Chain 11",NA
"education","6","Chain 11",4.65116279069767
"pir","6","Chain 11",4.8024823453884
"smoke","6","Chain 11",1.35849056603774
"cycle","6","Chain 11",NA
"stratum","6","Chain 11",NA
"psu","6","Chain 11",NA
"logweight","6","Chain 11",NA
"ra","7","Chain 11",NA
"asthma_aux","7","Chain 11",NA
"age1","7","Chain 11",NA
"age2","7","Chain 11",NA
"age3","7","Chain 11",NA
"sex","7","Chain 11",NA
"race","7","Chain 11",NA
"education","7","Chain 11",4.87209302325581
"pir","7","Chain 11",0.771322490905209
"smoke","7","Chain 11",1
"cycle","7","Chain 11",NA
"stratum","7","Chain 11",NA
"psu","7","Chain 11",NA
"logweight","7","Chain 11",NA
"ra","8","Chain 11",NA
"asthma_aux","8","Chain 11",NA
"age1","8","Chain 11",NA
"age2","8","Chain 11",NA
"age3","8","Chain 11",NA
"sex","8","Chain 11",NA
"race","8","Chain 11",NA
"education","8","Chain 11",1.18604651162791
"pir","8","Chain 11",4.79820243954633
"smoke","8","Chain 11",1.66037735849057
"cycle","8","Chain 11",NA
"stratum","8","Chain 11",NA
"psu","8","Chain 11",NA
"logweight","8","Chain 11",NA
"ra","9","Chain 11",NA
"asthma_aux","9","Chain 11",NA
"age1","9","Chain 11",NA
"age2","9","Chain 11",NA
"age3","9","Chain 11",NA
"sex","9","Chain 11",NA
"race","9","Chain 11",NA
"education","9","Chain 11",2.02325581395349
"pir","9","Chain 11",4.80462229830944
"smoke","9","Chain 11",1.81132075471698
"cycle","9","Chain 11",NA
"stratum","9","Chain 11",NA
"psu","9","Chain 11",NA
"logweight","9","Chain 11",NA
"ra","10","Chain 11",NA
"asthma_aux","10","Chain 11",NA
"age1","10","Chain 11",NA
"age2","10","Chain 11",NA
"age3","10","Chain 11",NA
"sex","10","Chain 11",NA
"race","10","Chain 11",NA
"education","10","Chain 11",2.04651162790698
"pir","10","Chain 11",0.785212925315653
"smoke","10","Chain 11",1.9622641509434
"cycle","10","Chain 11",NA
"stratum","10","Chain 11",NA
"psu","10","Chain 11",NA
"logweight","10","Chain 11",NA
"ra","1","Chain 12",NA
"asthma_aux","1","Chain 12",NA
"age1","1","Chain 12",NA
"age2","1","Chain 12",NA
"age3","1","Chain 12",NA
"sex","1","Chain 12",NA
"race","1","Chain 12",NA
"education","1","Chain 12",5
"pir","1","Chain 12",4.79713246308581
"smoke","1","Chain 12",1.62264150943396
"cycle","1","Chain 12",NA
"stratum","1","Chain 12",NA
"psu","1","Chain 12",NA
"logweight","1","Chain 12",NA
"ra","2","Chain 12",NA
"asthma_aux","2","Chain 12",NA
"age1","2","Chain 12",NA
"age2","2","Chain 12",NA
"age3","2","Chain 12",NA
"sex","2","Chain 12",NA
"race","2","Chain 12",NA
"education","2","Chain 12",5
"pir","2","Chain 12",0.756152364647988
"smoke","2","Chain 12",2.16981132075472
"cycle","2","Chain 12",NA
"stratum","2","Chain 12",NA
"psu","2","Chain 12",NA
"logweight","2","Chain 12",NA
"ra","3","Chain 12",NA
"asthma_aux","3","Chain 12",NA
"age1","3","Chain 12",NA
"age2","3","Chain 12",NA
"age3","3","Chain 12",NA
"sex","3","Chain 12",NA
"race","3","Chain 12",NA
"education","3","Chain 12",5
"pir","3","Chain 12",4.80483629360154
"smoke","3","Chain 12",1.90566037735849
"cycle","3","Chain 12",NA
"stratum","3","Chain 12",NA
"psu","3","Chain 12",NA
"logweight","3","Chain 12",NA
"ra","4","Chain 12",NA
"asthma_aux","4","Chain 12",NA
"age1","4","Chain 12",NA
"age2","4","Chain 12",NA
"age3","4","Chain 12",NA
"sex","4","Chain 12",NA
"race","4","Chain 12",NA
"education","4","Chain 12",2.1046511627907
"pir","4","Chain 12",4.79927241600685
"smoke","4","Chain 12",1
"cycle","4","Chain 12",NA
"stratum","4","Chain 12",NA
"psu","4","Chain 12",NA
"logweight","4","Chain 12",NA
"ra","5","Chain 12",NA
"asthma_aux","5","Chain 12",NA
"age1","5","Chain 12",NA
"age2","5","Chain 12",NA
"age3","5","Chain 12",NA
"sex","5","Chain 12",NA
"race","5","Chain 12",NA
"education","5","Chain 12",5
"pir","5","Chain 12",4.79563449604109
"smoke","5","Chain 12",1.73584905660377
"cycle","5","Chain 12",NA
"stratum","5","Chain 12",NA
"psu","5","Chain 12",NA
"logweight","5","Chain 12",NA
"ra","6","Chain 12",NA
"asthma_aux","6","Chain 12",NA
"age1","6","Chain 12",NA
"age2","6","Chain 12",NA
"age3","6","Chain 12",NA
"sex","6","Chain 12",NA
"race","6","Chain 12",NA
"education","6","Chain 12",2
"pir","6","Chain 12",4.80676225123047
"smoke","6","Chain 12",1.9811320754717
"cycle","6","Chain 12",NA
"stratum","6","Chain 12",NA
"psu","6","Chain 12",NA
"logweight","6","Chain 12",NA
"ra","7","Chain 12",NA
"asthma_aux","7","Chain 12",NA
"age1","7","Chain 12",NA
"age2","7","Chain 12",NA
"age3","7","Chain 12",NA
"sex","7","Chain 12",NA
"race","7","Chain 12",NA
"education","7","Chain 12",2.05813953488372
"pir","7","Chain 12",0.768679649047729
"smoke","7","Chain 12",2.07547169811321
"cycle","7","Chain 12",NA
"stratum","7","Chain 12",NA
"psu","7","Chain 12",NA
"logweight","7","Chain 12",NA
"ra","8","Chain 12",NA
"asthma_aux","8","Chain 12",NA
"age1","8","Chain 12",NA
"age2","8","Chain 12",NA
"age3","8","Chain 12",NA
"sex","8","Chain 12",NA
"race","8","Chain 12",NA
"education","8","Chain 12",5
"pir","8","Chain 12",4.79927241600685
"smoke","8","Chain 12",2.0377358490566
"cycle","8","Chain 12",NA
"stratum","8","Chain 12",NA
"psu","8","Chain 12",NA
"logweight","8","Chain 12",NA
"ra","9","Chain 12",NA
"asthma_aux","9","Chain 12",NA
"age1","9","Chain 12",NA
"age2","9","Chain 12",NA
"age3","9","Chain 12",NA
"sex","9","Chain 12",NA
"race","9","Chain 12",NA
"education","9","Chain 12",1.87209302325581
"pir","9","Chain 12",0.760898780226844
"smoke","9","Chain 12",1
"cycle","9","Chain 12",NA
"stratum","9","Chain 12",NA
"psu","9","Chain 12",NA
"logweight","9","Chain 12",NA
"ra","10","Chain 12",NA
"asthma_aux","10","Chain 12",NA
"age1","10","Chain 12",NA
"age2","10","Chain 12",NA
"age3","10","Chain 12",NA
"sex","10","Chain 12",NA
"race","10","Chain 12",NA
"education","10","Chain 12",5
"pir","10","Chain 12",4.03415364861972
"smoke","10","Chain 12",1.13207547169811
"cycle","10","Chain 12",NA
"stratum","10","Chain 12",NA
"psu","10","Chain 12",NA
"logweight","10","Chain 12",NA
"ra","1","Chain 13",NA
"asthma_aux","1","Chain 13",NA
"age1","1","Chain 13",NA
"age2","1","Chain 13",NA
"age3","1","Chain 13",NA
"sex","1","Chain 13",NA
"race","1","Chain 13",NA
"education","1","Chain 13",1.17441860465116
"pir","1","Chain 13",4.79007061844639
"smoke","1","Chain 13",1.83018867924528
"cycle","1","Chain 13",NA
"stratum","1","Chain 13",NA
"psu","1","Chain 13",NA
"logweight","1","Chain 13",NA
"ra","2","Chain 13",NA
"asthma_aux","2","Chain 13",NA
"age1","2","Chain 13",NA
"age2","2","Chain 13",NA
"age3","2","Chain 13",NA
"sex","2","Chain 13",NA
"race","2","Chain 13",NA
"education","2","Chain 13",5
"pir","2","Chain 13",4.79734645837792
"smoke","2","Chain 13",1.75471698113208
"cycle","2","Chain 13",NA
"stratum","2","Chain 13",NA
"psu","2","Chain 13",NA
"logweight","2","Chain 13",NA
"ra","3","Chain 13",NA
"asthma_aux","3","Chain 13",NA
"age1","3","Chain 13",NA
"age2","3","Chain 13",NA
"age3","3","Chain 13",NA
"sex","3","Chain 13",NA
"race","3","Chain 13",NA
"education","3","Chain 13",1.86046511627907
"pir","3","Chain 13",0.771226193023762
"smoke","3","Chain 13",1
"cycle","3","Chain 13",NA
"stratum","3","Chain 13",NA
"psu","3","Chain 13",NA
"logweight","3","Chain 13",NA
"ra","4","Chain 13",NA
"asthma_aux","4","Chain 13",NA
"age1","4","Chain 13",NA
"age2","4","Chain 13",NA
"age3","4","Chain 13",NA
"sex","4","Chain 13",NA
"race","4","Chain 13",NA
"education","4","Chain 13",1
"pir","4","Chain 13",0.769368713888305
"smoke","4","Chain 13",1.88679245283019
"cycle","4","Chain 13",NA
"stratum","4","Chain 13",NA
"psu","4","Chain 13",NA
"logweight","4","Chain 13",NA
"ra","5","Chain 13",NA
"asthma_aux","5","Chain 13",NA
"age1","5","Chain 13",NA
"age2","5","Chain 13",NA
"age3","5","Chain 13",NA
"sex","5","Chain 13",NA
"race","5","Chain 13",NA
"education","5","Chain 13",1
"pir","5","Chain 13",4.80184035951209
"smoke","5","Chain 13",1
"cycle","5","Chain 13",NA
"stratum","5","Chain 13",NA
"psu","5","Chain 13",NA
"logweight","5","Chain 13",NA
"ra","6","Chain 13",NA
"asthma_aux","6","Chain 13",NA
"age1","6","Chain 13",NA
"age2","6","Chain 13",NA
"age3","6","Chain 13",NA
"sex","6","Chain 13",NA
"race","6","Chain 13",NA
"education","6","Chain 13",4.96511627906977
"pir","6","Chain 13",0.769625508238829
"smoke","6","Chain 13",1
"cycle","6","Chain 13",NA
"stratum","6","Chain 13",NA
"psu","6","Chain 13",NA
"logweight","6","Chain 13",NA
"ra","7","Chain 13",NA
"asthma_aux","7","Chain 13",NA
"age1","7","Chain 13",NA
"age2","7","Chain 13",NA
"age3","7","Chain 13",NA
"sex","7","Chain 13",NA
"race","7","Chain 13",NA
"education","7","Chain 13",5
"pir","7","Chain 13",0.763445324202876
"smoke","7","Chain 13",2.07547169811321
"cycle","7","Chain 13",NA
"stratum","7","Chain 13",NA
"psu","7","Chain 13",NA
"logweight","7","Chain 13",NA
"ra","8","Chain 13",NA
"asthma_aux","8","Chain 13",NA
"age1","8","Chain 13",NA
"age2","8","Chain 13",NA
"age3","8","Chain 13",NA
"sex","8","Chain 13",NA
"race","8","Chain 13",NA
"education","8","Chain 13",5
"pir","8","Chain 13",4.80590627006206
"smoke","8","Chain 13",1.73584905660377
"cycle","8","Chain 13",NA
"stratum","8","Chain 13",NA
"psu","8","Chain 13",NA
"logweight","8","Chain 13",NA
"ra","9","Chain 13",NA
"asthma_aux","9","Chain 13",NA
"age1","9","Chain 13",NA
"age2","9","Chain 13",NA
"age3","9","Chain 13",NA
"sex","9","Chain 13",NA
"race","9","Chain 13",NA
"education","9","Chain 13",2.17441860465116
"pir","9","Chain 13",3.14251658463512
"smoke","9","Chain 13",1.84905660377358
"cycle","9","Chain 13",NA
"stratum","9","Chain 13",NA
"psu","9","Chain 13",NA
"logweight","9","Chain 13",NA
"ra","10","Chain 13",NA
"asthma_aux","10","Chain 13",NA
"age1","10","Chain 13",NA
"age2","10","Chain 13",NA
"age3","10","Chain 13",NA
"sex","10","Chain 13",NA
"race","10","Chain 13",NA
"education","10","Chain 13",1.22093023255814
"pir","10","Chain 13",2.43800984378338
"smoke","10","Chain 13",1
"cycle","10","Chain 13",NA
"stratum","10","Chain 13",NA
"psu","10","Chain 13",NA
"logweight","10","Chain 13",NA
"ra","1","Chain 14",NA
"asthma_aux","1","Chain 14",NA
"age1","1","Chain 14",NA
"age2","1","Chain 14",NA
"age3","1","Chain 14",NA
"sex","1","Chain 14",NA
"race","1","Chain 14",NA
"education","1","Chain 14",2.02325581395349
"pir","1","Chain 14",0.820680505028902
"smoke","1","Chain 14",1
"cycle","1","Chain 14",NA
"stratum","1","Chain 14",NA
"psu","1","Chain 14",NA
"logweight","1","Chain 14",NA
"ra","2","Chain 14",NA
"asthma_aux","2","Chain 14",NA
"age1","2","Chain 14",NA
"age2","2","Chain 14",NA
"age3","2","Chain 14",NA
"sex","2","Chain 14",NA
"race","2","Chain 14",NA
"education","2","Chain 14",1.17441860465116
"pir","2","Chain 14",0.760838861545057
"smoke","2","Chain 14",1.71698113207547
"cycle","2","Chain 14",NA
"stratum","2","Chain 14",NA
"psu","2","Chain 14",NA
"logweight","2","Chain 14",NA
"ra","3","Chain 14",NA
"asthma_aux","3","Chain 14",NA
"age1","3","Chain 14",NA
"age2","3","Chain 14",NA
"age3","3","Chain 14",NA
"sex","3","Chain 14",NA
"race","3","Chain 14",NA
"education","3","Chain 14",1
"pir","3","Chain 14",4.80228332976674
"smoke","3","Chain 14",1
"cycle","3","Chain 14",NA
"stratum","3","Chain 14",NA
"psu","3","Chain 14",NA
"logweight","3","Chain 14",NA
"ra","4","Chain 14",NA
"asthma_aux","4","Chain 14",NA
"age1","4","Chain 14",NA
"age2","4","Chain 14",NA
"age3","4","Chain 14",NA
"sex","4","Chain 14",NA
"race","4","Chain 14",NA
"education","4","Chain 14",1.80232558139535
"pir","4","Chain 14",0.758692488765256
"smoke","4","Chain 14",1
"cycle","4","Chain 14",NA
"stratum","4","Chain 14",NA
"psu","4","Chain 14",NA
"logweight","4","Chain 14",NA
"ra","5","Chain 14",NA
"asthma_aux","5","Chain 14",NA
"age1","5","Chain 14",NA
"age2","5","Chain 14",NA
"age3","5","Chain 14",NA
"sex","5","Chain 14",NA
"race","5","Chain 14",NA
"education","5","Chain 14",1.22093023255814
"pir","5","Chain 14",4.77322918895784
"smoke","5","Chain 14",1
"cycle","5","Chain 14",NA
"stratum","5","Chain 14",NA
"psu","5","Chain 14",NA
"logweight","5","Chain 14",NA
"ra","6","Chain 14",NA
"asthma_aux","6","Chain 14",NA
"age1","6","Chain 14",NA
"age2","6","Chain 14",NA
"age3","6","Chain 14",NA
"sex","6","Chain 14",NA
"race","6","Chain 14",NA
"education","6","Chain 14",1.94186046511628
"pir","6","Chain 14",0.766145944789221
"smoke","6","Chain 14",1
"cycle","6","Chain 14",NA
"stratum","6","Chain 14",NA
"psu","6","Chain 14",NA
"logweight","6","Chain 14",NA
"ra","7","Chain 14",NA
"asthma_aux","7","Chain 14",NA
"age1","7","Chain 14",NA
"age2","7","Chain 14",NA
"age3","7","Chain 14",NA
"sex","7","Chain 14",NA
"race","7","Chain 14",NA
"education","7","Chain 14",3.97674418604651
"pir","7","Chain 14",0.770967258720318
"smoke","7","Chain 14",1
"cycle","7","Chain 14",NA
"stratum","7","Chain 14",NA
"psu","7","Chain 14",NA
"logweight","7","Chain 14",NA
"ra","8","Chain 14",NA
"asthma_aux","8","Chain 14",NA
"age1","8","Chain 14",NA
"age2","8","Chain 14",NA
"age3","8","Chain 14",NA
"sex","8","Chain 14",NA
"race","8","Chain 14",NA
"education","8","Chain 14",4.96511627906977
"pir","8","Chain 14",4.79734645837792
"smoke","8","Chain 14",1.86792452830189
"cycle","8","Chain 14",NA
"stratum","8","Chain 14",NA
"psu","8","Chain 14",NA
"logweight","8","Chain 14",NA
"ra","9","Chain 14",NA
"asthma_aux","9","Chain 14",NA
"age1","9","Chain 14",NA
"age2","9","Chain 14",NA
"age3","9","Chain 14",NA
"sex","9","Chain 14",NA
"race","9","Chain 14",NA
"education","9","Chain 14",1.96511627906977
"pir","9","Chain 14",0.830836721592131
"smoke","9","Chain 14",1
"cycle","9","Chain 14",NA
"stratum","9","Chain 14",NA
"psu","9","Chain 14",NA
"logweight","9","Chain 14",NA
"ra","10","Chain 14",NA
"asthma_aux","10","Chain 14",NA
"age1","10","Chain 14",NA
"age2","10","Chain 14",NA
"age3","10","Chain 14",NA
"sex","10","Chain 14",NA
"race","10","Chain 14",NA
"education","10","Chain 14",5
"pir","10","Chain 14",0.770055638775954
"smoke","10","Chain 14",1.92452830188679
"cycle","10","Chain 14",NA
"stratum","10","Chain 14",NA
"psu","10","Chain 14",NA
"logweight","10","Chain 14",NA
"ra","1","Chain 15",NA
"asthma_aux","1","Chain 15",NA
"age1","1","Chain 15",NA
"age2","1","Chain 15",NA
"age3","1","Chain 15",NA
"sex","1","Chain 15",NA
"race","1","Chain 15",NA
"education","1","Chain 15",1.26744186046512
"pir","1","Chain 15",0.761870318852994
"smoke","1","Chain 15",1
"cycle","1","Chain 15",NA
"stratum","1","Chain 15",NA
"psu","1","Chain 15",NA
"logweight","1","Chain 15",NA
"ra","2","Chain 15",NA
"asthma_aux","2","Chain 15",NA
"age1","2","Chain 15",NA
"age2","2","Chain 15",NA
"age3","2","Chain 15",NA
"sex","2","Chain 15",NA
"race","2","Chain 15",NA
"education","2","Chain 15",5
"pir","2","Chain 15",4.81211213353306
"smoke","2","Chain 15",1.77358490566038
"cycle","2","Chain 15",NA
"stratum","2","Chain 15",NA
"psu","2","Chain 15",NA
"logweight","2","Chain 15",NA
"ra","3","Chain 15",NA
"asthma_aux","3","Chain 15",NA
"age1","3","Chain 15",NA
"age2","3","Chain 15",NA
"age3","3","Chain 15",NA
"sex","3","Chain 15",NA
"race","3","Chain 15",NA
"education","3","Chain 15",5
"pir","3","Chain 15",4.80205435480419
"smoke","3","Chain 15",1.77358490566038
"cycle","3","Chain 15",NA
"stratum","3","Chain 15",NA
"psu","3","Chain 15",NA
"logweight","3","Chain 15",NA
"ra","4","Chain 15",NA
"asthma_aux","4","Chain 15",NA
"age1","4","Chain 15",NA
"age2","4","Chain 15",NA
"age3","4","Chain 15",NA
"sex","4","Chain 15",NA
"race","4","Chain 15",NA
"education","4","Chain 15",1.86046511627907
"pir","4","Chain 15",0.766276481917407
"smoke","4","Chain 15",2.32075471698113
"cycle","4","Chain 15",NA
"stratum","4","Chain 15",NA
"psu","4","Chain 15",NA
"logweight","4","Chain 15",NA
"ra","5","Chain 15",NA
"asthma_aux","5","Chain 15",NA
"age1","5","Chain 15",NA
"age2","5","Chain 15",NA
"age3","5","Chain 15",NA
"sex","5","Chain 15",NA
"race","5","Chain 15",NA
"education","5","Chain 15",1.25581395348837
"pir","5","Chain 15",4.79606248662529
"smoke","5","Chain 15",1
"cycle","5","Chain 15",NA
"stratum","5","Chain 15",NA
"psu","5","Chain 15",NA
"logweight","5","Chain 15",NA
"ra","6","Chain 15",NA
"asthma_aux","6","Chain 15",NA
"age1","6","Chain 15",NA
"age2","6","Chain 15",NA
"age3","6","Chain 15",NA
"sex","6","Chain 15",NA
"race","6","Chain 15",NA
"education","6","Chain 15",2.05813953488372
"pir","6","Chain 15",2.56523004493895
"smoke","6","Chain 15",1.90566037735849
"cycle","6","Chain 15",NA
"stratum","6","Chain 15",NA
"psu","6","Chain 15",NA
"logweight","6","Chain 15",NA
"ra","7","Chain 15",NA
"asthma_aux","7","Chain 15",NA
"age1","7","Chain 15",NA
"age2","7","Chain 15",NA
"age3","7","Chain 15",NA
"sex","7","Chain 15",NA
"race","7","Chain 15",NA
"education","7","Chain 15",5
"pir","7","Chain 15",4.78835865610957
"smoke","7","Chain 15",1.58490566037736
"cycle","7","Chain 15",NA
"stratum","7","Chain 15",NA
"psu","7","Chain 15",NA
"logweight","7","Chain 15",NA
"ra","8","Chain 15",NA
"asthma_aux","8","Chain 15",NA
"age1","8","Chain 15",NA
"age2","8","Chain 15",NA
"age3","8","Chain 15",NA
"sex","8","Chain 15",NA
"race","8","Chain 15",NA
"education","8","Chain 15",1.82558139534884
"pir","8","Chain 15",0.766571795420509
"smoke","8","Chain 15",1
"cycle","8","Chain 15",NA
"stratum","8","Chain 15",NA
"psu","8","Chain 15",NA
"logweight","8","Chain 15",NA
"ra","9","Chain 15",NA
"asthma_aux","9","Chain 15",NA
"age1","9","Chain 15",NA
"age2","9","Chain 15",NA
"age3","9","Chain 15",NA
"sex","9","Chain 15",NA
"race","9","Chain 15",NA
"education","9","Chain 15",1
"pir","9","Chain 15",0.770068478493485
"smoke","9","Chain 15",1.9622641509434
"cycle","9","Chain 15",NA
"stratum","9","Chain 15",NA
"psu","9","Chain 15",NA
"logweight","9","Chain 15",NA
"ra","10","Chain 15",NA
"asthma_aux","10","Chain 15",NA
"age1","10","Chain 15",NA
"age2","10","Chain 15",NA
"age3","10","Chain 15",NA
"sex","10","Chain 15",NA
"race","10","Chain 15",NA
"education","10","Chain 15",1
"pir","10","Chain 15",4.6413224909052
"smoke","10","Chain 15",1
"cycle","10","Chain 15",NA
"stratum","10","Chain 15",NA
"psu","10","Chain 15",NA
"logweight","10","Chain 15",NA
"ra","1","Chain 16",NA
"asthma_aux","1","Chain 16",NA
"age1","1","Chain 16",NA
"age2","1","Chain 16",NA
"age3","1","Chain 16",NA
"sex","1","Chain 16",NA
"race","1","Chain 16",NA
"education","1","Chain 16",1.17441860465116
"pir","1","Chain 16",2.86637919965756
"smoke","1","Chain 16",1.94339622641509
"cycle","1","Chain 16",NA
"stratum","1","Chain 16",NA
"psu","1","Chain 16",NA
"logweight","1","Chain 16",NA
"ra","2","Chain 16",NA
"asthma_aux","2","Chain 16",NA
"age1","2","Chain 16",NA
"age2","2","Chain 16",NA
"age3","2","Chain 16",NA
"sex","2","Chain 16",NA
"race","2","Chain 16",NA
"education","2","Chain 16",4.55813953488372
"pir","2","Chain 16",0.77252300449391
"smoke","2","Chain 16",1
"cycle","2","Chain 16",NA
"stratum","2","Chain 16",NA
"psu","2","Chain 16",NA
"logweight","2","Chain 16",NA
"ra","3","Chain 16",NA
"asthma_aux","3","Chain 16",NA
"age1","3","Chain 16",NA
"age2","3","Chain 16",NA
"age3","3","Chain 16",NA
"sex","3","Chain 16",NA
"race","3","Chain 16",NA
"education","3","Chain 16",2.51162790697674
"pir","3","Chain 16",4.79156858549112
"smoke","3","Chain 16",1
"cycle","3","Chain 16",NA
"stratum","3","Chain 16",NA
"psu","3","Chain 16",NA
"logweight","3","Chain 16",NA
"ra","4","Chain 16",NA
"asthma_aux","4","Chain 16",NA
"age1","4","Chain 16",NA
"age2","4","Chain 16",NA
"age3","4","Chain 16",NA
"sex","4","Chain 16",NA
"race","4","Chain 16",NA
"education","4","Chain 16",2.06976744186047
"pir","4","Chain 16",4.80012839717526
"smoke","4","Chain 16",1
"cycle","4","Chain 16",NA
"stratum","4","Chain 16",NA
"psu","4","Chain 16",NA
"logweight","4","Chain 16",NA
"ra","5","Chain 16",NA
"asthma_aux","5","Chain 16",NA
"age1","5","Chain 16",NA
"age2","5","Chain 16",NA
"age3","5","Chain 16",NA
"sex","5","Chain 16",NA
"race","5","Chain 16",NA
"education","5","Chain 16",2.17441860465116
"pir","5","Chain 16",0.774027391397399
"smoke","5","Chain 16",1
"cycle","5","Chain 16",NA
"stratum","5","Chain 16",NA
"psu","5","Chain 16",NA
"logweight","5","Chain 16",NA
"ra","6","Chain 16",NA
"asthma_aux","6","Chain 16",NA
"age1","6","Chain 16",NA
"age2","6","Chain 16",NA
"age3","6","Chain 16",NA
"sex","6","Chain 16",NA
"race","6","Chain 16",NA
"education","6","Chain 16",1
"pir","6","Chain 16",1.39720094157928
"smoke","6","Chain 16",1.94339622641509
"cycle","6","Chain 16",NA
"stratum","6","Chain 16",NA
"psu","6","Chain 16",NA
"logweight","6","Chain 16",NA
"ra","7","Chain 16",NA
"asthma_aux","7","Chain 16",NA
"age1","7","Chain 16",NA
"age2","7","Chain 16",NA
"age3","7","Chain 16",NA
"sex","7","Chain 16",NA
"race","7","Chain 16",NA
"education","7","Chain 16",1
"pir","7","Chain 16",0.849937941365299
"smoke","7","Chain 16",2.09433962264151
"cycle","7","Chain 16",NA
"stratum","7","Chain 16",NA
"psu","7","Chain 16",NA
"logweight","7","Chain 16",NA
"ra","8","Chain 16",NA
"asthma_aux","8","Chain 16",NA
"age1","8","Chain 16",NA
"age2","8","Chain 16",NA
"age3","8","Chain 16",NA
"sex","8","Chain 16",NA
"race","8","Chain 16",NA
"education","8","Chain 16",1.63953488372093
"pir","8","Chain 16",4.7962764819174
"smoke","8","Chain 16",1.71698113207547
"cycle","8","Chain 16",NA
"stratum","8","Chain 16",NA
"psu","8","Chain 16",NA
"logweight","8","Chain 16",NA
"ra","9","Chain 16",NA
"asthma_aux","9","Chain 16",NA
"age1","9","Chain 16",NA
"age2","9","Chain 16",NA
"age3","9","Chain 16",NA
"sex","9","Chain 16",NA
"race","9","Chain 16",NA
"education","9","Chain 16",2.32558139534884
"pir","9","Chain 16",4.76886796490477
"smoke","9","Chain 16",1
"cycle","9","Chain 16",NA
"stratum","9","Chain 16",NA
"psu","9","Chain 16",NA
"logweight","9","Chain 16",NA
"ra","10","Chain 16",NA
"asthma_aux","10","Chain 16",NA
"age1","10","Chain 16",NA
"age2","10","Chain 16",NA
"age3","10","Chain 16",NA
"sex","10","Chain 16",NA
"race","10","Chain 16",NA
"education","10","Chain 16",2.01162790697674
"pir","10","Chain 16",0.77423710678366
"smoke","10","Chain 16",1.94339622641509
"cycle","10","Chain 16",NA
"stratum","10","Chain 16",NA
"psu","10","Chain 16",NA
"logweight","10","Chain 16",NA
"ra","1","Chain 17",NA
"asthma_aux","1","Chain 17",NA
"age1","1","Chain 17",NA
"age2","1","Chain 17",NA
"age3","1","Chain 17",NA
"sex","1","Chain 17",NA
"race","1","Chain 17",NA
"education","1","Chain 17",1.2093023255814
"pir","1","Chain 17",0.767412796918477
"smoke","1","Chain 17",2.11320754716981
"cycle","1","Chain 17",NA
"stratum","1","Chain 17",NA
"psu","1","Chain 17",NA
"logweight","1","Chain 17",NA
"ra","2","Chain 17",NA
"asthma_aux","2","Chain 17",NA
"age1","2","Chain 17",NA
"age2","2","Chain 17",NA
"age3","2","Chain 17",NA
"sex","2","Chain 17",NA
"race","2","Chain 17",NA
"education","2","Chain 17",5
"pir","2","Chain 17",4.7957372137813
"smoke","2","Chain 17",1
"cycle","2","Chain 17",NA
"stratum","2","Chain 17",NA
"psu","2","Chain 17",NA
"logweight","2","Chain 17",NA
"ra","3","Chain 17",NA
"asthma_aux","3","Chain 17",NA
"age1","3","Chain 17",NA
"age2","3","Chain 17",NA
"age3","3","Chain 17",NA
"sex","3","Chain 17",NA
"race","3","Chain 17",NA
"education","3","Chain 17",5
"pir","3","Chain 17",0.773381125615245
"smoke","3","Chain 17",1
"cycle","3","Chain 17",NA
"stratum","3","Chain 17",NA
"psu","3","Chain 17",NA
"logweight","3","Chain 17",NA
"ra","4","Chain 17",NA
"asthma_aux","4","Chain 17",NA
"age1","4","Chain 17",NA
"age2","4","Chain 17",NA
"age3","4","Chain 17",NA
"sex","4","Chain 17",NA
"race","4","Chain 17",NA
"education","4","Chain 17",2.81395348837209
"pir","4","Chain 17",0.773627220201166
"smoke","4","Chain 17",1
"cycle","4","Chain 17",NA
"stratum","4","Chain 17",NA
"psu","4","Chain 17",NA
"logweight","4","Chain 17",NA
"ra","5","Chain 17",NA
"asthma_aux","5","Chain 17",NA
"age1","5","Chain 17",NA
"age2","5","Chain 17",NA
"age3","5","Chain 17",NA
"sex","5","Chain 17",NA
"race","5","Chain 17",NA
"education","5","Chain 17",5
"pir","5","Chain 17",4.80291033597261
"smoke","5","Chain 17",1.9622641509434
"cycle","5","Chain 17",NA
"stratum","5","Chain 17",NA
"psu","5","Chain 17",NA
"logweight","5","Chain 17",NA
"ra","6","Chain 17",NA
"asthma_aux","6","Chain 17",NA
"age1","6","Chain 17",NA
"age2","6","Chain 17",NA
"age3","6","Chain 17",NA
"sex","6","Chain 17",NA
"race","6","Chain 17",NA
"education","6","Chain 17",1.84883720930233
"pir","6","Chain 17",0.771399529210367
"smoke","6","Chain 17",1
"cycle","6","Chain 17",NA
"stratum","6","Chain 17",NA
"psu","6","Chain 17",NA
"logweight","6","Chain 17",NA
"ra","7","Chain 17",NA
"asthma_aux","7","Chain 17",NA
"age1","7","Chain 17",NA
"age2","7","Chain 17",NA
"age3","7","Chain 17",NA
"sex","7","Chain 17",NA
"race","7","Chain 17",NA
"education","7","Chain 17",4.82558139534884
"pir","7","Chain 17",0.778735287823676
"smoke","7","Chain 17",2.0188679245283
"cycle","7","Chain 17",NA
"stratum","7","Chain 17",NA
"psu","7","Chain 17",NA
"logweight","7","Chain 17",NA
"ra","8","Chain 17",NA
"asthma_aux","8","Chain 17",NA
"age1","8","Chain 17",NA
"age2","8","Chain 17",NA
"age3","8","Chain 17",NA
"sex","8","Chain 17",NA
"race","8","Chain 17",NA
"education","8","Chain 17",1
"pir","8","Chain 17",0.772219131179124
"smoke","8","Chain 17",1
"cycle","8","Chain 17",NA
"stratum","8","Chain 17",NA
"psu","8","Chain 17",NA
"logweight","8","Chain 17",NA
"ra","9","Chain 17",NA
"asthma_aux","9","Chain 17",NA
"age1","9","Chain 17",NA
"age2","9","Chain 17",NA
"age3","9","Chain 17",NA
"sex","9","Chain 17",NA
"race","9","Chain 17",NA
"education","9","Chain 17",5
"pir","9","Chain 17",4.79285255724374
"smoke","9","Chain 17",1.73584905660377
"cycle","9","Chain 17",NA
"stratum","9","Chain 17",NA
"psu","9","Chain 17",NA
"logweight","9","Chain 17",NA
"ra","10","Chain 17",NA
"asthma_aux","10","Chain 17",NA
"age1","10","Chain 17",NA
"age2","10","Chain 17",NA
"age3","10","Chain 17",NA
"sex","10","Chain 17",NA
"race","10","Chain 17",NA
"education","10","Chain 17",2.16279069767442
"pir","10","Chain 17",0.777725230044948
"smoke","10","Chain 17",1
"cycle","10","Chain 17",NA
"stratum","10","Chain 17",NA
"psu","10","Chain 17",NA
"logweight","10","Chain 17",NA
"ra","1","Chain 18",NA
"asthma_aux","1","Chain 18",NA
"age1","1","Chain 18",NA
"age2","1","Chain 18",NA
"age3","1","Chain 18",NA
"sex","1","Chain 18",NA
"race","1","Chain 18",NA
"education","1","Chain 18",1
"pir","1","Chain 18",4.80205435480419
"smoke","1","Chain 18",1
"cycle","1","Chain 18",NA
"stratum","1","Chain 18",NA
"psu","1","Chain 18",NA
"logweight","1","Chain 18",NA
"ra","2","Chain 18",NA
"asthma_aux","2","Chain 18",NA
"age1","2","Chain 18",NA
"age2","2","Chain 18",NA
"age3","2","Chain 18",NA
"sex","2","Chain 18",NA
"race","2","Chain 18",NA
"education","2","Chain 18",1.88372093023256
"pir","2","Chain 18",4.71526856409159
"smoke","2","Chain 18",1.79245283018868
"cycle","2","Chain 18",NA
"stratum","2","Chain 18",NA
"psu","2","Chain 18",NA
"logweight","2","Chain 18",NA
"ra","3","Chain 18",NA
"asthma_aux","3","Chain 18",NA
"age1","3","Chain 18",NA
"age2","3","Chain 18",NA
"age3","3","Chain 18",NA
"sex","3","Chain 18",NA
"race","3","Chain 18",NA
"education","3","Chain 18",2.13953488372093
"pir","3","Chain 18",0.776787930665536
"smoke","3","Chain 18",1.9622641509434
"cycle","3","Chain 18",NA
"stratum","3","Chain 18",NA
"psu","3","Chain 18",NA
"logweight","3","Chain 18",NA
"ra","4","Chain 18",NA
"asthma_aux","4","Chain 18",NA
"age1","4","Chain 18",NA
"age2","4","Chain 18",NA
"age3","4","Chain 18",NA
"sex","4","Chain 18",NA
"race","4","Chain 18",NA
"education","4","Chain 18",5
"pir","4","Chain 18",0.778125401241181
"smoke","4","Chain 18",1
"cycle","4","Chain 18",NA
"stratum","4","Chain 18",NA
"psu","4","Chain 18",NA
"logweight","4","Chain 18",NA
"ra","5","Chain 18",NA
"asthma_aux","5","Chain 18",NA
"age1","5","Chain 18",NA
"age2","5","Chain 18",NA
"age3","5","Chain 18",NA
"sex","5","Chain 18",NA
"race","5","Chain 18",NA
"education","5","Chain 18",1
"pir","5","Chain 18",4.79991440188316
"smoke","5","Chain 18",1.79245283018868
"cycle","5","Chain 18",NA
"stratum","5","Chain 18",NA
"psu","5","Chain 18",NA
"logweight","5","Chain 18",NA
"ra","6","Chain 18",NA
"asthma_aux","6","Chain 18",NA
"age1","6","Chain 18",NA
"age2","6","Chain 18",NA
"age3","6","Chain 18",NA
"sex","6","Chain 18",NA
"race","6","Chain 18",NA
"education","6","Chain 18",2.31395348837209
"pir","6","Chain 18",4.79563449604109
"smoke","6","Chain 18",1.81132075471698
"cycle","6","Chain 18",NA
"stratum","6","Chain 18",NA
"psu","6","Chain 18",NA
"logweight","6","Chain 18",NA
"ra","7","Chain 18",NA
"asthma_aux","7","Chain 18",NA
"age1","7","Chain 18",NA
"age2","7","Chain 18",NA
"age3","7","Chain 18",NA
"sex","7","Chain 18",NA
"race","7","Chain 18",NA
"education","7","Chain 18",2.86046511627907
"pir","7","Chain 18",0.778181040017127
"smoke","7","Chain 18",1
"cycle","7","Chain 18",NA
"stratum","7","Chain 18",NA
"psu","7","Chain 18",NA
"logweight","7","Chain 18",NA
"ra","8","Chain 18",NA
"asthma_aux","8","Chain 18",NA
"age1","8","Chain 18",NA
"age2","8","Chain 18",NA
"age3","8","Chain 18",NA
"sex","8","Chain 18",NA
"race","8","Chain 18",NA
"education","8","Chain 18",5
"pir","8","Chain 18",4.79477851487267
"smoke","8","Chain 18",1
"cycle","8","Chain 18",NA
"stratum","8","Chain 18",NA
"psu","8","Chain 18",NA
"logweight","8","Chain 18",NA
"ra","9","Chain 18",NA
"asthma_aux","9","Chain 18",NA
"age1","9","Chain 18",NA
"age2","9","Chain 18",NA
"age3","9","Chain 18",NA
"sex","9","Chain 18",NA
"race","9","Chain 18",NA
"education","9","Chain 18",2.03488372093023
"pir","9","Chain 18",4.79734645837792
"smoke","9","Chain 18",1.79245283018868
"cycle","9","Chain 18",NA
"stratum","9","Chain 18",NA
"psu","9","Chain 18",NA
"logweight","9","Chain 18",NA
"ra","10","Chain 18",NA
"asthma_aux","10","Chain 18",NA
"age1","10","Chain 18",NA
"age2","10","Chain 18",NA
"age3","10","Chain 18",NA
"sex","10","Chain 18",NA
"race","10","Chain 18",NA
"education","10","Chain 18",2.11627906976744
"pir","10","Chain 18",4.80483629360154
"smoke","10","Chain 18",1.73584905660377
"cycle","10","Chain 18",NA
"stratum","10","Chain 18",NA
"psu","10","Chain 18",NA
"logweight","10","Chain 18",NA
"ra","1","Chain 19",NA
"asthma_aux","1","Chain 19",NA
"age1","1","Chain 19",NA
"age2","1","Chain 19",NA
"age3","1","Chain 19",NA
"sex","1","Chain 19",NA
"race","1","Chain 19",NA
"education","1","Chain 19",5
"pir","1","Chain 19",1.8549668307297
"smoke","1","Chain 19",1
"cycle","1","Chain 19",NA
"stratum","1","Chain 19",NA
"psu","1","Chain 19",NA
"logweight","1","Chain 19",NA
"ra","2","Chain 19",NA
"asthma_aux","2","Chain 19",NA
"age1","2","Chain 19",NA
"age2","2","Chain 19",NA
"age3","2","Chain 19",NA
"sex","2","Chain 19",NA
"race","2","Chain 19",NA
"education","2","Chain 19",1.27906976744186
"pir","2","Chain 19",0.779111919537779
"smoke","2","Chain 19",1
"cycle","2","Chain 19",NA
"stratum","2","Chain 19",NA
"psu","2","Chain 19",NA
"logweight","2","Chain 19",NA
"ra","3","Chain 19",NA
"asthma_aux","3","Chain 19",NA
"age1","3","Chain 19",NA
"age2","3","Chain 19",NA
"age3","3","Chain 19",NA
"sex","3","Chain 19",NA
"race","3","Chain 19",NA
"education","3","Chain 19",5
"pir","3","Chain 19",0.769509950781093
"smoke","3","Chain 19",1
"cycle","3","Chain 19",NA
"stratum","3","Chain 19",NA
"psu","3","Chain 19",NA
"logweight","3","Chain 19",NA
"ra","4","Chain 19",NA
"asthma_aux","4","Chain 19",NA
"age1","4","Chain 19",NA
"age2","4","Chain 19",NA
"age3","4","Chain 19",NA
"sex","4","Chain 19",NA
"race","4","Chain 19",NA
"education","4","Chain 19",1
"pir","4","Chain 19",0.778114701476577
"smoke","4","Chain 19",1.90566037735849
"cycle","4","Chain 19",NA
"stratum","4","Chain 19",NA
"psu","4","Chain 19",NA
"logweight","4","Chain 19",NA
"ra","5","Chain 19",NA
"asthma_aux","5","Chain 19",NA
"age1","5","Chain 19",NA
"age2","5","Chain 19",NA
"age3","5","Chain 19",NA
"sex","5","Chain 19",NA
"race","5","Chain 19",NA
"education","5","Chain 19",5
"pir","5","Chain 19",0.766205863471013
"smoke","5","Chain 19",1
"cycle","5","Chain 19",NA
"stratum","5","Chain 19",NA
"psu","5","Chain 19",NA
"logweight","5","Chain 19",NA
"ra","6","Chain 19",NA
"asthma_aux","6","Chain 19",NA
"age1","6","Chain 19",NA
"age2","6","Chain 19",NA
"age3","6","Chain 19",NA
"sex","6","Chain 19",NA
"race","6","Chain 19",NA
"education","6","Chain 19",1
"pir","6","Chain 19",0.765046008987812
"smoke","6","Chain 19",1.94339622641509
"cycle","6","Chain 19",NA
"stratum","6","Chain 19",NA
"psu","6","Chain 19",NA
"logweight","6","Chain 19",NA
"ra","7","Chain 19",NA
"asthma_aux","7","Chain 19",NA
"age1","7","Chain 19",NA
"age2","7","Chain 19",NA
"age3","7","Chain 19",NA
"sex","7","Chain 19",NA
"race","7","Chain 19",NA
"education","7","Chain 19",1.22093023255814
"pir","7","Chain 19",3.94246094585919
"smoke","7","Chain 19",2.24528301886792
"cycle","7","Chain 19",NA
"stratum","7","Chain 19",NA
"psu","7","Chain 19",NA
"logweight","7","Chain 19",NA
"ra","8","Chain 19",NA
"asthma_aux","8","Chain 19",NA
"age1","8","Chain 19",NA
"age2","8","Chain 19",NA
"age3","8","Chain 19",NA
"sex","8","Chain 19",NA
"race","8","Chain 19",NA
"education","8","Chain 19",1.23255813953488
"pir","8","Chain 19",4.79392253370426
"smoke","8","Chain 19",1
"cycle","8","Chain 19",NA
"stratum","8","Chain 19",NA
"psu","8","Chain 19",NA
"logweight","8","Chain 19",NA
"ra","9","Chain 19",NA
"asthma_aux","9","Chain 19",NA
"age1","9","Chain 19",NA
"age2","9","Chain 19",NA
"age3","9","Chain 19",NA
"sex","9","Chain 19",NA
"race","9","Chain 19",NA
"education","9","Chain 19",2.15116279069767
"pir","9","Chain 19",4.79435052428847
"smoke","9","Chain 19",1.88679245283019
"cycle","9","Chain 19",NA
"stratum","9","Chain 19",NA
"psu","9","Chain 19",NA
"logweight","9","Chain 19",NA
"ra","10","Chain 19",NA
"asthma_aux","10","Chain 19",NA
"age1","10","Chain 19",NA
"age2","10","Chain 19",NA
"age3","10","Chain 19",NA
"sex","10","Chain 19",NA
"race","10","Chain 19",NA
"education","10","Chain 19",5
"pir","10","Chain 19",0.779576289321645
"smoke","10","Chain 19",1
"cycle","10","Chain 19",NA
"stratum","10","Chain 19",NA
"psu","10","Chain 19",NA
"logweight","10","Chain 19",NA
"ra","1","Chain 20",NA
"asthma_aux","1","Chain 20",NA
"age1","1","Chain 20",NA
"age2","1","Chain 20",NA
"age3","1","Chain 20",NA
"sex","1","Chain 20",NA
"race","1","Chain 20",NA
"education","1","Chain 20",1
"pir","1","Chain 20",0.774596618874392
"smoke","1","Chain 20",2.07547169811321
"cycle","1","Chain 20",NA
"stratum","1","Chain 20",NA
"psu","1","Chain 20",NA
"logweight","1","Chain 20",NA
"ra","2","Chain 20",NA
"asthma_aux","2","Chain 20",NA
"age1","2","Chain 20",NA
"age2","2","Chain 20",NA
"age3","2","Chain 20",NA
"sex","2","Chain 20",NA
"race","2","Chain 20",NA
"education","2","Chain 20",3.40697674418605
"pir","2","Chain 20",4.46941579285255
"smoke","2","Chain 20",1
"cycle","2","Chain 20",NA
"stratum","2","Chain 20",NA
"psu","2","Chain 20",NA
"logweight","2","Chain 20",NA
"ra","3","Chain 20",NA
"asthma_aux","3","Chain 20",NA
"age1","3","Chain 20",NA
"age2","3","Chain 20",NA
"age3","3","Chain 20",NA
"sex","3","Chain 20",NA
"race","3","Chain 20",NA
"education","3","Chain 20",5
"pir","3","Chain 20",0.856967686710902
"smoke","3","Chain 20",2.0377358490566
"cycle","3","Chain 20",NA
"stratum","3","Chain 20",NA
"psu","3","Chain 20",NA
"logweight","3","Chain 20",NA
"ra","4","Chain 20",NA
"asthma_aux","4","Chain 20",NA
"age1","4","Chain 20",NA
"age2","4","Chain 20",NA
"age3","4","Chain 20",NA
"sex","4","Chain 20",NA
"race","4","Chain 20",NA
"education","4","Chain 20",1
"pir","4","Chain 20",0.777395677295108
"smoke","4","Chain 20",1.13207547169811
"cycle","4","Chain 20",NA
"stratum","4","Chain 20",NA
"psu","4","Chain 20",NA
"logweight","4","Chain 20",NA
"ra","5","Chain 20",NA
"asthma_aux","5","Chain 20",NA
"age1","5","Chain 20",NA
"age2","5","Chain 20",NA
"age3","5","Chain 20",NA
"sex","5","Chain 20",NA
"race","5","Chain 20",NA
"education","5","Chain 20",1.19767441860465
"pir","5","Chain 20",0.781155574577368
"smoke","5","Chain 20",1
"cycle","5","Chain 20",NA
"stratum","5","Chain 20",NA
"psu","5","Chain 20",NA
"logweight","5","Chain 20",NA
"ra","6","Chain 20",NA
"asthma_aux","6","Chain 20",NA
"age1","6","Chain 20",NA
"age2","6","Chain 20",NA
"age3","6","Chain 20",NA
"sex","6","Chain 20",NA
"race","6","Chain 20",NA
"education","6","Chain 20",1
"pir","6","Chain 20",0.76457307939226
"smoke","6","Chain 20",1.84905660377358
"cycle","6","Chain 20",NA
"stratum","6","Chain 20",NA
"psu","6","Chain 20",NA
"logweight","6","Chain 20",NA
"ra","7","Chain 20",NA
"asthma_aux","7","Chain 20",NA
"age1","7","Chain 20",NA
"age2","7","Chain 20",NA
"age3","7","Chain 20",NA
"sex","7","Chain 20",NA
"race","7","Chain 20",NA
"education","7","Chain 20",4.6046511627907
"pir","7","Chain 20",0.7603145730794
"smoke","7","Chain 20",1.88679245283019
"cycle","7","Chain 20",NA
"stratum","7","Chain 20",NA
"psu","7","Chain 20",NA
"logweight","7","Chain 20",NA
"ra","8","Chain 20",NA
"asthma_aux","8","Chain 20",NA
"age1","8","Chain 20",NA
"age2","8","Chain 20",NA
"age3","8","Chain 20",NA
"sex","8","Chain 20",NA
"race","8","Chain 20",NA
"education","8","Chain 20",1.16279069767442
"pir","8","Chain 20",0.783244168628301
"smoke","8","Chain 20",1
"cycle","8","Chain 20",NA
"stratum","8","Chain 20",NA
"psu","8","Chain 20",NA
"logweight","8","Chain 20",NA
"ra","9","Chain 20",NA
"asthma_aux","9","Chain 20",NA
"age1","9","Chain 20",NA
"age2","9","Chain 20",NA
"age3","9","Chain 20",NA
"sex","9","Chain 20",NA
"race","9","Chain 20",NA
"education","9","Chain 20",1.23255813953488
"pir","9","Chain 20",0.775700834581649
"smoke","9","Chain 20",1.9622641509434
"cycle","9","Chain 20",NA
"stratum","9","Chain 20",NA
"psu","9","Chain 20",NA
"logweight","9","Chain 20",NA
"ra","10","Chain 20",NA
"asthma_aux","10","Chain 20",NA
"age1","10","Chain 20",NA
"age2","10","Chain 20",NA
"age3","10","Chain 20",NA
"sex","10","Chain 20",NA
"race","10","Chain 20",NA
"education","10","Chain 20",1
"pir","10","Chain 20",0.776227263000223
"smoke","10","Chain 20",1.75471698113208
"cycle","10","Chain 20",NA
"stratum","10","Chain 20",NA
"psu","10","Chain 20",NA
"logweight","10","Chain 20",NA
"ra","1","Chain 21",NA
"asthma_aux","1","Chain 21",NA
"age1","1","Chain 21",NA
"age2","1","Chain 21",NA
"age3","1","Chain 21",NA
"sex","1","Chain 21",NA
"race","1","Chain 21",NA
"education","1","Chain 21",5
"pir","1","Chain 21",4.7904986090306
"smoke","1","Chain 21",1
"cycle","1","Chain 21",NA
"stratum","1","Chain 21",NA
"psu","1","Chain 21",NA
"logweight","1","Chain 21",NA
"ra","2","Chain 21",NA
"asthma_aux","2","Chain 21",NA
"age1","2","Chain 21",NA
"age2","2","Chain 21",NA
"age3","2","Chain 21",NA
"sex","2","Chain 21",NA
"race","2","Chain 21",NA
"education","2","Chain 21",5
"pir","2","Chain 21",0.780453670019271
"smoke","2","Chain 21",1.92452830188679
"cycle","2","Chain 21",NA
"stratum","2","Chain 21",NA
"psu","2","Chain 21",NA
"logweight","2","Chain 21",NA
"ra","3","Chain 21",NA
"asthma_aux","3","Chain 21",NA
"age1","3","Chain 21",NA
"age2","3","Chain 21",NA
"age3","3","Chain 21",NA
"sex","3","Chain 21",NA
"race","3","Chain 21",NA
"education","3","Chain 21",1
"pir","3","Chain 21",3.36427562593623
"smoke","3","Chain 21",1.56603773584906
"cycle","3","Chain 21",NA
"stratum","3","Chain 21",NA
"psu","3","Chain 21",NA
"logweight","3","Chain 21",NA
"ra","4","Chain 21",NA
"asthma_aux","4","Chain 21",NA
"age1","4","Chain 21",NA
"age2","4","Chain 21",NA
"age3","4","Chain 21",NA
"sex","4","Chain 21",NA
"race","4","Chain 21",NA
"education","4","Chain 21",4.67441860465116
"pir","4","Chain 21",4.79927241600685
"smoke","4","Chain 21",1.71698113207547
"cycle","4","Chain 21",NA
"stratum","4","Chain 21",NA
"psu","4","Chain 21",NA
"logweight","4","Chain 21",NA
"ra","5","Chain 21",NA
"asthma_aux","5","Chain 21",NA
"age1","5","Chain 21",NA
"age2","5","Chain 21",NA
"age3","5","Chain 21",NA
"sex","5","Chain 21",NA
"race","5","Chain 21",NA
"education","5","Chain 21",5
"pir","5","Chain 21",0.781457307939235
"smoke","5","Chain 21",1
"cycle","5","Chain 21",NA
"stratum","5","Chain 21",NA
"psu","5","Chain 21",NA
"logweight","5","Chain 21",NA
"ra","6","Chain 21",NA
"asthma_aux","6","Chain 21",NA
"age1","6","Chain 21",NA
"age2","6","Chain 21",NA
"age3","6","Chain 21",NA
"sex","6","Chain 21",NA
"race","6","Chain 21",NA
"education","6","Chain 21",1
"pir","6","Chain 21",0.778716028247388
"smoke","6","Chain 21",1
"cycle","6","Chain 21",NA
"stratum","6","Chain 21",NA
"psu","6","Chain 21",NA
"logweight","6","Chain 21",NA
"ra","7","Chain 21",NA
"asthma_aux","7","Chain 21",NA
"age1","7","Chain 21",NA
"age2","7","Chain 21",NA
"age3","7","Chain 21",NA
"sex","7","Chain 21",NA
"race","7","Chain 21",NA
"education","7","Chain 21",1.40697674418605
"pir","7","Chain 21",4.79756045367002
"smoke","7","Chain 21",1
"cycle","7","Chain 21",NA
"stratum","7","Chain 21",NA
"psu","7","Chain 21",NA
"logweight","7","Chain 21",NA
"ra","8","Chain 21",NA
"asthma_aux","8","Chain 21",NA
"age1","8","Chain 21",NA
"age2","8","Chain 21",NA
"age3","8","Chain 21",NA
"sex","8","Chain 21",NA
"race","8","Chain 21",NA
"education","8","Chain 21",4.97674418604651
"pir","8","Chain 21",4.63577573293388
"smoke","8","Chain 21",1.75471698113208
"cycle","8","Chain 21",NA
"stratum","8","Chain 21",NA
"psu","8","Chain 21",NA
"logweight","8","Chain 21",NA
"ra","9","Chain 21",NA
"asthma_aux","9","Chain 21",NA
"age1","9","Chain 21",NA
"age2","9","Chain 21",NA
"age3","9","Chain 21",NA
"sex","9","Chain 21",NA
"race","9","Chain 21",NA
"education","9","Chain 21",2.12790697674419
"pir","9","Chain 21",4.81168414294886
"smoke","9","Chain 21",1
"cycle","9","Chain 21",NA
"stratum","9","Chain 21",NA
"psu","9","Chain 21",NA
"logweight","9","Chain 21",NA
"ra","10","Chain 21",NA
"asthma_aux","10","Chain 21",NA
"age1","10","Chain 21",NA
"age2","10","Chain 21",NA
"age3","10","Chain 21",NA
"sex","10","Chain 21",NA
"race","10","Chain 21",NA
"education","10","Chain 21",5
"pir","10","Chain 21",4.80783222769099
"smoke","10","Chain 21",1
"cycle","10","Chain 21",NA
"stratum","10","Chain 21",NA
"psu","10","Chain 21",NA
"logweight","10","Chain 21",NA
"ra","1","Chain 22",NA
"asthma_aux","1","Chain 22",NA
"age1","1","Chain 22",NA
"age2","1","Chain 22",NA
"age3","1","Chain 22",NA
"sex","1","Chain 22",NA
"race","1","Chain 22",NA
"education","1","Chain 22",5
"pir","1","Chain 22",0.77167344318426
"smoke","1","Chain 22",1.94339622641509
"cycle","1","Chain 22",NA
"stratum","1","Chain 22",NA
"psu","1","Chain 22",NA
"logweight","1","Chain 22",NA
"ra","2","Chain 22",NA
"asthma_aux","2","Chain 22",NA
"age1","2","Chain 22",NA
"age2","2","Chain 22",NA
"age3","2","Chain 22",NA
"sex","2","Chain 22",NA
"race","2","Chain 22",NA
"education","2","Chain 22",5
"pir","2","Chain 22",0.770047078964273
"smoke","2","Chain 22",1
"cycle","2","Chain 22",NA
"stratum","2","Chain 22",NA
"psu","2","Chain 22",NA
"logweight","2","Chain 22",NA
"ra","3","Chain 22",NA
"asthma_aux","3","Chain 22",NA
"age1","3","Chain 22",NA
"age2","3","Chain 22",NA
"age3","3","Chain 22",NA
"sex","3","Chain 22",NA
"race","3","Chain 22",NA
"education","3","Chain 22",5
"pir","3","Chain 22",4.78835865610957
"smoke","3","Chain 22",1
"cycle","3","Chain 22",NA
"stratum","3","Chain 22",NA
"psu","3","Chain 22",NA
"logweight","3","Chain 22",NA
"ra","4","Chain 22",NA
"asthma_aux","4","Chain 22",NA
"age1","4","Chain 22",NA
"age2","4","Chain 22",NA
"age3","4","Chain 22",NA
"sex","4","Chain 22",NA
"race","4","Chain 22",NA
"education","4","Chain 22",1.7906976744186
"pir","4","Chain 22",0.770455809972191
"smoke","4","Chain 22",2.09433962264151
"cycle","4","Chain 22",NA
"stratum","4","Chain 22",NA
"psu","4","Chain 22",NA
"logweight","4","Chain 22",NA
"ra","5","Chain 22",NA
"asthma_aux","5","Chain 22",NA
"age1","5","Chain 22",NA
"age2","5","Chain 22",NA
"age3","5","Chain 22",NA
"sex","5","Chain 22",NA
"race","5","Chain 22",NA
"education","5","Chain 22",1
"pir","5","Chain 22",4.79499251016478
"smoke","5","Chain 22",1.75471698113208
"cycle","5","Chain 22",NA
"stratum","5","Chain 22",NA
"psu","5","Chain 22",NA
"logweight","5","Chain 22",NA
"ra","6","Chain 22",NA
"asthma_aux","6","Chain 22",NA
"age1","6","Chain 22",NA
"age2","6","Chain 22",NA
"age3","6","Chain 22",NA
"sex","6","Chain 22",NA
"race","6","Chain 22",NA
"education","6","Chain 22",5
"pir","6","Chain 22",4.74386047506955
"smoke","6","Chain 22",1
"cycle","6","Chain 22",NA
"stratum","6","Chain 22",NA
"psu","6","Chain 22",NA
"logweight","6","Chain 22",NA
"ra","7","Chain 22",NA
"asthma_aux","7","Chain 22",NA
"age1","7","Chain 22",NA
"age2","7","Chain 22",NA
"age3","7","Chain 22",NA
"sex","7","Chain 22",NA
"race","7","Chain 22",NA
"education","7","Chain 22",2.24418604651163
"pir","7","Chain 22",0.776942007275851
"smoke","7","Chain 22",2
"cycle","7","Chain 22",NA
"stratum","7","Chain 22",NA
"psu","7","Chain 22",NA
"logweight","7","Chain 22",NA
"ra","8","Chain 22",NA
"asthma_aux","8","Chain 22",NA
"age1","8","Chain 22",NA
"age2","8","Chain 22",NA
"age3","8","Chain 22",NA
"sex","8","Chain 22",NA
"race","8","Chain 22",NA
"education","8","Chain 22",1
"pir","8","Chain 22",4.8026963406805
"smoke","8","Chain 22",1.41509433962264
"cycle","8","Chain 22",NA
"stratum","8","Chain 22",NA
"psu","8","Chain 22",NA
"logweight","8","Chain 22",NA
"ra","9","Chain 22",NA
"asthma_aux","9","Chain 22",NA
"age1","9","Chain 22",NA
"age2","9","Chain 22",NA
"age3","9","Chain 22",NA
"sex","9","Chain 22",NA
"race","9","Chain 22",NA
"education","9","Chain 22",5
"pir","9","Chain 22",4.79542050074898
"smoke","9","Chain 22",1
"cycle","9","Chain 22",NA
"stratum","9","Chain 22",NA
"psu","9","Chain 22",NA
"logweight","9","Chain 22",NA
"ra","10","Chain 22",NA
"asthma_aux","10","Chain 22",NA
"age1","10","Chain 22",NA
"age2","10","Chain 22",NA
"age3","10","Chain 22",NA
"sex","10","Chain 22",NA
"race","10","Chain 22",NA
"education","10","Chain 22",1.81395348837209
"pir","10","Chain 22",0.766638133961062
"smoke","10","Chain 22",1
"cycle","10","Chain 22",NA
"stratum","10","Chain 22",NA
"psu","10","Chain 22",NA
"logweight","10","Chain 22",NA
"ra","1","Chain 23",NA
"asthma_aux","1","Chain 23",NA
"age1","1","Chain 23",NA
"age2","1","Chain 23",NA
"age3","1","Chain 23",NA
"sex","1","Chain 23",NA
"race","1","Chain 23",NA
"education","1","Chain 23",1
"pir","1","Chain 23",4.81361010057779
"smoke","1","Chain 23",1
"cycle","1","Chain 23",NA
"stratum","1","Chain 23",NA
"psu","1","Chain 23",NA
"logweight","1","Chain 23",NA
"ra","2","Chain 23",NA
"asthma_aux","2","Chain 23",NA
"age1","2","Chain 23",NA
"age2","2","Chain 23",NA
"age3","2","Chain 23",NA
"sex","2","Chain 23",NA
"race","2","Chain 23",NA
"education","2","Chain 23",1.84883720930233
"pir","2","Chain 23",0.760783222769108
"smoke","2","Chain 23",2.07547169811321
"cycle","2","Chain 23",NA
"stratum","2","Chain 23",NA
"psu","2","Chain 23",NA
"logweight","2","Chain 23",NA
"ra","3","Chain 23",NA
"asthma_aux","3","Chain 23",NA
"age1","3","Chain 23",NA
"age2","3","Chain 23",NA
"age3","3","Chain 23",NA
"sex","3","Chain 23",NA
"race","3","Chain 23",NA
"education","3","Chain 23",1
"pir","3","Chain 23",4.80215921249733
"smoke","3","Chain 23",1
"cycle","3","Chain 23",NA
"stratum","3","Chain 23",NA
"psu","3","Chain 23",NA
"logweight","3","Chain 23",NA
"ra","4","Chain 23",NA
"asthma_aux","4","Chain 23",NA
"age1","4","Chain 23",NA
"age2","4","Chain 23",NA
"age3","4","Chain 23",NA
"sex","4","Chain 23",NA
"race","4","Chain 23",NA
"education","4","Chain 23",5
"pir","4","Chain 23",4.79599614808474
"smoke","4","Chain 23",1.84905660377358
"cycle","4","Chain 23",NA
"stratum","4","Chain 23",NA
"psu","4","Chain 23",NA
"logweight","4","Chain 23",NA
"ra","5","Chain 23",NA
"asthma_aux","5","Chain 23",NA
"age1","5","Chain 23",NA
"age2","5","Chain 23",NA
"age3","5","Chain 23",NA
"sex","5","Chain 23",NA
"race","5","Chain 23",NA
"education","5","Chain 23",5
"pir","5","Chain 23",4.79370853841215
"smoke","5","Chain 23",1.83018867924528
"cycle","5","Chain 23",NA
"stratum","5","Chain 23",NA
"psu","5","Chain 23",NA
"logweight","5","Chain 23",NA
"ra","6","Chain 23",NA
"asthma_aux","6","Chain 23",NA
"age1","6","Chain 23",NA
"age2","6","Chain 23",NA
"age3","6","Chain 23",NA
"sex","6","Chain 23",NA
"race","6","Chain 23",NA
"education","6","Chain 23",5
"pir","6","Chain 23",0.772298309437202
"smoke","6","Chain 23",1
"cycle","6","Chain 23",NA
"stratum","6","Chain 23",NA
"psu","6","Chain 23",NA
"logweight","6","Chain 23",NA
"ra","7","Chain 23",NA
"asthma_aux","7","Chain 23",NA
"age1","7","Chain 23",NA
"age2","7","Chain 23",NA
"age3","7","Chain 23",NA
"sex","7","Chain 23",NA
"race","7","Chain 23",NA
"education","7","Chain 23",5
"pir","7","Chain 23",4.7907126043227
"smoke","7","Chain 23",1
"cycle","7","Chain 23",NA
"stratum","7","Chain 23",NA
"psu","7","Chain 23",NA
"logweight","7","Chain 23",NA
"ra","8","Chain 23",NA
"asthma_aux","8","Chain 23",NA
"age1","8","Chain 23",NA
"age2","8","Chain 23",NA
"age3","8","Chain 23",NA
"sex","8","Chain 23",NA
"race","8","Chain 23",NA
"education","8","Chain 23",1.86046511627907
"pir","8","Chain 23",0.784245666595344
"smoke","8","Chain 23",1
"cycle","8","Chain 23",NA
"stratum","8","Chain 23",NA
"psu","8","Chain 23",NA
"logweight","8","Chain 23",NA
"ra","9","Chain 23",NA
"asthma_aux","9","Chain 23",NA
"age1","9","Chain 23",NA
"age2","9","Chain 23",NA
"age3","9","Chain 23",NA
"sex","9","Chain 23",NA
"race","9","Chain 23",NA
"education","9","Chain 23",1
"pir","9","Chain 23",4.79781510806762
"smoke","9","Chain 23",1.84905660377358
"cycle","9","Chain 23",NA
"stratum","9","Chain 23",NA
"psu","9","Chain 23",NA
"logweight","9","Chain 23",NA
"ra","10","Chain 23",NA
"asthma_aux","10","Chain 23",NA
"age1","10","Chain 23",NA
"age2","10","Chain 23",NA
"age3","10","Chain 23",NA
"sex","10","Chain 23",NA
"race","10","Chain 23",NA
"education","10","Chain 23",1.93023255813953
"pir","10","Chain 23",4.81061416648834
"smoke","10","Chain 23",1.88679245283019
"cycle","10","Chain 23",NA
"stratum","10","Chain 23",NA
"psu","10","Chain 23",NA
"logweight","10","Chain 23",NA
"ra","1","Chain 24",NA
"asthma_aux","1","Chain 24",NA
"age1","1","Chain 24",NA
"age2","1","Chain 24",NA
"age3","1","Chain 24",NA
"sex","1","Chain 24",NA
"race","1","Chain 24",NA
"education","1","Chain 24",5
"pir","1","Chain 24",0.773663599400824
"smoke","1","Chain 24",1.9811320754717
"cycle","1","Chain 24",NA
"stratum","1","Chain 24",NA
"psu","1","Chain 24",NA
"logweight","1","Chain 24",NA
"ra","2","Chain 24",NA
"asthma_aux","2","Chain 24",NA
"age1","2","Chain 24",NA
"age2","2","Chain 24",NA
"age3","2","Chain 24",NA
"sex","2","Chain 24",NA
"race","2","Chain 24",NA
"education","2","Chain 24",1.36046511627907
"pir","2","Chain 24",4.79661887438476
"smoke","2","Chain 24",1
"cycle","2","Chain 24",NA
"stratum","2","Chain 24",NA
"psu","2","Chain 24",NA
"logweight","2","Chain 24",NA
"ra","3","Chain 24",NA
"asthma_aux","3","Chain 24",NA
"age1","3","Chain 24",NA
"age2","3","Chain 24",NA
"age3","3","Chain 24",NA
"sex","3","Chain 24",NA
"race","3","Chain 24",NA
"education","3","Chain 24",5
"pir","3","Chain 24",4.79349454312005
"smoke","3","Chain 24",1.75471698113208
"cycle","3","Chain 24",NA
"stratum","3","Chain 24",NA
"psu","3","Chain 24",NA
"logweight","3","Chain 24",NA
"ra","4","Chain 24",NA
"asthma_aux","4","Chain 24",NA
"age1","4","Chain 24",NA
"age2","4","Chain 24",NA
"age3","4","Chain 24",NA
"sex","4","Chain 24",NA
"race","4","Chain 24",NA
"education","4","Chain 24",2.01162790697674
"pir","4","Chain 24",0.76244596618875
"smoke","4","Chain 24",1.0377358490566
"cycle","4","Chain 24",NA
"stratum","4","Chain 24",NA
"psu","4","Chain 24",NA
"logweight","4","Chain 24",NA
"ra","5","Chain 24",NA
"asthma_aux","5","Chain 24",NA
"age1","5","Chain 24",NA
"age2","5","Chain 24",NA
"age3","5","Chain 24",NA
"sex","5","Chain 24",NA
"race","5","Chain 24",NA
"education","5","Chain 24",1.17441860465116
"pir","5","Chain 24",0.7689514230687
"smoke","5","Chain 24",1.9622641509434
"cycle","5","Chain 24",NA
"stratum","5","Chain 24",NA
"psu","5","Chain 24",NA
"logweight","5","Chain 24",NA
"ra","6","Chain 24",NA
"asthma_aux","6","Chain 24",NA
"age1","6","Chain 24",NA
"age2","6","Chain 24",NA
"age3","6","Chain 24",NA
"sex","6","Chain 24",NA
"race","6","Chain 24",NA
"education","6","Chain 24",4.03488372093023
"pir","6","Chain 24",4.79905842071474
"smoke","6","Chain 24",1
"cycle","6","Chain 24",NA
"stratum","6","Chain 24",NA
"psu","6","Chain 24",NA
"logweight","6","Chain 24",NA
"ra","7","Chain 24",NA
"asthma_aux","7","Chain 24",NA
"age1","7","Chain 24",NA
"age2","7","Chain 24",NA
"age3","7","Chain 24",NA
"sex","7","Chain 24",NA
"race","7","Chain 24",NA
"education","7","Chain 24",4.97674418604651
"pir","7","Chain 24",4.80012839717526
"smoke","7","Chain 24",1.66037735849057
"cycle","7","Chain 24",NA
"stratum","7","Chain 24",NA
"psu","7","Chain 24",NA
"logweight","7","Chain 24",NA
"ra","8","Chain 24",NA
"asthma_aux","8","Chain 24",NA
"age1","8","Chain 24",NA
"age2","8","Chain 24",NA
"age3","8","Chain 24",NA
"sex","8","Chain 24",NA
"race","8","Chain 24",NA
"education","8","Chain 24",1.86046511627907
"pir","8","Chain 24",0.767423496683081
"smoke","8","Chain 24",1
"cycle","8","Chain 24",NA
"stratum","8","Chain 24",NA
"psu","8","Chain 24",NA
"logweight","8","Chain 24",NA
"ra","9","Chain 24",NA
"asthma_aux","9","Chain 24",NA
"age1","9","Chain 24",NA
"age2","9","Chain 24",NA
"age3","9","Chain 24",NA
"sex","9","Chain 24",NA
"race","9","Chain 24",NA
"education","9","Chain 24",5
"pir","9","Chain 24",0.770928739567738
"smoke","9","Chain 24",1
"cycle","9","Chain 24",NA
"stratum","9","Chain 24",NA
"psu","9","Chain 24",NA
"logweight","9","Chain 24",NA
"ra","10","Chain 24",NA
"asthma_aux","10","Chain 24",NA
"age1","10","Chain 24",NA
"age2","10","Chain 24",NA
"age3","10","Chain 24",NA
"sex","10","Chain 24",NA
"race","10","Chain 24",NA
"education","10","Chain 24",4.8953488372093
"pir","10","Chain 24",4.81296811470148
"smoke","10","Chain 24",1
"cycle","10","Chain 24",NA
"stratum","10","Chain 24",NA
"psu","10","Chain 24",NA
"logweight","10","Chain 24",NA
"ra","1","Chain 25",NA
"asthma_aux","1","Chain 25",NA
"age1","1","Chain 25",NA
"age2","1","Chain 25",NA
"age3","1","Chain 25",NA
"sex","1","Chain 25",NA
"race","1","Chain 25",NA
"education","1","Chain 25",5
"pir","1","Chain 25",4.79991440188316
"smoke","1","Chain 25",1.94339622641509
"cycle","1","Chain 25",NA
"stratum","1","Chain 25",NA
"psu","1","Chain 25",NA
"logweight","1","Chain 25",NA
"ra","2","Chain 25",NA
"asthma_aux","2","Chain 25",NA
"age1","2","Chain 25",NA
"age2","2","Chain 25",NA
"age3","2","Chain 25",NA
"sex","2","Chain 25",NA
"race","2","Chain 25",NA
"education","2","Chain 25",1.86046511627907
"pir","2","Chain 25",0.765557457735937
"smoke","2","Chain 25",1.94339622641509
"cycle","2","Chain 25",NA
"stratum","2","Chain 25",NA
"psu","2","Chain 25",NA
"logweight","2","Chain 25",NA
"ra","3","Chain 25",NA
"asthma_aux","3","Chain 25",NA
"age1","3","Chain 25",NA
"age2","3","Chain 25",NA
"age3","3","Chain 25",NA
"sex","3","Chain 25",NA
"race","3","Chain 25",NA
"education","3","Chain 25",5
"pir","3","Chain 25",4.79734645837792
"smoke","3","Chain 25",1
"cycle","3","Chain 25",NA
"stratum","3","Chain 25",NA
"psu","3","Chain 25",NA
"logweight","3","Chain 25",NA
"ra","4","Chain 25",NA
"asthma_aux","4","Chain 25",NA
"age1","4","Chain 25",NA
"age2","4","Chain 25",NA
"age3","4","Chain 25",NA
"sex","4","Chain 25",NA
"race","4","Chain 25",NA
"education","4","Chain 25",5
"pir","4","Chain 25",4.42861545046009
"smoke","4","Chain 25",1.67924528301887
"cycle","4","Chain 25",NA
"stratum","4","Chain 25",NA
"psu","4","Chain 25",NA
"logweight","4","Chain 25",NA
"ra","5","Chain 25",NA
"asthma_aux","5","Chain 25",NA
"age1","5","Chain 25",NA
"age2","5","Chain 25",NA
"age3","5","Chain 25",NA
"sex","5","Chain 25",NA
"race","5","Chain 25",NA
"education","5","Chain 25",5
"pir","5","Chain 25",4.78771667023326
"smoke","5","Chain 25",1
"cycle","5","Chain 25",NA
"stratum","5","Chain 25",NA
"psu","5","Chain 25",NA
"logweight","5","Chain 25",NA
"ra","6","Chain 25",NA
"asthma_aux","6","Chain 25",NA
"age1","6","Chain 25",NA
"age2","6","Chain 25",NA
"age3","6","Chain 25",NA
"sex","6","Chain 25",NA
"race","6","Chain 25",NA
"education","6","Chain 25",5
"pir","6","Chain 25",4.09618446394178
"smoke","6","Chain 25",1.77358490566038
"cycle","6","Chain 25",NA
"stratum","6","Chain 25",NA
"psu","6","Chain 25",NA
"logweight","6","Chain 25",NA
"ra","7","Chain 25",NA
"asthma_aux","7","Chain 25",NA
"age1","7","Chain 25",NA
"age2","7","Chain 25",NA
"age3","7","Chain 25",NA
"sex","7","Chain 25",NA
"race","7","Chain 25",NA
"education","7","Chain 25",4.55813953488372
"pir","7","Chain 25",0.77549967900707
"smoke","7","Chain 25",1
"cycle","7","Chain 25",NA
"stratum","7","Chain 25",NA
"psu","7","Chain 25",NA
"logweight","7","Chain 25",NA
"ra","8","Chain 25",NA
"asthma_aux","8","Chain 25",NA
"age1","8","Chain 25",NA
"age2","8","Chain 25",NA
"age3","8","Chain 25",NA
"sex","8","Chain 25",NA
"race","8","Chain 25",NA
"education","8","Chain 25",5
"pir","8","Chain 25",0.774260646265795
"smoke","8","Chain 25",1
"cycle","8","Chain 25",NA
"stratum","8","Chain 25",NA
"psu","8","Chain 25",NA
"logweight","8","Chain 25",NA
"ra","9","Chain 25",NA
"asthma_aux","9","Chain 25",NA
"age1","9","Chain 25",NA
"age2","9","Chain 25",NA
"age3","9","Chain 25",NA
"sex","9","Chain 25",NA
"race","9","Chain 25",NA
"education","9","Chain 25",1
"pir","9","Chain 25",4.80055638775947
"smoke","9","Chain 25",1.77358490566038
"cycle","9","Chain 25",NA
"stratum","9","Chain 25",NA
"psu","9","Chain 25",NA
"logweight","9","Chain 25",NA
"ra","10","Chain 25",NA
"asthma_aux","10","Chain 25",NA
"age1","10","Chain 25",NA
"age2","10","Chain 25",NA
"age3","10","Chain 25",NA
"sex","10","Chain 25",NA
"race","10","Chain 25",NA
"education","10","Chain 25",1.93023255813953
"pir","10","Chain 25",0.773657179542059
"smoke","10","Chain 25",2.30188679245283
"cycle","10","Chain 25",NA
"stratum","10","Chain 25",NA
"psu","10","Chain 25",NA
"logweight","10","Chain 25",NA
"ra","1","Chain 26",NA
"asthma_aux","1","Chain 26",NA
"age1","1","Chain 26",NA
"age2","1","Chain 26",NA
"age3","1","Chain 26",NA
"sex","1","Chain 26",NA
"race","1","Chain 26",NA
"education","1","Chain 26",5
"pir","1","Chain 26",0.774361224053079
"smoke","1","Chain 26",2.05660377358491
"cycle","1","Chain 26",NA
"stratum","1","Chain 26",NA
"psu","1","Chain 26",NA
"logweight","1","Chain 26",NA
"ra","2","Chain 26",NA
"asthma_aux","2","Chain 26",NA
"age1","2","Chain 26",NA
"age2","2","Chain 26",NA
"age3","2","Chain 26",NA
"sex","2","Chain 26",NA
"race","2","Chain 26",NA
"education","2","Chain 26",5
"pir","2","Chain 26",1.13902632142092
"smoke","2","Chain 26",2.20754716981132
"cycle","2","Chain 26",NA
"stratum","2","Chain 26",NA
"psu","2","Chain 26",NA
"logweight","2","Chain 26",NA
"ra","3","Chain 26",NA
"asthma_aux","3","Chain 26",NA
"age1","3","Chain 26",NA
"age2","3","Chain 26",NA
"age3","3","Chain 26",NA
"sex","3","Chain 26",NA
"race","3","Chain 26",NA
"education","3","Chain 26",1.16279069767442
"pir","3","Chain 26",4.79863043013054
"smoke","3","Chain 26",1.79245283018868
"cycle","3","Chain 26",NA
"stratum","3","Chain 26",NA
"psu","3","Chain 26",NA
"logweight","3","Chain 26",NA
"ra","4","Chain 26",NA
"asthma_aux","4","Chain 26",NA
"age1","4","Chain 26",NA
"age2","4","Chain 26",NA
"age3","4","Chain 26",NA
"sex","4","Chain 26",NA
"race","4","Chain 26",NA
"education","4","Chain 26",2.30232558139535
"pir","4","Chain 26",0.776197303659329
"smoke","4","Chain 26",1.13207547169811
"cycle","4","Chain 26",NA
"stratum","4","Chain 26",NA
"psu","4","Chain 26",NA
"logweight","4","Chain 26",NA
"ra","5","Chain 26",NA
"asthma_aux","5","Chain 26",NA
"age1","5","Chain 26",NA
"age2","5","Chain 26",NA
"age3","5","Chain 26",NA
"sex","5","Chain 26",NA
"race","5","Chain 26",NA
"education","5","Chain 26",5
"pir","5","Chain 26",1.6231243312647
"smoke","5","Chain 26",2.28301886792453
"cycle","5","Chain 26",NA
"stratum","5","Chain 26",NA
"psu","5","Chain 26",NA
"logweight","5","Chain 26",NA
"ra","6","Chain 26",NA
"asthma_aux","6","Chain 26",NA
"age1","6","Chain 26",NA
"age2","6","Chain 26",NA
"age3","6","Chain 26",NA
"sex","6","Chain 26",NA
"race","6","Chain 26",NA
"education","6","Chain 26",5
"pir","6","Chain 26",0.780235394821324
"smoke","6","Chain 26",1
"cycle","6","Chain 26",NA
"stratum","6","Chain 26",NA
"psu","6","Chain 26",NA
"logweight","6","Chain 26",NA
"ra","7","Chain 26",NA
"asthma_aux","7","Chain 26",NA
"age1","7","Chain 26",NA
"age2","7","Chain 26",NA
"age3","7","Chain 26",NA
"sex","7","Chain 26",NA
"race","7","Chain 26",NA
"education","7","Chain 26",5
"pir","7","Chain 26",4.79777444896212
"smoke","7","Chain 26",1
"cycle","7","Chain 26",NA
"stratum","7","Chain 26",NA
"psu","7","Chain 26",NA
"logweight","7","Chain 26",NA
"ra","8","Chain 26",NA
"asthma_aux","8","Chain 26",NA
"age1","8","Chain 26",NA
"age2","8","Chain 26",NA
"age3","8","Chain 26",NA
"sex","8","Chain 26",NA
"race","8","Chain 26",NA
"education","8","Chain 26",1.93023255813953
"pir","8","Chain 26",0.779420072758411
"smoke","8","Chain 26",1.92452830188679
"cycle","8","Chain 26",NA
"stratum","8","Chain 26",NA
"psu","8","Chain 26",NA
"logweight","8","Chain 26",NA
"ra","9","Chain 26",NA
"asthma_aux","9","Chain 26",NA
"age1","9","Chain 26",NA
"age2","9","Chain 26",NA
"age3","9","Chain 26",NA
"sex","9","Chain 26",NA
"race","9","Chain 26",NA
"education","9","Chain 26",1.18604651162791
"pir","9","Chain 26",4.79456451958057
"smoke","9","Chain 26",1.67924528301887
"cycle","9","Chain 26",NA
"stratum","9","Chain 26",NA
"psu","9","Chain 26",NA
"logweight","9","Chain 26",NA
"ra","10","Chain 26",NA
"asthma_aux","10","Chain 26",NA
"age1","10","Chain 26",NA
"age2","10","Chain 26",NA
"age3","10","Chain 26",NA
"sex","10","Chain 26",NA
"race","10","Chain 26",NA
"education","10","Chain 26",2.19767441860465
"pir","10","Chain 26",4.78562165632356
"smoke","10","Chain 26",1.88679245283019
"cycle","10","Chain 26",NA
"stratum","10","Chain 26",NA
"psu","10","Chain 26",NA
"logweight","10","Chain 26",NA
"ra","1","Chain 27",NA
"asthma_aux","1","Chain 27",NA
"age1","1","Chain 27",NA
"age2","1","Chain 27",NA
"age3","1","Chain 27",NA
"sex","1","Chain 27",NA
"race","1","Chain 27",NA
"education","1","Chain 27",1.17441860465116
"pir","1","Chain 27",0.780716884228557
"smoke","1","Chain 27",1
"cycle","1","Chain 27",NA
"stratum","1","Chain 27",NA
"psu","1","Chain 27",NA
"logweight","1","Chain 27",NA
"ra","2","Chain 27",NA
"asthma_aux","2","Chain 27",NA
"age1","2","Chain 27",NA
"age2","2","Chain 27",NA
"age3","2","Chain 27",NA
"sex","2","Chain 27",NA
"race","2","Chain 27",NA
"education","2","Chain 27",1
"pir","2","Chain 27",0.776255082388196
"smoke","2","Chain 27",1
"cycle","2","Chain 27",NA
"stratum","2","Chain 27",NA
"psu","2","Chain 27",NA
"logweight","2","Chain 27",NA
"ra","3","Chain 27",NA
"asthma_aux","3","Chain 27",NA
"age1","3","Chain 27",NA
"age2","3","Chain 27",NA
"age3","3","Chain 27",NA
"sex","3","Chain 27",NA
"race","3","Chain 27",NA
"education","3","Chain 27",5
"pir","3","Chain 27",4.79328054782795
"smoke","3","Chain 27",1.9622641509434
"cycle","3","Chain 27",NA
"stratum","3","Chain 27",NA
"psu","3","Chain 27",NA
"logweight","3","Chain 27",NA
"ra","4","Chain 27",NA
"asthma_aux","4","Chain 27",NA
"age1","4","Chain 27",NA
"age2","4","Chain 27",NA
"age3","4","Chain 27",NA
"sex","4","Chain 27",NA
"race","4","Chain 27",NA
"education","4","Chain 27",3.11627906976744
"pir","4","Chain 27",4.80398031243313
"smoke","4","Chain 27",1
"cycle","4","Chain 27",NA
"stratum","4","Chain 27",NA
"psu","4","Chain 27",NA
"logweight","4","Chain 27",NA
"ra","5","Chain 27",NA
"asthma_aux","5","Chain 27",NA
"age1","5","Chain 27",NA
"age2","5","Chain 27",NA
"age3","5","Chain 27",NA
"sex","5","Chain 27",NA
"race","5","Chain 27",NA
"education","5","Chain 27",2.09302325581395
"pir","5","Chain 27",4.72207789428633
"smoke","5","Chain 27",1.45283018867925
"cycle","5","Chain 27",NA
"stratum","5","Chain 27",NA
"psu","5","Chain 27",NA
"logweight","5","Chain 27",NA
"ra","6","Chain 27",NA
"asthma_aux","6","Chain 27",NA
"age1","6","Chain 27",NA
"age2","6","Chain 27",NA
"age3","6","Chain 27",NA
"sex","6","Chain 27",NA
"race","6","Chain 27",NA
"education","6","Chain 27",5
"pir","6","Chain 27",0.768728867964912
"smoke","6","Chain 27",1
"cycle","6","Chain 27",NA
"stratum","6","Chain 27",NA
"psu","6","Chain 27",NA
"logweight","6","Chain 27",NA
"ra","7","Chain 27",NA
"asthma_aux","7","Chain 27",NA
"age1","7","Chain 27",NA
"age2","7","Chain 27",NA
"age3","7","Chain 27",NA
"sex","7","Chain 27",NA
"race","7","Chain 27",NA
"education","7","Chain 27",1.18604651162791
"pir","7","Chain 27",0.771861759041311
"smoke","7","Chain 27",1
"cycle","7","Chain 27",NA
"stratum","7","Chain 27",NA
"psu","7","Chain 27",NA
"logweight","7","Chain 27",NA
"ra","8","Chain 27",NA
"asthma_aux","8","Chain 27",NA
"age1","8","Chain 27",NA
"age2","8","Chain 27",NA
"age3","8","Chain 27",NA
"sex","8","Chain 27",NA
"race","8","Chain 27",NA
"education","8","Chain 27",5
"pir","8","Chain 27",4.80505028889364
"smoke","8","Chain 27",2
"cycle","8","Chain 27",NA
"stratum","8","Chain 27",NA
"psu","8","Chain 27",NA
"logweight","8","Chain 27",NA
"ra","9","Chain 27",NA
"asthma_aux","9","Chain 27",NA
"age1","9","Chain 27",NA
"age2","9","Chain 27",NA
"age3","9","Chain 27",NA
"sex","9","Chain 27",NA
"race","9","Chain 27",NA
"education","9","Chain 27",2.02325581395349
"pir","9","Chain 27",0.770404451102086
"smoke","9","Chain 27",1.9622641509434
"cycle","9","Chain 27",NA
"stratum","9","Chain 27",NA
"psu","9","Chain 27",NA
"logweight","9","Chain 27",NA
"ra","10","Chain 27",NA
"asthma_aux","10","Chain 27",NA
"age1","10","Chain 27",NA
"age2","10","Chain 27",NA
"age3","10","Chain 27",NA
"sex","10","Chain 27",NA
"race","10","Chain 27",NA
"education","10","Chain 27",1.77906976744186
"pir","10","Chain 27",4.75321634924031
"smoke","10","Chain 27",1
"cycle","10","Chain 27",NA
"stratum","10","Chain 27",NA
"psu","10","Chain 27",NA
"logweight","10","Chain 27",NA
"ra","1","Chain 28",NA
"asthma_aux","1","Chain 28",NA
"age1","1","Chain 28",NA
"age2","1","Chain 28",NA
"age3","1","Chain 28",NA
"sex","1","Chain 28",NA
"race","1","Chain 28",NA
"education","1","Chain 28",5
"pir","1","Chain 28",0.771386689492842
"smoke","1","Chain 28",1
"cycle","1","Chain 28",NA
"stratum","1","Chain 28",NA
"psu","1","Chain 28",NA
"logweight","1","Chain 28",NA
"ra","2","Chain 28",NA
"asthma_aux","2","Chain 28",NA
"age1","2","Chain 28",NA
"age2","2","Chain 28",NA
"age3","2","Chain 28",NA
"sex","2","Chain 28",NA
"race","2","Chain 28",NA
"education","2","Chain 28",5
"pir","2","Chain 28",0.763984592338978
"smoke","2","Chain 28",1
"cycle","2","Chain 28",NA
"stratum","2","Chain 28",NA
"psu","2","Chain 28",NA
"logweight","2","Chain 28",NA
"ra","3","Chain 28",NA
"asthma_aux","3","Chain 28",NA
"age1","3","Chain 28",NA
"age2","3","Chain 28",NA
"age3","3","Chain 28",NA
"sex","3","Chain 28",NA
"race","3","Chain 28",NA
"education","3","Chain 28",5
"pir","3","Chain 28",4.79520650545688
"smoke","3","Chain 28",1
"cycle","3","Chain 28",NA
"stratum","3","Chain 28",NA
"psu","3","Chain 28",NA
"logweight","3","Chain 28",NA
"ra","4","Chain 28",NA
"asthma_aux","4","Chain 28",NA
"age1","4","Chain 28",NA
"age2","4","Chain 28",NA
"age3","4","Chain 28",NA
"sex","4","Chain 28",NA
"race","4","Chain 28",NA
"education","4","Chain 28",1.87209302325581
"pir","4","Chain 28",4.79948641129895
"smoke","4","Chain 28",1
"cycle","4","Chain 28",NA
"stratum","4","Chain 28",NA
"psu","4","Chain 28",NA
"logweight","4","Chain 28",NA
"ra","5","Chain 28",NA
"asthma_aux","5","Chain 28",NA
"age1","5","Chain 28",NA
"age2","5","Chain 28",NA
"age3","5","Chain 28",NA
"sex","5","Chain 28",NA
"race","5","Chain 28",NA
"education","5","Chain 28",5
"pir","5","Chain 28",4.79970040659105
"smoke","5","Chain 28",1
"cycle","5","Chain 28",NA
"stratum","5","Chain 28",NA
"psu","5","Chain 28",NA
"logweight","5","Chain 28",NA
"ra","6","Chain 28",NA
"asthma_aux","6","Chain 28",NA
"age1","6","Chain 28",NA
"age2","6","Chain 28",NA
"age3","6","Chain 28",NA
"sex","6","Chain 28",NA
"race","6","Chain 28",NA
"education","6","Chain 28",2.05813953488372
"pir","6","Chain 28",4.79841643483843
"smoke","6","Chain 28",1
"cycle","6","Chain 28",NA
"stratum","6","Chain 28",NA
"psu","6","Chain 28",NA
"logweight","6","Chain 28",NA
"ra","7","Chain 28",NA
"asthma_aux","7","Chain 28",NA
"age1","7","Chain 28",NA
"age2","7","Chain 28",NA
"age3","7","Chain 28",NA
"sex","7","Chain 28",NA
"race","7","Chain 28",NA
"education","7","Chain 28",2.95348837209302
"pir","7","Chain 28",4.80413224909052
"smoke","7","Chain 28",1
"cycle","7","Chain 28",NA
"stratum","7","Chain 28",NA
"psu","7","Chain 28",NA
"logweight","7","Chain 28",NA
"ra","8","Chain 28",NA
"asthma_aux","8","Chain 28",NA
"age1","8","Chain 28",NA
"age2","8","Chain 28",NA
"age3","8","Chain 28",NA
"sex","8","Chain 28",NA
"race","8","Chain 28",NA
"education","8","Chain 28",5
"pir","8","Chain 28",0.777941365289974
"smoke","8","Chain 28",1
"cycle","8","Chain 28",NA
"stratum","8","Chain 28",NA
"psu","8","Chain 28",NA
"logweight","8","Chain 28",NA
"ra","9","Chain 28",NA
"asthma_aux","9","Chain 28",NA
"age1","9","Chain 28",NA
"age2","9","Chain 28",NA
"age3","9","Chain 28",NA
"sex","9","Chain 28",NA
"race","9","Chain 28",NA
"education","9","Chain 28",5
"pir","9","Chain 28",0.783614380483638
"smoke","9","Chain 28",1.9622641509434
"cycle","9","Chain 28",NA
"stratum","9","Chain 28",NA
"psu","9","Chain 28",NA
"logweight","9","Chain 28",NA
"ra","10","Chain 28",NA
"asthma_aux","10","Chain 28",NA
"age1","10","Chain 28",NA
"age2","10","Chain 28",NA
"age3","10","Chain 28",NA
"sex","10","Chain 28",NA
"race","10","Chain 28",NA
"education","10","Chain 28",5
"pir","10","Chain 28",4.8024823453884
"smoke","10","Chain 28",1
"cycle","10","Chain 28",NA
"stratum","10","Chain 28",NA
"psu","10","Chain 28",NA
"logweight","10","Chain 28",NA
"ra","1","Chain 29",NA
"asthma_aux","1","Chain 29",NA
"age1","1","Chain 29",NA
"age2","1","Chain 29",NA
"age3","1","Chain 29",NA
"sex","1","Chain 29",NA
"race","1","Chain 29",NA
"education","1","Chain 29",5
"pir","1","Chain 29",0.774821313931101
"smoke","1","Chain 29",1.9811320754717
"cycle","1","Chain 29",NA
"stratum","1","Chain 29",NA
"psu","1","Chain 29",NA
"logweight","1","Chain 29",NA
"ra","2","Chain 29",NA
"asthma_aux","2","Chain 29",NA
"age1","2","Chain 29",NA
"age2","2","Chain 29",NA
"age3","2","Chain 29",NA
"sex","2","Chain 29",NA
"race","2","Chain 29",NA
"education","2","Chain 29",4.76744186046512
"pir","2","Chain 29",4.80077038305157
"smoke","2","Chain 29",1
"cycle","2","Chain 29",NA
"stratum","2","Chain 29",NA
"psu","2","Chain 29",NA
"logweight","2","Chain 29",NA
"ra","3","Chain 29",NA
"asthma_aux","3","Chain 29",NA
"age1","3","Chain 29",NA
"age2","3","Chain 29",NA
"age3","3","Chain 29",NA
"sex","3","Chain 29",NA
"race","3","Chain 29",NA
"education","3","Chain 29",1.94186046511628
"pir","3","Chain 29",0.778576931307521
"smoke","3","Chain 29",1.90566037735849
"cycle","3","Chain 29",NA
"stratum","3","Chain 29",NA
"psu","3","Chain 29",NA
"logweight","3","Chain 29",NA
"ra","4","Chain 29",NA
"asthma_aux","4","Chain 29",NA
"age1","4","Chain 29",NA
"age2","4","Chain 29",NA
"age3","4","Chain 29",NA
"sex","4","Chain 29",NA
"race","4","Chain 29",NA
"education","4","Chain 29",1.23255813953488
"pir","4","Chain 29",0.77694628718169
"smoke","4","Chain 29",2.18867924528302
"cycle","4","Chain 29",NA
"stratum","4","Chain 29",NA
"psu","4","Chain 29",NA
"logweight","4","Chain 29",NA
"ra","5","Chain 29",NA
"asthma_aux","5","Chain 29",NA
"age1","5","Chain 29",NA
"age2","5","Chain 29",NA
"age3","5","Chain 29",NA
"sex","5","Chain 29",NA
"race","5","Chain 29",NA
"education","5","Chain 29",3.80232558139535
"pir","5","Chain 29",4.79199657607533
"smoke","5","Chain 29",1.94339622641509
"cycle","5","Chain 29",NA
"stratum","5","Chain 29",NA
"psu","5","Chain 29",NA
"logweight","5","Chain 29",NA
"ra","6","Chain 29",NA
"asthma_aux","6","Chain 29",NA
"age1","6","Chain 29",NA
"age2","6","Chain 29",NA
"age3","6","Chain 29",NA
"sex","6","Chain 29",NA
"race","6","Chain 29",NA
"education","6","Chain 29",2.01162790697674
"pir","6","Chain 29",0.777070404451112
"smoke","6","Chain 29",1
"cycle","6","Chain 29",NA
"stratum","6","Chain 29",NA
"psu","6","Chain 29",NA
"logweight","6","Chain 29",NA
"ra","7","Chain 29",NA
"asthma_aux","7","Chain 29",NA
"age1","7","Chain 29",NA
"age2","7","Chain 29",NA
"age3","7","Chain 29",NA
"sex","7","Chain 29",NA
"race","7","Chain 29",NA
"education","7","Chain 29",5
"pir","7","Chain 29",4.71470575647336
"smoke","7","Chain 29",1.75471698113208
"cycle","7","Chain 29",NA
"stratum","7","Chain 29",NA
"psu","7","Chain 29",NA
"logweight","7","Chain 29",NA
"ra","8","Chain 29",NA
"asthma_aux","8","Chain 29",NA
"age1","8","Chain 29",NA
"age2","8","Chain 29",NA
"age3","8","Chain 29",NA
"sex","8","Chain 29",NA
"race","8","Chain 29",NA
"education","8","Chain 29",1.90697674418605
"pir","8","Chain 29",4.79579499251016
"smoke","8","Chain 29",1
"cycle","8","Chain 29",NA
"stratum","8","Chain 29",NA
"psu","8","Chain 29",NA
"logweight","8","Chain 29",NA
"ra","9","Chain 29",NA
"asthma_aux","9","Chain 29",NA
"age1","9","Chain 29",NA
"age2","9","Chain 29",NA
"age3","9","Chain 29",NA
"sex","9","Chain 29",NA
"race","9","Chain 29",NA
"education","9","Chain 29",2
"pir","9","Chain 29",4.80526428418575
"smoke","9","Chain 29",1
"cycle","9","Chain 29",NA
"stratum","9","Chain 29",NA
"psu","9","Chain 29",NA
"logweight","9","Chain 29",NA
"ra","10","Chain 29",NA
"asthma_aux","10","Chain 29",NA
"age1","10","Chain 29",NA
"age2","10","Chain 29",NA
"age3","10","Chain 29",NA
"sex","10","Chain 29",NA
"race","10","Chain 29",NA
"education","10","Chain 29",4.88372093023256
"pir","10","Chain 29",0.778232398887235
"smoke","10","Chain 29",2
"cycle","10","Chain 29",NA
"stratum","10","Chain 29",NA
"psu","10","Chain 29",NA
"logweight","10","Chain 29",NA
"ra","1","Chain 30",NA
"asthma_aux","1","Chain 30",NA
"age1","1","Chain 30",NA
"age2","1","Chain 30",NA
"age3","1","Chain 30",NA
"sex","1","Chain 30",NA
"race","1","Chain 30",NA
"education","1","Chain 30",5
"pir","1","Chain 30",0.777286539696136
"smoke","1","Chain 30",1
"cycle","1","Chain 30",NA
"stratum","1","Chain 30",NA
"psu","1","Chain 30",NA
"logweight","1","Chain 30",NA
"ra","2","Chain 30",NA
"asthma_aux","2","Chain 30",NA
"age1","2","Chain 30",NA
"age2","2","Chain 30",NA
"age3","2","Chain 30",NA
"sex","2","Chain 30",NA
"race","2","Chain 30",NA
"education","2","Chain 30",1.18604651162791
"pir","2","Chain 30",0.771562165632364
"smoke","2","Chain 30",1
"cycle","2","Chain 30",NA
"stratum","2","Chain 30",NA
"psu","2","Chain 30",NA
"logweight","2","Chain 30",NA
"ra","3","Chain 30",NA
"asthma_aux","3","Chain 30",NA
"age1","3","Chain 30",NA
"age2","3","Chain 30",NA
"age3","3","Chain 30",NA
"sex","3","Chain 30",NA
"race","3","Chain 30",NA
"education","3","Chain 30",5
"pir","3","Chain 30",0.7778728867965
"smoke","3","Chain 30",1.13207547169811
"cycle","3","Chain 30",NA
"stratum","3","Chain 30",NA
"psu","3","Chain 30",NA
"logweight","3","Chain 30",NA
"ra","4","Chain 30",NA
"asthma_aux","4","Chain 30",NA
"age1","4","Chain 30",NA
"age2","4","Chain 30",NA
"age3","4","Chain 30",NA
"sex","4","Chain 30",NA
"race","4","Chain 30",NA
"education","4","Chain 30",1
"pir","4","Chain 30",4.8022683500963
"smoke","4","Chain 30",1
"cycle","4","Chain 30",NA
"stratum","4","Chain 30",NA
"psu","4","Chain 30",NA
"logweight","4","Chain 30",NA
"ra","5","Chain 30",NA
"asthma_aux","5","Chain 30",NA
"age1","5","Chain 30",NA
"age2","5","Chain 30",NA
"age3","5","Chain 30",NA
"sex","5","Chain 30",NA
"race","5","Chain 30",NA
"education","5","Chain 30",3.80232558139535
"pir","5","Chain 30",0.767982024395473
"smoke","5","Chain 30",1.83018867924528
"cycle","5","Chain 30",NA
"stratum","5","Chain 30",NA
"psu","5","Chain 30",NA
"logweight","5","Chain 30",NA
"ra","6","Chain 30",NA
"asthma_aux","6","Chain 30",NA
"age1","6","Chain 30",NA
"age2","6","Chain 30",NA
"age3","6","Chain 30",NA
"sex","6","Chain 30",NA
"race","6","Chain 30",NA
"education","6","Chain 30",1.18604651162791
"pir","6","Chain 30",0.784160068478503
"smoke","6","Chain 30",2.16981132075472
"cycle","6","Chain 30",NA
"stratum","6","Chain 30",NA
"psu","6","Chain 30",NA
"logweight","6","Chain 30",NA
"ra","7","Chain 30",NA
"asthma_aux","7","Chain 30",NA
"age1","7","Chain 30",NA
"age2","7","Chain 30",NA
"age3","7","Chain 30",NA
"sex","7","Chain 30",NA
"race","7","Chain 30",NA
"education","7","Chain 30",1
"pir","7","Chain 30",4.80376631714102
"smoke","7","Chain 30",1
"cycle","7","Chain 30",NA
"stratum","7","Chain 30",NA
"psu","7","Chain 30",NA
"logweight","7","Chain 30",NA
"ra","8","Chain 30",NA
"asthma_aux","8","Chain 30",NA
"age1","8","Chain 30",NA
"age2","8","Chain 30",NA
"age3","8","Chain 30",NA
"sex","8","Chain 30",NA
"race","8","Chain 30",NA
"education","8","Chain 30",1.74418604651163
"pir","8","Chain 30",0.77004279905843
"smoke","8","Chain 30",2.0188679245283
"cycle","8","Chain 30",NA
"stratum","8","Chain 30",NA
"psu","8","Chain 30",NA
"logweight","8","Chain 30",NA
"ra","9","Chain 30",NA
"asthma_aux","9","Chain 30",NA
"age1","9","Chain 30",NA
"age2","9","Chain 30",NA
"age3","9","Chain 30",NA
"sex","9","Chain 30",NA
"race","9","Chain 30",NA
"education","9","Chain 30",5
"pir","9","Chain 30",4.7964904772095
"smoke","9","Chain 30",1.94339622641509
"cycle","9","Chain 30",NA
"stratum","9","Chain 30",NA
"psu","9","Chain 30",NA
"logweight","9","Chain 30",NA
"ra","10","Chain 30",NA
"asthma_aux","10","Chain 30",NA
"age1","10","Chain 30",NA
"age2","10","Chain 30",NA
"age3","10","Chain 30",NA
"sex","10","Chain 30",NA
"race","10","Chain 30",NA
"education","10","Chain 30",5
"pir","10","Chain 30",0.773511662743431
"smoke","10","Chain 30",1.90566037735849
"cycle","10","Chain 30",NA
"stratum","10","Chain 30",NA
"psu","10","Chain 30",NA
"logweight","10","Chain 30",NA
