"it","im","dep","meth","out"
1,1,"education","pmm","cycle2001, cycle2003, cycle2007, cycle2009, cycle2011, cycle2015, stratum4, stratum5, stratum7"
1,1,"education","pmm","mice detected that your data are (nearly) multi-collinear.
It applied a ridge penalty to continue calculations, but the results can be unstable.
Does your dataset contain duplicates, linear transformation, or factors with unique respondent names?"
1,1,"pir","pmm","cycle2001, cycle2003, cycle2007, cycle2011, cycle2015, stratum2, stratum3, stratum4, stratum7"
1,1,"pir","pmm","mice detected that your data are (nearly) multi-collinear.
It applied a ridge penalty to continue calculations, but the results can be unstable.
Does your dataset contain duplicates, linear transformation, or factors with unique respondent names?"
1,1,"smoke","pmm","cycle2001, cycle2005, cycle2007, cycle2011, cycle2013, stratum2, stratum3, stratum4, stratum6"
1,1,"smoke","pmm","mice detected that your data are (nearly) multi-collinear.
It applied a ridge penalty to continue calculations, but the results can be unstable.
Does your dataset contain duplicates, linear transformation, or factors with unique respondent names?"
1,2,"education","pmm","cycle2001, cycle2003, cycle2007, cycle2009, cycle2011, cycle2015, stratum4, stratum5, stratum7"
1,2,"education","pmm","mice detected that your data are (nearly) multi-collinear.
It applied a ridge penalty to continue calculations, but the results can be unstable.
Does your dataset contain duplicates, linear transformation, or factors with unique respondent names?"
1,2,"pir","pmm","cycle2001, cycle2003, cycle2007, cycle2011, cycle2015, stratum2, stratum3, stratum4, stratum7"
1,2,"pir","pmm","mice detected that your data are (nearly) multi-collinear.
It applied a ridge penalty to continue calculations, but the results can be unstable.
Does your dataset contain duplicates, linear transformation, or factors with unique respondent names?"
1,2,"smoke","pmm","cycle2001, cycle2005, cycle2007, cycle2011, cycle2013, stratum2, stratum3, stratum4, stratum6"
1,2,"smoke","pmm","mice detected that your data are (nearly) multi-collinear.
It applied a ridge penalty to continue calculations, but the results can be unstable.
Does your dataset contain duplicates, linear transformation, or factors with unique respondent names?"
1,3,"education","pmm","cycle2001, cycle2003, cycle2007, cycle2009, cycle2011, cycle2015, stratum4, stratum5, stratum7"
1,3,"education","pmm","mice detected that your data are (nearly) multi-collinear.
It applied a ridge penalty to continue calculations, but the results can be unstable.
Does your dataset contain duplicates, linear transformation, or factors with unique respondent names?"
1,3,"pir","pmm","cycle2001, cycle2003, cycle2007, cycle2011, cycle2015, stratum2, stratum3, stratum4, stratum7"
1,3,"pir","pmm","mice detected that your data are (nearly) multi-collinear.
It applied a ridge penalty to continue calculations, but the results can be unstable.
Does your dataset contain duplicates, linear transformation, or factors with unique respondent names?"
1,3,"smoke","pmm","cycle2001, cycle2005, cycle2007, cycle2011, cycle2013, stratum2, stratum3, stratum4, stratum6"
1,3,"smoke","pmm","mice detected that your data are (nearly) multi-collinear.
It applied a ridge penalty to continue calculations, but the results can be unstable.
Does your dataset contain duplicates, linear transformation, or factors with unique respondent names?"
1,4,"education","pmm","cycle2001, cycle2003, cycle2007, cycle2009, cycle2011, cycle2015, stratum4, stratum5, stratum7"
1,4,"education","pmm","mice detected that your data are (nearly) multi-collinear.
It applied a ridge penalty to continue calculations, but the results can be unstable.
Does your dataset contain duplicates, linear transformation, or factors with unique respondent names?"
1,4,"pir","pmm","cycle2001, cycle2003, cycle2007, cycle2011, cycle2015, stratum2, stratum3, stratum4, stratum7"
1,4,"pir","pmm","mice detected that your data are (nearly) multi-collinear.
It applied a ridge penalty to continue calculations, but the results can be unstable.
Does your dataset contain duplicates, linear transformation, or factors with unique respondent names?"
1,4,"smoke","pmm","cycle2001, cycle2005, cycle2007, cycle2011, cycle2013, stratum2, stratum3, stratum4, stratum6"
1,4,"smoke","pmm","mice detected that your data are (nearly) multi-collinear.
It applied a ridge penalty to continue calculations, but the results can be unstable.
Does your dataset contain duplicates, linear transformation, or factors with unique respondent names?"
1,5,"education","pmm","cycle2001, cycle2003, cycle2007, cycle2009, cycle2011, cycle2015, stratum4, stratum5, stratum7"
1,5,"education","pmm","mice detected that your data are (nearly) multi-collinear.
It applied a ridge penalty to continue calculations, but the results can be unstable.
Does your dataset contain duplicates, linear transformation, or factors with unique respondent names?"
1,5,"pir","pmm","cycle2001, cycle2003, cycle2007, cycle2011, cycle2015, stratum2, stratum3, stratum4, stratum7"
1,5,"pir","pmm","mice detected that your data are (nearly) multi-collinear.
It applied a ridge penalty to continue calculations, but the results can be unstable.
Does your dataset contain duplicates, linear transformation, or factors with unique respondent names?"
1,5,"smoke","pmm","cycle2001, cycle2005, cycle2007, cycle2011, cycle2013, stratum2, stratum3, stratum4, stratum6"
1,5,"smoke","pmm","mice detected that your data are (nearly) multi-collinear.
It applied a ridge penalty to continue calculations, but the results can be unstable.
Does your dataset contain duplicates, linear transformation, or factors with unique respondent names?"
1,6,"education","pmm","cycle2001, cycle2003, cycle2007, cycle2009, cycle2011, cycle2015, stratum4, stratum5, stratum7"
1,6,"education","pmm","mice detected that your data are (nearly) multi-collinear.
It applied a ridge penalty to continue calculations, but the results can be unstable.
Does your dataset contain duplicates, linear transformation, or factors with unique respondent names?"
1,6,"pir","pmm","cycle2001, cycle2003, cycle2007, cycle2011, cycle2015, stratum2, stratum3, stratum4, stratum7"
1,6,"pir","pmm","mice detected that your data are (nearly) multi-collinear.
It applied a ridge penalty to continue calculations, but the results can be unstable.
Does your dataset contain duplicates, linear transformation, or factors with unique respondent names?"
1,6,"smoke","pmm","cycle2001, cycle2005, cycle2007, cycle2011, cycle2013, stratum2, stratum3, stratum4, stratum6"
1,6,"smoke","pmm","mice detected that your data are (nearly) multi-collinear.
It applied a ridge penalty to continue calculations, but the results can be unstable.
Does your dataset contain duplicates, linear transformation, or factors with unique respondent names?"
1,7,"education","pmm","cycle2001, cycle2003, cycle2007, cycle2009, cycle2011, cycle2015, stratum4, stratum5, stratum7"
1,7,"education","pmm","mice detected that your data are (nearly) multi-collinear.
It applied a ridge penalty to continue calculations, but the results can be unstable.
Does your dataset contain duplicates, linear transformation, or factors with unique respondent names?"
1,7,"pir","pmm","cycle2001, cycle2003, cycle2007, cycle2011, cycle2015, stratum2, stratum3, stratum4, stratum7"
1,7,"pir","pmm","mice detected that your data are (nearly) multi-collinear.
It applied a ridge penalty to continue calculations, but the results can be unstable.
Does your dataset contain duplicates, linear transformation, or factors with unique respondent names?"
1,7,"smoke","pmm","cycle2001, cycle2005, cycle2007, cycle2011, cycle2013, stratum2, stratum3, stratum4, stratum6"
1,7,"smoke","pmm","mice detected that your data are (nearly) multi-collinear.
It applied a ridge penalty to continue calculations, but the results can be unstable.
Does your dataset contain duplicates, linear transformation, or factors with unique respondent names?"
1,8,"education","pmm","cycle2001, cycle2003, cycle2007, cycle2009, cycle2011, cycle2015, stratum4, stratum5, stratum7"
1,8,"education","pmm","mice detected that your data are (nearly) multi-collinear.
It applied a ridge penalty to continue calculations, but the results can be unstable.
Does your dataset contain duplicates, linear transformation, or factors with unique respondent names?"
1,8,"pir","pmm","cycle2001, cycle2003, cycle2007, cycle2011, cycle2015, stratum2, stratum3, stratum4, stratum7"
1,8,"pir","pmm","mice detected that your data are (nearly) multi-collinear.
It applied a ridge penalty to continue calculations, but the results can be unstable.
Does your dataset contain duplicates, linear transformation, or factors with unique respondent names?"
1,8,"smoke","pmm","cycle2001, cycle2005, cycle2007, cycle2011, cycle2013, stratum2, stratum3, stratum4, stratum6"
1,8,"smoke","pmm","mice detected that your data are (nearly) multi-collinear.
It applied a ridge penalty to continue calculations, but the results can be unstable.
Does your dataset contain duplicates, linear transformation, or factors with unique respondent names?"
1,9,"education","pmm","cycle2001, cycle2003, cycle2007, cycle2009, cycle2011, cycle2015, stratum4, stratum5, stratum7"
1,9,"education","pmm","mice detected that your data are (nearly) multi-collinear.
It applied a ridge penalty to continue calculations, but the results can be unstable.
Does your dataset contain duplicates, linear transformation, or factors with unique respondent names?"
1,9,"pir","pmm","cycle2001, cycle2003, cycle2007, cycle2011, cycle2015, stratum2, stratum3, stratum4, stratum7"
1,9,"pir","pmm","mice detected that your data are (nearly) multi-collinear.
It applied a ridge penalty to continue calculations, but the results can be unstable.
Does your dataset contain duplicates, linear transformation, or factors with unique respondent names?"
1,9,"smoke","pmm","cycle2001, cycle2005, cycle2007, cycle2011, cycle2013, stratum2, stratum3, stratum4, stratum6"
1,9,"smoke","pmm","mice detected that your data are (nearly) multi-collinear.
It applied a ridge penalty to continue calculations, but the results can be unstable.
Does your dataset contain duplicates, linear transformation, or factors with unique respondent names?"
1,10,"education","pmm","cycle2001, cycle2003, cycle2007, cycle2009, cycle2011, cycle2015, stratum4, stratum5, stratum7"
1,10,"education","pmm","mice detected that your data are (nearly) multi-collinear.
It applied a ridge penalty to continue calculations, but the results can be unstable.
Does your dataset contain duplicates, linear transformation, or factors with unique respondent names?"
1,10,"pir","pmm","cycle2001, cycle2003, cycle2007, cycle2011, cycle2015, stratum2, stratum3, stratum4, stratum7"
1,10,"pir","pmm","mice detected that your data are (nearly) multi-collinear.
It applied a ridge penalty to continue calculations, but the results can be unstable.
Does your dataset contain duplicates, linear transformation, or factors with unique respondent names?"
1,10,"smoke","pmm","cycle2001, cycle2005, cycle2007, cycle2011, cycle2013, stratum2, stratum3, stratum4, stratum6"
1,10,"smoke","pmm","mice detected that your data are (nearly) multi-collinear.
It applied a ridge penalty to continue calculations, but the results can be unstable.
Does your dataset contain duplicates, linear transformation, or factors with unique respondent names?"
1,11,"education","pmm","cycle2001, cycle2003, cycle2007, cycle2009, cycle2011, cycle2015, stratum4, stratum5, stratum7"
1,11,"education","pmm","mice detected that your data are (nearly) multi-collinear.
It applied a ridge penalty to continue calculations, but the results can be unstable.
Does your dataset contain duplicates, linear transformation, or factors with unique respondent names?"
1,11,"pir","pmm","cycle2001, cycle2003, cycle2007, cycle2011, cycle2015, stratum2, stratum3, stratum4, stratum7"
1,11,"pir","pmm","mice detected that your data are (nearly) multi-collinear.
It applied a ridge penalty to continue calculations, but the results can be unstable.
Does your dataset contain duplicates, linear transformation, or factors with unique respondent names?"
1,11,"smoke","pmm","cycle2001, cycle2005, cycle2007, cycle2011, cycle2013, stratum2, stratum3, stratum4, stratum6"
1,11,"smoke","pmm","mice detected that your data are (nearly) multi-collinear.
It applied a ridge penalty to continue calculations, but the results can be unstable.
Does your dataset contain duplicates, linear transformation, or factors with unique respondent names?"
1,12,"education","pmm","cycle2001, cycle2003, cycle2007, cycle2009, cycle2011, cycle2015, stratum4, stratum5, stratum7"
1,12,"education","pmm","mice detected that your data are (nearly) multi-collinear.
It applied a ridge penalty to continue calculations, but the results can be unstable.
Does your dataset contain duplicates, linear transformation, or factors with unique respondent names?"
1,12,"pir","pmm","cycle2001, cycle2003, cycle2007, cycle2011, cycle2015, stratum2, stratum3, stratum4, stratum7"
1,12,"pir","pmm","mice detected that your data are (nearly) multi-collinear.
It applied a ridge penalty to continue calculations, but the results can be unstable.
Does your dataset contain duplicates, linear transformation, or factors with unique respondent names?"
1,12,"smoke","pmm","cycle2001, cycle2005, cycle2007, cycle2011, cycle2013, stratum2, stratum3, stratum4, stratum6"
1,12,"smoke","pmm","mice detected that your data are (nearly) multi-collinear.
It applied a ridge penalty to continue calculations, but the results can be unstable.
Does your dataset contain duplicates, linear transformation, or factors with unique respondent names?"
1,13,"education","pmm","cycle2001, cycle2003, cycle2007, cycle2009, cycle2011, cycle2015, stratum4, stratum5, stratum7"
1,13,"education","pmm","mice detected that your data are (nearly) multi-collinear.
It applied a ridge penalty to continue calculations, but the results can be unstable.
Does your dataset contain duplicates, linear transformation, or factors with unique respondent names?"
1,13,"pir","pmm","cycle2001, cycle2003, cycle2007, cycle2011, cycle2015, stratum2, stratum3, stratum4, stratum7"
1,13,"pir","pmm","mice detected that your data are (nearly) multi-collinear.
It applied a ridge penalty to continue calculations, but the results can be unstable.
Does your dataset contain duplicates, linear transformation, or factors with unique respondent names?"
1,13,"smoke","pmm","cycle2001, cycle2005, cycle2007, cycle2011, cycle2013, stratum2, stratum3, stratum4, stratum6"
1,13,"smoke","pmm","mice detected that your data are (nearly) multi-collinear.
It applied a ridge penalty to continue calculations, but the results can be unstable.
Does your dataset contain duplicates, linear transformation, or factors with unique respondent names?"
1,14,"education","pmm","cycle2001, cycle2003, cycle2007, cycle2009, cycle2011, cycle2015, stratum4, stratum5, stratum7"
1,14,"education","pmm","mice detected that your data are (nearly) multi-collinear.
It applied a ridge penalty to continue calculations, but the results can be unstable.
Does your dataset contain duplicates, linear transformation, or factors with unique respondent names?"
1,14,"pir","pmm","cycle2001, cycle2003, cycle2007, cycle2011, cycle2015, stratum2, stratum3, stratum4, stratum7"
1,14,"pir","pmm","mice detected that your data are (nearly) multi-collinear.
It applied a ridge penalty to continue calculations, but the results can be unstable.
Does your dataset contain duplicates, linear transformation, or factors with unique respondent names?"
1,14,"smoke","pmm","cycle2001, cycle2005, cycle2007, cycle2011, cycle2013, stratum2, stratum3, stratum4, stratum6"
1,14,"smoke","pmm","mice detected that your data are (nearly) multi-collinear.
It applied a ridge penalty to continue calculations, but the results can be unstable.
Does your dataset contain duplicates, linear transformation, or factors with unique respondent names?"
1,15,"education","pmm","cycle2001, cycle2003, cycle2007, cycle2009, cycle2011, cycle2015, stratum4, stratum5, stratum7"
1,15,"education","pmm","mice detected that your data are (nearly) multi-collinear.
It applied a ridge penalty to continue calculations, but the results can be unstable.
Does your dataset contain duplicates, linear transformation, or factors with unique respondent names?"
1,15,"pir","pmm","cycle2001, cycle2003, cycle2007, cycle2011, cycle2015, stratum2, stratum3, stratum4, stratum7"
1,15,"pir","pmm","mice detected that your data are (nearly) multi-collinear.
It applied a ridge penalty to continue calculations, but the results can be unstable.
Does your dataset contain duplicates, linear transformation, or factors with unique respondent names?"
1,15,"smoke","pmm","cycle2001, cycle2005, cycle2007, cycle2011, cycle2013, stratum2, stratum3, stratum4, stratum6"
1,15,"smoke","pmm","mice detected that your data are (nearly) multi-collinear.
It applied a ridge penalty to continue calculations, but the results can be unstable.
Does your dataset contain duplicates, linear transformation, or factors with unique respondent names?"
1,16,"education","pmm","cycle2001, cycle2003, cycle2007, cycle2009, cycle2011, cycle2015, stratum4, stratum5, stratum7"
1,16,"education","pmm","mice detected that your data are (nearly) multi-collinear.
It applied a ridge penalty to continue calculations, but the results can be unstable.
Does your dataset contain duplicates, linear transformation, or factors with unique respondent names?"
1,16,"pir","pmm","cycle2001, cycle2003, cycle2007, cycle2011, cycle2015, stratum2, stratum3, stratum4, stratum7"
1,16,"pir","pmm","mice detected that your data are (nearly) multi-collinear.
It applied a ridge penalty to continue calculations, but the results can be unstable.
Does your dataset contain duplicates, linear transformation, or factors with unique respondent names?"
1,16,"smoke","pmm","cycle2001, cycle2005, cycle2007, cycle2011, cycle2013, stratum2, stratum3, stratum4, stratum6"
1,16,"smoke","pmm","mice detected that your data are (nearly) multi-collinear.
It applied a ridge penalty to continue calculations, but the results can be unstable.
Does your dataset contain duplicates, linear transformation, or factors with unique respondent names?"
1,17,"education","pmm","cycle2001, cycle2003, cycle2007, cycle2009, cycle2011, cycle2015, stratum4, stratum5, stratum7"
1,17,"education","pmm","mice detected that your data are (nearly) multi-collinear.
It applied a ridge penalty to continue calculations, but the results can be unstable.
Does your dataset contain duplicates, linear transformation, or factors with unique respondent names?"
1,17,"pir","pmm","cycle2001, cycle2003, cycle2007, cycle2011, cycle2015, stratum2, stratum3, stratum4, stratum7"
1,17,"pir","pmm","mice detected that your data are (nearly) multi-collinear.
It applied a ridge penalty to continue calculations, but the results can be unstable.
Does your dataset contain duplicates, linear transformation, or factors with unique respondent names?"
1,17,"smoke","pmm","cycle2001, cycle2005, cycle2007, cycle2011, cycle2013, stratum2, stratum3, stratum4, stratum6"
1,17,"smoke","pmm","mice detected that your data are (nearly) multi-collinear.
It applied a ridge penalty to continue calculations, but the results can be unstable.
Does your dataset contain duplicates, linear transformation, or factors with unique respondent names?"
1,18,"education","pmm","cycle2001, cycle2003, cycle2007, cycle2009, cycle2011, cycle2015, stratum4, stratum5, stratum7"
1,18,"education","pmm","mice detected that your data are (nearly) multi-collinear.
It applied a ridge penalty to continue calculations, but the results can be unstable.
Does your dataset contain duplicates, linear transformation, or factors with unique respondent names?"
1,18,"pir","pmm","cycle2001, cycle2003, cycle2007, cycle2011, cycle2015, stratum2, stratum3, stratum4, stratum7"
1,18,"pir","pmm","mice detected that your data are (nearly) multi-collinear.
It applied a ridge penalty to continue calculations, but the results can be unstable.
Does your dataset contain duplicates, linear transformation, or factors with unique respondent names?"
1,18,"smoke","pmm","cycle2001, cycle2005, cycle2007, cycle2011, cycle2013, stratum2, stratum3, stratum4, stratum6"
1,18,"smoke","pmm","mice detected that your data are (nearly) multi-collinear.
It applied a ridge penalty to continue calculations, but the results can be unstable.
Does your dataset contain duplicates, linear transformation, or factors with unique respondent names?"
1,19,"education","pmm","cycle2001, cycle2003, cycle2007, cycle2009, cycle2011, cycle2015, stratum4, stratum5, stratum7"
1,19,"education","pmm","mice detected that your data are (nearly) multi-collinear.
It applied a ridge penalty to continue calculations, but the results can be unstable.
Does your dataset contain duplicates, linear transformation, or factors with unique respondent names?"
1,19,"pir","pmm","cycle2001, cycle2003, cycle2007, cycle2011, cycle2015, stratum2, stratum3, stratum4, stratum7"
1,19,"pir","pmm","mice detected that your data are (nearly) multi-collinear.
It applied a ridge penalty to continue calculations, but the results can be unstable.
Does your dataset contain duplicates, linear transformation, or factors with unique respondent names?"
1,19,"smoke","pmm","cycle2001, cycle2005, cycle2007, cycle2011, cycle2013, stratum2, stratum3, stratum4, stratum6"
1,19,"smoke","pmm","mice detected that your data are (nearly) multi-collinear.
It applied a ridge penalty to continue calculations, but the results can be unstable.
Does your dataset contain duplicates, linear transformation, or factors with unique respondent names?"
1,20,"education","pmm","cycle2001, cycle2003, cycle2007, cycle2009, cycle2011, cycle2015, stratum4, stratum5, stratum7"
1,20,"education","pmm","mice detected that your data are (nearly) multi-collinear.
It applied a ridge penalty to continue calculations, but the results can be unstable.
Does your dataset contain duplicates, linear transformation, or factors with unique respondent names?"
1,20,"pir","pmm","cycle2001, cycle2003, cycle2007, cycle2011, cycle2015, stratum2, stratum3, stratum4, stratum7"
1,20,"pir","pmm","mice detected that your data are (nearly) multi-collinear.
It applied a ridge penalty to continue calculations, but the results can be unstable.
Does your dataset contain duplicates, linear transformation, or factors with unique respondent names?"
1,20,"smoke","pmm","cycle2001, cycle2005, cycle2007, cycle2011, cycle2013, stratum2, stratum3, stratum4, stratum6"
1,20,"smoke","pmm","mice detected that your data are (nearly) multi-collinear.
It applied a ridge penalty to continue calculations, but the results can be unstable.
Does your dataset contain duplicates, linear transformation, or factors with unique respondent names?"
1,21,"education","pmm","cycle2001, cycle2003, cycle2007, cycle2009, cycle2011, cycle2015, stratum4, stratum5, stratum7"
1,21,"education","pmm","mice detected that your data are (nearly) multi-collinear.
It applied a ridge penalty to continue calculations, but the results can be unstable.
Does your dataset contain duplicates, linear transformation, or factors with unique respondent names?"
1,21,"pir","pmm","cycle2001, cycle2003, cycle2007, cycle2011, cycle2015, stratum2, stratum3, stratum4, stratum7"
1,21,"pir","pmm","mice detected that your data are (nearly) multi-collinear.
It applied a ridge penalty to continue calculations, but the results can be unstable.
Does your dataset contain duplicates, linear transformation, or factors with unique respondent names?"
1,21,"smoke","pmm","cycle2001, cycle2005, cycle2007, cycle2011, cycle2013, stratum2, stratum3, stratum4, stratum6"
1,21,"smoke","pmm","mice detected that your data are (nearly) multi-collinear.
It applied a ridge penalty to continue calculations, but the results can be unstable.
Does your dataset contain duplicates, linear transformation, or factors with unique respondent names?"
1,22,"education","pmm","cycle2001, cycle2003, cycle2007, cycle2009, cycle2011, cycle2015, stratum4, stratum5, stratum7"
1,22,"education","pmm","mice detected that your data are (nearly) multi-collinear.
It applied a ridge penalty to continue calculations, but the results can be unstable.
Does your dataset contain duplicates, linear transformation, or factors with unique respondent names?"
1,22,"pir","pmm","cycle2001, cycle2003, cycle2007, cycle2011, cycle2015, stratum2, stratum3, stratum4, stratum7"
1,22,"pir","pmm","mice detected that your data are (nearly) multi-collinear.
It applied a ridge penalty to continue calculations, but the results can be unstable.
Does your dataset contain duplicates, linear transformation, or factors with unique respondent names?"
1,22,"smoke","pmm","cycle2001, cycle2005, cycle2007, cycle2011, cycle2013, stratum2, stratum3, stratum4, stratum6"
1,22,"smoke","pmm","mice detected that your data are (nearly) multi-collinear.
It applied a ridge penalty to continue calculations, but the results can be unstable.
Does your dataset contain duplicates, linear transformation, or factors with unique respondent names?"
1,23,"education","pmm","cycle2001, cycle2003, cycle2007, cycle2009, cycle2011, cycle2015, stratum4, stratum5, stratum7"
1,23,"education","pmm","mice detected that your data are (nearly) multi-collinear.
It applied a ridge penalty to continue calculations, but the results can be unstable.
Does your dataset contain duplicates, linear transformation, or factors with unique respondent names?"
1,23,"pir","pmm","cycle2001, cycle2003, cycle2007, cycle2011, cycle2015, stratum2, stratum3, stratum4, stratum7"
1,23,"pir","pmm","mice detected that your data are (nearly) multi-collinear.
It applied a ridge penalty to continue calculations, but the results can be unstable.
Does your dataset contain duplicates, linear transformation, or factors with unique respondent names?"
1,23,"smoke","pmm","cycle2001, cycle2005, cycle2007, cycle2011, cycle2013, stratum2, stratum3, stratum4, stratum6"
1,23,"smoke","pmm","mice detected that your data are (nearly) multi-collinear.
It applied a ridge penalty to continue calculations, but the results can be unstable.
Does your dataset contain duplicates, linear transformation, or factors with unique respondent names?"
1,24,"education","pmm","cycle2001, cycle2003, cycle2007, cycle2009, cycle2011, cycle2015, stratum4, stratum5, stratum7"
1,24,"education","pmm","mice detected that your data are (nearly) multi-collinear.
It applied a ridge penalty to continue calculations, but the results can be unstable.
Does your dataset contain duplicates, linear transformation, or factors with unique respondent names?"
1,24,"pir","pmm","cycle2001, cycle2003, cycle2007, cycle2011, cycle2015, stratum2, stratum3, stratum4, stratum7"
1,24,"pir","pmm","mice detected that your data are (nearly) multi-collinear.
It applied a ridge penalty to continue calculations, but the results can be unstable.
Does your dataset contain duplicates, linear transformation, or factors with unique respondent names?"
1,24,"smoke","pmm","cycle2001, cycle2005, cycle2007, cycle2011, cycle2013, stratum2, stratum3, stratum4, stratum6"
1,24,"smoke","pmm","mice detected that your data are (nearly) multi-collinear.
It applied a ridge penalty to continue calculations, but the results can be unstable.
Does your dataset contain duplicates, linear transformation, or factors with unique respondent names?"
1,25,"education","pmm","cycle2001, cycle2003, cycle2007, cycle2009, cycle2011, cycle2015, stratum4, stratum5, stratum7"
1,25,"education","pmm","mice detected that your data are (nearly) multi-collinear.
It applied a ridge penalty to continue calculations, but the results can be unstable.
Does your dataset contain duplicates, linear transformation, or factors with unique respondent names?"
1,25,"pir","pmm","cycle2001, cycle2003, cycle2007, cycle2011, cycle2015, stratum2, stratum3, stratum4, stratum7"
1,25,"pir","pmm","mice detected that your data are (nearly) multi-collinear.
It applied a ridge penalty to continue calculations, but the results can be unstable.
Does your dataset contain duplicates, linear transformation, or factors with unique respondent names?"
1,25,"smoke","pmm","cycle2001, cycle2005, cycle2007, cycle2011, cycle2013, stratum2, stratum3, stratum4, stratum6"
1,25,"smoke","pmm","mice detected that your data are (nearly) multi-collinear.
It applied a ridge penalty to continue calculations, but the results can be unstable.
Does your dataset contain duplicates, linear transformation, or factors with unique respondent names?"
1,26,"education","pmm","cycle2001, cycle2003, cycle2007, cycle2009, cycle2011, cycle2015, stratum4, stratum5, stratum7"
1,26,"education","pmm","mice detected that your data are (nearly) multi-collinear.
It applied a ridge penalty to continue calculations, but the results can be unstable.
Does your dataset contain duplicates, linear transformation, or factors with unique respondent names?"
1,26,"pir","pmm","cycle2001, cycle2003, cycle2007, cycle2011, cycle2015, stratum2, stratum3, stratum4, stratum7"
1,26,"pir","pmm","mice detected that your data are (nearly) multi-collinear.
It applied a ridge penalty to continue calculations, but the results can be unstable.
Does your dataset contain duplicates, linear transformation, or factors with unique respondent names?"
1,26,"smoke","pmm","cycle2001, cycle2005, cycle2007, cycle2011, cycle2013, stratum2, stratum3, stratum4, stratum6"
1,26,"smoke","pmm","mice detected that your data are (nearly) multi-collinear.
It applied a ridge penalty to continue calculations, but the results can be unstable.
Does your dataset contain duplicates, linear transformation, or factors with unique respondent names?"
1,27,"education","pmm","cycle2001, cycle2003, cycle2007, cycle2009, cycle2011, cycle2015, stratum4, stratum5, stratum7"
1,27,"education","pmm","mice detected that your data are (nearly) multi-collinear.
It applied a ridge penalty to continue calculations, but the results can be unstable.
Does your dataset contain duplicates, linear transformation, or factors with unique respondent names?"
1,27,"pir","pmm","cycle2001, cycle2003, cycle2007, cycle2011, cycle2015, stratum2, stratum3, stratum4, stratum7"
1,27,"pir","pmm","mice detected that your data are (nearly) multi-collinear.
It applied a ridge penalty to continue calculations, but the results can be unstable.
Does your dataset contain duplicates, linear transformation, or factors with unique respondent names?"
1,27,"smoke","pmm","cycle2001, cycle2005, cycle2007, cycle2011, cycle2013, stratum2, stratum3, stratum4, stratum6"
1,27,"smoke","pmm","mice detected that your data are (nearly) multi-collinear.
It applied a ridge penalty to continue calculations, but the results can be unstable.
Does your dataset contain duplicates, linear transformation, or factors with unique respondent names?"
1,28,"education","pmm","cycle2001, cycle2003, cycle2007, cycle2009, cycle2011, cycle2015, stratum4, stratum5, stratum7"
1,28,"education","pmm","mice detected that your data are (nearly) multi-collinear.
It applied a ridge penalty to continue calculations, but the results can be unstable.
Does your dataset contain duplicates, linear transformation, or factors with unique respondent names?"
1,28,"pir","pmm","cycle2001, cycle2003, cycle2007, cycle2011, cycle2015, stratum2, stratum3, stratum4, stratum7"
1,28,"pir","pmm","mice detected that your data are (nearly) multi-collinear.
It applied a ridge penalty to continue calculations, but the results can be unstable.
Does your dataset contain duplicates, linear transformation, or factors with unique respondent names?"
1,28,"smoke","pmm","cycle2001, cycle2005, cycle2007, cycle2011, cycle2013, stratum2, stratum3, stratum4, stratum6"
1,28,"smoke","pmm","mice detected that your data are (nearly) multi-collinear.
It applied a ridge penalty to continue calculations, but the results can be unstable.
Does your dataset contain duplicates, linear transformation, or factors with unique respondent names?"
1,29,"education","pmm","cycle2001, cycle2003, cycle2007, cycle2009, cycle2011, cycle2015, stratum4, stratum5, stratum7"
1,29,"education","pmm","mice detected that your data are (nearly) multi-collinear.
It applied a ridge penalty to continue calculations, but the results can be unstable.
Does your dataset contain duplicates, linear transformation, or factors with unique respondent names?"
1,29,"pir","pmm","cycle2001, cycle2003, cycle2007, cycle2011, cycle2015, stratum2, stratum3, stratum4, stratum7"
1,29,"pir","pmm","mice detected that your data are (nearly) multi-collinear.
It applied a ridge penalty to continue calculations, but the results can be unstable.
Does your dataset contain duplicates, linear transformation, or factors with unique respondent names?"
1,29,"smoke","pmm","cycle2001, cycle2005, cycle2007, cycle2011, cycle2013, stratum2, stratum3, stratum4, stratum6"
1,29,"smoke","pmm","mice detected that your data are (nearly) multi-collinear.
It applied a ridge penalty to continue calculations, but the results can be unstable.
Does your dataset contain duplicates, linear transformation, or factors with unique respondent names?"
1,30,"education","pmm","cycle2001, cycle2003, cycle2007, cycle2009, cycle2011, cycle2015, stratum4, stratum5, stratum7"
1,30,"education","pmm","mice detected that your data are (nearly) multi-collinear.
It applied a ridge penalty to continue calculations, but the results can be unstable.
Does your dataset contain duplicates, linear transformation, or factors with unique respondent names?"
1,30,"pir","pmm","cycle2001, cycle2003, cycle2007, cycle2011, cycle2015, stratum2, stratum3, stratum4, stratum7"
1,30,"pir","pmm","mice detected that your data are (nearly) multi-collinear.
It applied a ridge penalty to continue calculations, but the results can be unstable.
Does your dataset contain duplicates, linear transformation, or factors with unique respondent names?"
1,30,"smoke","pmm","cycle2001, cycle2005, cycle2007, cycle2011, cycle2013, stratum2, stratum3, stratum4, stratum6"
1,30,"smoke","pmm","mice detected that your data are (nearly) multi-collinear.
It applied a ridge penalty to continue calculations, but the results can be unstable.
Does your dataset contain duplicates, linear transformation, or factors with unique respondent names?"
2,1,"education","pmm","cycle2001, cycle2003, cycle2007, cycle2009, cycle2011, cycle2015, stratum4, stratum5, stratum7"
2,1,"education","pmm","mice detected that your data are (nearly) multi-collinear.
It applied a ridge penalty to continue calculations, but the results can be unstable.
Does your dataset contain duplicates, linear transformation, or factors with unique respondent names?"
2,1,"pir","pmm","cycle2001, cycle2003, cycle2007, cycle2011, cycle2015, stratum2, stratum3, stratum4, stratum7"
2,1,"pir","pmm","mice detected that your data are (nearly) multi-collinear.
It applied a ridge penalty to continue calculations, but the results can be unstable.
Does your dataset contain duplicates, linear transformation, or factors with unique respondent names?"
2,1,"smoke","pmm","cycle2001, cycle2005, cycle2007, cycle2011, cycle2013, stratum2, stratum3, stratum4, stratum6"
2,1,"smoke","pmm","mice detected that your data are (nearly) multi-collinear.
It applied a ridge penalty to continue calculations, but the results can be unstable.
Does your dataset contain duplicates, linear transformation, or factors with unique respondent names?"
2,2,"education","pmm","cycle2001, cycle2003, cycle2007, cycle2009, cycle2011, cycle2015, stratum4, stratum5, stratum7"
2,2,"education","pmm","mice detected that your data are (nearly) multi-collinear.
It applied a ridge penalty to continue calculations, but the results can be unstable.
Does your dataset contain duplicates, linear transformation, or factors with unique respondent names?"
2,2,"pir","pmm","cycle2001, cycle2003, cycle2007, cycle2011, cycle2015, stratum2, stratum3, stratum4, stratum7"
2,2,"pir","pmm","mice detected that your data are (nearly) multi-collinear.
It applied a ridge penalty to continue calculations, but the results can be unstable.
Does your dataset contain duplicates, linear transformation, or factors with unique respondent names?"
2,2,"smoke","pmm","cycle2001, cycle2005, cycle2007, cycle2011, cycle2013, stratum2, stratum3, stratum4, stratum6"
2,2,"smoke","pmm","mice detected that your data are (nearly) multi-collinear.
It applied a ridge penalty to continue calculations, but the results can be unstable.
Does your dataset contain duplicates, linear transformation, or factors with unique respondent names?"
2,3,"education","pmm","cycle2001, cycle2003, cycle2007, cycle2009, cycle2011, cycle2015, stratum4, stratum5, stratum7"
2,3,"education","pmm","mice detected that your data are (nearly) multi-collinear.
It applied a ridge penalty to continue calculations, but the results can be unstable.
Does your dataset contain duplicates, linear transformation, or factors with unique respondent names?"
2,3,"pir","pmm","cycle2001, cycle2003, cycle2007, cycle2011, cycle2015, stratum2, stratum3, stratum4, stratum7"
2,3,"pir","pmm","mice detected that your data are (nearly) multi-collinear.
It applied a ridge penalty to continue calculations, but the results can be unstable.
Does your dataset contain duplicates, linear transformation, or factors with unique respondent names?"
2,3,"smoke","pmm","cycle2001, cycle2005, cycle2007, cycle2011, cycle2013, stratum2, stratum3, stratum4, stratum6"
2,3,"smoke","pmm","mice detected that your data are (nearly) multi-collinear.
It applied a ridge penalty to continue calculations, but the results can be unstable.
Does your dataset contain duplicates, linear transformation, or factors with unique respondent names?"
2,4,"education","pmm","cycle2001, cycle2003, cycle2007, cycle2009, cycle2011, cycle2015, stratum4, stratum5, stratum7"
2,4,"education","pmm","mice detected that your data are (nearly) multi-collinear.
It applied a ridge penalty to continue calculations, but the results can be unstable.
Does your dataset contain duplicates, linear transformation, or factors with unique respondent names?"
2,4,"pir","pmm","cycle2001, cycle2003, cycle2007, cycle2011, cycle2015, stratum2, stratum3, stratum4, stratum7"
2,4,"pir","pmm","mice detected that your data are (nearly) multi-collinear.
It applied a ridge penalty to continue calculations, but the results can be unstable.
Does your dataset contain duplicates, linear transformation, or factors with unique respondent names?"
2,4,"smoke","pmm","cycle2001, cycle2005, cycle2007, cycle2011, cycle2013, stratum2, stratum3, stratum4, stratum6"
2,4,"smoke","pmm","mice detected that your data are (nearly) multi-collinear.
It applied a ridge penalty to continue calculations, but the results can be unstable.
Does your dataset contain duplicates, linear transformation, or factors with unique respondent names?"
2,5,"education","pmm","cycle2001, cycle2003, cycle2007, cycle2009, cycle2011, cycle2015, stratum4, stratum5, stratum7"
2,5,"education","pmm","mice detected that your data are (nearly) multi-collinear.
It applied a ridge penalty to continue calculations, but the results can be unstable.
Does your dataset contain duplicates, linear transformation, or factors with unique respondent names?"
2,5,"pir","pmm","cycle2001, cycle2003, cycle2007, cycle2011, cycle2015, stratum2, stratum3, stratum4, stratum7"
2,5,"pir","pmm","mice detected that your data are (nearly) multi-collinear.
It applied a ridge penalty to continue calculations, but the results can be unstable.
Does your dataset contain duplicates, linear transformation, or factors with unique respondent names?"
2,5,"smoke","pmm","cycle2001, cycle2005, cycle2007, cycle2011, cycle2013, stratum2, stratum3, stratum4, stratum6"
2,5,"smoke","pmm","mice detected that your data are (nearly) multi-collinear.
It applied a ridge penalty to continue calculations, but the results can be unstable.
Does your dataset contain duplicates, linear transformation, or factors with unique respondent names?"
2,6,"education","pmm","cycle2001, cycle2003, cycle2007, cycle2009, cycle2011, cycle2015, stratum4, stratum5, stratum7"
2,6,"education","pmm","mice detected that your data are (nearly) multi-collinear.
It applied a ridge penalty to continue calculations, but the results can be unstable.
Does your dataset contain duplicates, linear transformation, or factors with unique respondent names?"
2,6,"pir","pmm","cycle2001, cycle2003, cycle2007, cycle2011, cycle2015, stratum2, stratum3, stratum4, stratum7"
2,6,"pir","pmm","mice detected that your data are (nearly) multi-collinear.
It applied a ridge penalty to continue calculations, but the results can be unstable.
Does your dataset contain duplicates, linear transformation, or factors with unique respondent names?"
2,6,"smoke","pmm","cycle2001, cycle2005, cycle2007, cycle2011, cycle2013, stratum2, stratum3, stratum4, stratum6"
2,6,"smoke","pmm","mice detected that your data are (nearly) multi-collinear.
It applied a ridge penalty to continue calculations, but the results can be unstable.
Does your dataset contain duplicates, linear transformation, or factors with unique respondent names?"
2,7,"education","pmm","cycle2001, cycle2003, cycle2007, cycle2009, cycle2011, cycle2015, stratum4, stratum5, stratum7"
2,7,"education","pmm","mice detected that your data are (nearly) multi-collinear.
It applied a ridge penalty to continue calculations, but the results can be unstable.
Does your dataset contain duplicates, linear transformation, or factors with unique respondent names?"
2,7,"pir","pmm","cycle2001, cycle2003, cycle2007, cycle2011, cycle2015, stratum2, stratum3, stratum4, stratum7"
2,7,"pir","pmm","mice detected that your data are (nearly) multi-collinear.
It applied a ridge penalty to continue calculations, but the results can be unstable.
Does your dataset contain duplicates, linear transformation, or factors with unique respondent names?"
2,7,"smoke","pmm","cycle2001, cycle2005, cycle2007, cycle2011, cycle2013, stratum2, stratum3, stratum4, stratum6"
2,7,"smoke","pmm","mice detected that your data are (nearly) multi-collinear.
It applied a ridge penalty to continue calculations, but the results can be unstable.
Does your dataset contain duplicates, linear transformation, or factors with unique respondent names?"
2,8,"education","pmm","cycle2001, cycle2003, cycle2007, cycle2009, cycle2011, cycle2015, stratum4, stratum5, stratum7"
2,8,"education","pmm","mice detected that your data are (nearly) multi-collinear.
It applied a ridge penalty to continue calculations, but the results can be unstable.
Does your dataset contain duplicates, linear transformation, or factors with unique respondent names?"
2,8,"pir","pmm","cycle2001, cycle2003, cycle2007, cycle2011, cycle2015, stratum2, stratum3, stratum4, stratum7"
2,8,"pir","pmm","mice detected that your data are (nearly) multi-collinear.
It applied a ridge penalty to continue calculations, but the results can be unstable.
Does your dataset contain duplicates, linear transformation, or factors with unique respondent names?"
2,8,"smoke","pmm","cycle2001, cycle2005, cycle2007, cycle2011, cycle2013, stratum2, stratum3, stratum4, stratum6"
2,8,"smoke","pmm","mice detected that your data are (nearly) multi-collinear.
It applied a ridge penalty to continue calculations, but the results can be unstable.
Does your dataset contain duplicates, linear transformation, or factors with unique respondent names?"
2,9,"education","pmm","cycle2001, cycle2003, cycle2007, cycle2009, cycle2011, cycle2015, stratum4, stratum5, stratum7"
2,9,"education","pmm","mice detected that your data are (nearly) multi-collinear.
It applied a ridge penalty to continue calculations, but the results can be unstable.
Does your dataset contain duplicates, linear transformation, or factors with unique respondent names?"
2,9,"pir","pmm","cycle2001, cycle2003, cycle2007, cycle2011, cycle2015, stratum2, stratum3, stratum4, stratum7"
2,9,"pir","pmm","mice detected that your data are (nearly) multi-collinear.
It applied a ridge penalty to continue calculations, but the results can be unstable.
Does your dataset contain duplicates, linear transformation, or factors with unique respondent names?"
2,9,"smoke","pmm","cycle2001, cycle2005, cycle2007, cycle2011, cycle2013, stratum2, stratum3, stratum4, stratum6"
2,9,"smoke","pmm","mice detected that your data are (nearly) multi-collinear.
It applied a ridge penalty to continue calculations, but the results can be unstable.
Does your dataset contain duplicates, linear transformation, or factors with unique respondent names?"
2,10,"education","pmm","cycle2001, cycle2003, cycle2007, cycle2009, cycle2011, cycle2015, stratum4, stratum5, stratum7"
2,10,"education","pmm","mice detected that your data are (nearly) multi-collinear.
It applied a ridge penalty to continue calculations, but the results can be unstable.
Does your dataset contain duplicates, linear transformation, or factors with unique respondent names?"
2,10,"pir","pmm","cycle2001, cycle2003, cycle2007, cycle2011, cycle2015, stratum2, stratum3, stratum4, stratum7"
2,10,"pir","pmm","mice detected that your data are (nearly) multi-collinear.
It applied a ridge penalty to continue calculations, but the results can be unstable.
Does your dataset contain duplicates, linear transformation, or factors with unique respondent names?"
2,10,"smoke","pmm","cycle2001, cycle2005, cycle2007, cycle2011, cycle2013, stratum2, stratum3, stratum4, stratum6"
2,10,"smoke","pmm","mice detected that your data are (nearly) multi-collinear.
It applied a ridge penalty to continue calculations, but the results can be unstable.
Does your dataset contain duplicates, linear transformation, or factors with unique respondent names?"
2,11,"education","pmm","cycle2001, cycle2003, cycle2007, cycle2009, cycle2011, cycle2015, stratum4, stratum5, stratum7"
2,11,"education","pmm","mice detected that your data are (nearly) multi-collinear.
It applied a ridge penalty to continue calculations, but the results can be unstable.
Does your dataset contain duplicates, linear transformation, or factors with unique respondent names?"
2,11,"pir","pmm","cycle2001, cycle2003, cycle2007, cycle2011, cycle2015, stratum2, stratum3, stratum4, stratum7"
2,11,"pir","pmm","mice detected that your data are (nearly) multi-collinear.
It applied a ridge penalty to continue calculations, but the results can be unstable.
Does your dataset contain duplicates, linear transformation, or factors with unique respondent names?"
2,11,"smoke","pmm","cycle2001, cycle2005, cycle2007, cycle2011, cycle2013, stratum2, stratum3, stratum4, stratum6"
2,11,"smoke","pmm","mice detected that your data are (nearly) multi-collinear.
It applied a ridge penalty to continue calculations, but the results can be unstable.
Does your dataset contain duplicates, linear transformation, or factors with unique respondent names?"
2,12,"education","pmm","cycle2001, cycle2003, cycle2007, cycle2009, cycle2011, cycle2015, stratum4, stratum5, stratum7"
2,12,"education","pmm","mice detected that your data are (nearly) multi-collinear.
It applied a ridge penalty to continue calculations, but the results can be unstable.
Does your dataset contain duplicates, linear transformation, or factors with unique respondent names?"
2,12,"pir","pmm","cycle2001, cycle2003, cycle2007, cycle2011, cycle2015, stratum2, stratum3, stratum4, stratum7"
2,12,"pir","pmm","mice detected that your data are (nearly) multi-collinear.
It applied a ridge penalty to continue calculations, but the results can be unstable.
Does your dataset contain duplicates, linear transformation, or factors with unique respondent names?"
2,12,"smoke","pmm","cycle2001, cycle2005, cycle2007, cycle2011, cycle2013, stratum2, stratum3, stratum4, stratum6"
2,12,"smoke","pmm","mice detected that your data are (nearly) multi-collinear.
It applied a ridge penalty to continue calculations, but the results can be unstable.
Does your dataset contain duplicates, linear transformation, or factors with unique respondent names?"
2,13,"education","pmm","cycle2001, cycle2003, cycle2007, cycle2009, cycle2011, cycle2015, stratum4, stratum5, stratum7"
2,13,"education","pmm","mice detected that your data are (nearly) multi-collinear.
It applied a ridge penalty to continue calculations, but the results can be unstable.
Does your dataset contain duplicates, linear transformation, or factors with unique respondent names?"
2,13,"pir","pmm","cycle2001, cycle2003, cycle2007, cycle2011, cycle2015, stratum2, stratum3, stratum4, stratum7"
2,13,"pir","pmm","mice detected that your data are (nearly) multi-collinear.
It applied a ridge penalty to continue calculations, but the results can be unstable.
Does your dataset contain duplicates, linear transformation, or factors with unique respondent names?"
2,13,"smoke","pmm","cycle2001, cycle2005, cycle2007, cycle2011, cycle2013, stratum2, stratum3, stratum4, stratum6"
2,13,"smoke","pmm","mice detected that your data are (nearly) multi-collinear.
It applied a ridge penalty to continue calculations, but the results can be unstable.
Does your dataset contain duplicates, linear transformation, or factors with unique respondent names?"
2,14,"education","pmm","cycle2001, cycle2003, cycle2007, cycle2009, cycle2011, cycle2015, stratum4, stratum5, stratum7"
2,14,"education","pmm","mice detected that your data are (nearly) multi-collinear.
It applied a ridge penalty to continue calculations, but the results can be unstable.
Does your dataset contain duplicates, linear transformation, or factors with unique respondent names?"
2,14,"pir","pmm","cycle2001, cycle2003, cycle2007, cycle2011, cycle2015, stratum2, stratum3, stratum4, stratum7"
2,14,"pir","pmm","mice detected that your data are (nearly) multi-collinear.
It applied a ridge penalty to continue calculations, but the results can be unstable.
Does your dataset contain duplicates, linear transformation, or factors with unique respondent names?"
2,14,"smoke","pmm","cycle2001, cycle2005, cycle2007, cycle2011, cycle2013, stratum2, stratum3, stratum4, stratum6"
2,14,"smoke","pmm","mice detected that your data are (nearly) multi-collinear.
It applied a ridge penalty to continue calculations, but the results can be unstable.
Does your dataset contain duplicates, linear transformation, or factors with unique respondent names?"
2,15,"education","pmm","cycle2001, cycle2003, cycle2007, cycle2009, cycle2011, cycle2015, stratum4, stratum5, stratum7"
2,15,"education","pmm","mice detected that your data are (nearly) multi-collinear.
It applied a ridge penalty to continue calculations, but the results can be unstable.
Does your dataset contain duplicates, linear transformation, or factors with unique respondent names?"
2,15,"pir","pmm","cycle2001, cycle2003, cycle2007, cycle2011, cycle2015, stratum2, stratum3, stratum4, stratum7"
2,15,"pir","pmm","mice detected that your data are (nearly) multi-collinear.
It applied a ridge penalty to continue calculations, but the results can be unstable.
Does your dataset contain duplicates, linear transformation, or factors with unique respondent names?"
2,15,"smoke","pmm","cycle2001, cycle2005, cycle2007, cycle2011, cycle2013, stratum2, stratum3, stratum4, stratum6"
2,15,"smoke","pmm","mice detected that your data are (nearly) multi-collinear.
It applied a ridge penalty to continue calculations, but the results can be unstable.
Does your dataset contain duplicates, linear transformation, or factors with unique respondent names?"
2,16,"education","pmm","cycle2001, cycle2003, cycle2007, cycle2009, cycle2011, cycle2015, stratum4, stratum5, stratum7"
2,16,"education","pmm","mice detected that your data are (nearly) multi-collinear.
It applied a ridge penalty to continue calculations, but the results can be unstable.
Does your dataset contain duplicates, linear transformation, or factors with unique respondent names?"
2,16,"pir","pmm","cycle2001, cycle2003, cycle2007, cycle2011, cycle2015, stratum2, stratum3, stratum4, stratum7"
2,16,"pir","pmm","mice detected that your data are (nearly) multi-collinear.
It applied a ridge penalty to continue calculations, but the results can be unstable.
Does your dataset contain duplicates, linear transformation, or factors with unique respondent names?"
2,16,"smoke","pmm","cycle2001, cycle2005, cycle2007, cycle2011, cycle2013, stratum2, stratum3, stratum4, stratum6"
2,16,"smoke","pmm","mice detected that your data are (nearly) multi-collinear.
It applied a ridge penalty to continue calculations, but the results can be unstable.
Does your dataset contain duplicates, linear transformation, or factors with unique respondent names?"
2,17,"education","pmm","cycle2001, cycle2003, cycle2007, cycle2009, cycle2011, cycle2015, stratum4, stratum5, stratum7"
2,17,"education","pmm","mice detected that your data are (nearly) multi-collinear.
It applied a ridge penalty to continue calculations, but the results can be unstable.
Does your dataset contain duplicates, linear transformation, or factors with unique respondent names?"
2,17,"pir","pmm","cycle2001, cycle2003, cycle2007, cycle2011, cycle2015, stratum2, stratum3, stratum4, stratum7"
2,17,"pir","pmm","mice detected that your data are (nearly) multi-collinear.
It applied a ridge penalty to continue calculations, but the results can be unstable.
Does your dataset contain duplicates, linear transformation, or factors with unique respondent names?"
2,17,"smoke","pmm","cycle2001, cycle2005, cycle2007, cycle2011, cycle2013, stratum2, stratum3, stratum4, stratum6"
2,17,"smoke","pmm","mice detected that your data are (nearly) multi-collinear.
It applied a ridge penalty to continue calculations, but the results can be unstable.
Does your dataset contain duplicates, linear transformation, or factors with unique respondent names?"
2,18,"education","pmm","cycle2001, cycle2003, cycle2007, cycle2009, cycle2011, cycle2015, stratum4, stratum5, stratum7"
2,18,"education","pmm","mice detected that your data are (nearly) multi-collinear.
It applied a ridge penalty to continue calculations, but the results can be unstable.
Does your dataset contain duplicates, linear transformation, or factors with unique respondent names?"
2,18,"pir","pmm","cycle2001, cycle2003, cycle2007, cycle2011, cycle2015, stratum2, stratum3, stratum4, stratum7"
2,18,"pir","pmm","mice detected that your data are (nearly) multi-collinear.
It applied a ridge penalty to continue calculations, but the results can be unstable.
Does your dataset contain duplicates, linear transformation, or factors with unique respondent names?"
2,18,"smoke","pmm","cycle2001, cycle2005, cycle2007, cycle2011, cycle2013, stratum2, stratum3, stratum4, stratum6"
2,18,"smoke","pmm","mice detected that your data are (nearly) multi-collinear.
It applied a ridge penalty to continue calculations, but the results can be unstable.
Does your dataset contain duplicates, linear transformation, or factors with unique respondent names?"
2,19,"education","pmm","cycle2001, cycle2003, cycle2007, cycle2009, cycle2011, cycle2015, stratum4, stratum5, stratum7"
2,19,"education","pmm","mice detected that your data are (nearly) multi-collinear.
It applied a ridge penalty to continue calculations, but the results can be unstable.
Does your dataset contain duplicates, linear transformation, or factors with unique respondent names?"
2,19,"pir","pmm","cycle2001, cycle2003, cycle2007, cycle2011, cycle2015, stratum2, stratum3, stratum4, stratum7"
2,19,"pir","pmm","mice detected that your data are (nearly) multi-collinear.
It applied a ridge penalty to continue calculations, but the results can be unstable.
Does your dataset contain duplicates, linear transformation, or factors with unique respondent names?"
2,19,"smoke","pmm","cycle2001, cycle2005, cycle2007, cycle2011, cycle2013, stratum2, stratum3, stratum4, stratum6"
2,19,"smoke","pmm","mice detected that your data are (nearly) multi-collinear.
It applied a ridge penalty to continue calculations, but the results can be unstable.
Does your dataset contain duplicates, linear transformation, or factors with unique respondent names?"
2,20,"education","pmm","cycle2001, cycle2003, cycle2007, cycle2009, cycle2011, cycle2015, stratum4, stratum5, stratum7"
2,20,"education","pmm","mice detected that your data are (nearly) multi-collinear.
It applied a ridge penalty to continue calculations, but the results can be unstable.
Does your dataset contain duplicates, linear transformation, or factors with unique respondent names?"
2,20,"pir","pmm","cycle2001, cycle2003, cycle2007, cycle2011, cycle2015, stratum2, stratum3, stratum4, stratum7"
2,20,"pir","pmm","mice detected that your data are (nearly) multi-collinear.
It applied a ridge penalty to continue calculations, but the results can be unstable.
Does your dataset contain duplicates, linear transformation, or factors with unique respondent names?"
2,20,"smoke","pmm","cycle2001, cycle2005, cycle2007, cycle2011, cycle2013, stratum2, stratum3, stratum4, stratum6"
2,20,"smoke","pmm","mice detected that your data are (nearly) multi-collinear.
It applied a ridge penalty to continue calculations, but the results can be unstable.
Does your dataset contain duplicates, linear transformation, or factors with unique respondent names?"
2,21,"education","pmm","cycle2001, cycle2003, cycle2007, cycle2009, cycle2011, cycle2015, stratum4, stratum5, stratum7"
2,21,"education","pmm","mice detected that your data are (nearly) multi-collinear.
It applied a ridge penalty to continue calculations, but the results can be unstable.
Does your dataset contain duplicates, linear transformation, or factors with unique respondent names?"
2,21,"pir","pmm","cycle2001, cycle2003, cycle2007, cycle2011, cycle2015, stratum2, stratum3, stratum4, stratum7"
2,21,"pir","pmm","mice detected that your data are (nearly) multi-collinear.
It applied a ridge penalty to continue calculations, but the results can be unstable.
Does your dataset contain duplicates, linear transformation, or factors with unique respondent names?"
2,21,"smoke","pmm","cycle2001, cycle2005, cycle2007, cycle2011, cycle2013, stratum2, stratum3, stratum4, stratum6"
2,21,"smoke","pmm","mice detected that your data are (nearly) multi-collinear.
It applied a ridge penalty to continue calculations, but the results can be unstable.
Does your dataset contain duplicates, linear transformation, or factors with unique respondent names?"
2,22,"education","pmm","cycle2001, cycle2003, cycle2007, cycle2009, cycle2011, cycle2015, stratum4, stratum5, stratum7"
2,22,"education","pmm","mice detected that your data are (nearly) multi-collinear.
It applied a ridge penalty to continue calculations, but the results can be unstable.
Does your dataset contain duplicates, linear transformation, or factors with unique respondent names?"
2,22,"pir","pmm","cycle2001, cycle2003, cycle2007, cycle2011, cycle2015, stratum2, stratum3, stratum4, stratum7"
2,22,"pir","pmm","mice detected that your data are (nearly) multi-collinear.
It applied a ridge penalty to continue calculations, but the results can be unstable.
Does your dataset contain duplicates, linear transformation, or factors with unique respondent names?"
2,22,"smoke","pmm","cycle2001, cycle2005, cycle2007, cycle2011, cycle2013, stratum2, stratum3, stratum4, stratum6"
2,22,"smoke","pmm","mice detected that your data are (nearly) multi-collinear.
It applied a ridge penalty to continue calculations, but the results can be unstable.
Does your dataset contain duplicates, linear transformation, or factors with unique respondent names?"
2,23,"education","pmm","cycle2001, cycle2003, cycle2007, cycle2009, cycle2011, cycle2015, stratum4, stratum5, stratum7"
2,23,"education","pmm","mice detected that your data are (nearly) multi-collinear.
It applied a ridge penalty to continue calculations, but the results can be unstable.
Does your dataset contain duplicates, linear transformation, or factors with unique respondent names?"
2,23,"pir","pmm","cycle2001, cycle2003, cycle2007, cycle2011, cycle2015, stratum2, stratum3, stratum4, stratum7"
2,23,"pir","pmm","mice detected that your data are (nearly) multi-collinear.
It applied a ridge penalty to continue calculations, but the results can be unstable.
Does your dataset contain duplicates, linear transformation, or factors with unique respondent names?"
2,23,"smoke","pmm","cycle2001, cycle2005, cycle2007, cycle2011, cycle2013, stratum2, stratum3, stratum4, stratum6"
2,23,"smoke","pmm","mice detected that your data are (nearly) multi-collinear.
It applied a ridge penalty to continue calculations, but the results can be unstable.
Does your dataset contain duplicates, linear transformation, or factors with unique respondent names?"
2,24,"education","pmm","cycle2001, cycle2003, cycle2007, cycle2009, cycle2011, cycle2015, stratum4, stratum5, stratum7"
2,24,"education","pmm","mice detected that your data are (nearly) multi-collinear.
It applied a ridge penalty to continue calculations, but the results can be unstable.
Does your dataset contain duplicates, linear transformation, or factors with unique respondent names?"
2,24,"pir","pmm","cycle2001, cycle2003, cycle2007, cycle2011, cycle2015, stratum2, stratum3, stratum4, stratum7"
2,24,"pir","pmm","mice detected that your data are (nearly) multi-collinear.
It applied a ridge penalty to continue calculations, but the results can be unstable.
Does your dataset contain duplicates, linear transformation, or factors with unique respondent names?"
2,24,"smoke","pmm","cycle2001, cycle2005, cycle2007, cycle2011, cycle2013, stratum2, stratum3, stratum4, stratum6"
2,24,"smoke","pmm","mice detected that your data are (nearly) multi-collinear.
It applied a ridge penalty to continue calculations, but the results can be unstable.
Does your dataset contain duplicates, linear transformation, or factors with unique respondent names?"
2,25,"education","pmm","cycle2001, cycle2003, cycle2007, cycle2009, cycle2011, cycle2015, stratum4, stratum5, stratum7"
2,25,"education","pmm","mice detected that your data are (nearly) multi-collinear.
It applied a ridge penalty to continue calculations, but the results can be unstable.
Does your dataset contain duplicates, linear transformation, or factors with unique respondent names?"
2,25,"pir","pmm","cycle2001, cycle2003, cycle2007, cycle2011, cycle2015, stratum2, stratum3, stratum4, stratum7"
2,25,"pir","pmm","mice detected that your data are (nearly) multi-collinear.
It applied a ridge penalty to continue calculations, but the results can be unstable.
Does your dataset contain duplicates, linear transformation, or factors with unique respondent names?"
2,25,"smoke","pmm","cycle2001, cycle2005, cycle2007, cycle2011, cycle2013, stratum2, stratum3, stratum4, stratum6"
2,25,"smoke","pmm","mice detected that your data are (nearly) multi-collinear.
It applied a ridge penalty to continue calculations, but the results can be unstable.
Does your dataset contain duplicates, linear transformation, or factors with unique respondent names?"
2,26,"education","pmm","cycle2001, cycle2003, cycle2007, cycle2009, cycle2011, cycle2015, stratum4, stratum5, stratum7"
2,26,"education","pmm","mice detected that your data are (nearly) multi-collinear.
It applied a ridge penalty to continue calculations, but the results can be unstable.
Does your dataset contain duplicates, linear transformation, or factors with unique respondent names?"
2,26,"pir","pmm","cycle2001, cycle2003, cycle2007, cycle2011, cycle2015, stratum2, stratum3, stratum4, stratum7"
2,26,"pir","pmm","mice detected that your data are (nearly) multi-collinear.
It applied a ridge penalty to continue calculations, but the results can be unstable.
Does your dataset contain duplicates, linear transformation, or factors with unique respondent names?"
2,26,"smoke","pmm","cycle2001, cycle2005, cycle2007, cycle2011, cycle2013, stratum2, stratum3, stratum4, stratum6"
2,26,"smoke","pmm","mice detected that your data are (nearly) multi-collinear.
It applied a ridge penalty to continue calculations, but the results can be unstable.
Does your dataset contain duplicates, linear transformation, or factors with unique respondent names?"
2,27,"education","pmm","cycle2001, cycle2003, cycle2007, cycle2009, cycle2011, cycle2015, stratum4, stratum5, stratum7"
2,27,"education","pmm","mice detected that your data are (nearly) multi-collinear.
It applied a ridge penalty to continue calculations, but the results can be unstable.
Does your dataset contain duplicates, linear transformation, or factors with unique respondent names?"
2,27,"pir","pmm","cycle2001, cycle2003, cycle2007, cycle2011, cycle2015, stratum2, stratum3, stratum4, stratum7"
2,27,"pir","pmm","mice detected that your data are (nearly) multi-collinear.
It applied a ridge penalty to continue calculations, but the results can be unstable.
Does your dataset contain duplicates, linear transformation, or factors with unique respondent names?"
2,27,"smoke","pmm","cycle2001, cycle2005, cycle2007, cycle2011, cycle2013, stratum2, stratum3, stratum4, stratum6"
2,27,"smoke","pmm","mice detected that your data are (nearly) multi-collinear.
It applied a ridge penalty to continue calculations, but the results can be unstable.
Does your dataset contain duplicates, linear transformation, or factors with unique respondent names?"
2,28,"education","pmm","cycle2001, cycle2003, cycle2007, cycle2009, cycle2011, cycle2015, stratum4, stratum5, stratum7"
2,28,"education","pmm","mice detected that your data are (nearly) multi-collinear.
It applied a ridge penalty to continue calculations, but the results can be unstable.
Does your dataset contain duplicates, linear transformation, or factors with unique respondent names?"
2,28,"pir","pmm","cycle2001, cycle2003, cycle2007, cycle2011, cycle2015, stratum2, stratum3, stratum4, stratum7"
2,28,"pir","pmm","mice detected that your data are (nearly) multi-collinear.
It applied a ridge penalty to continue calculations, but the results can be unstable.
Does your dataset contain duplicates, linear transformation, or factors with unique respondent names?"
2,28,"smoke","pmm","cycle2001, cycle2005, cycle2007, cycle2011, cycle2013, stratum2, stratum3, stratum4, stratum6"
2,28,"smoke","pmm","mice detected that your data are (nearly) multi-collinear.
It applied a ridge penalty to continue calculations, but the results can be unstable.
Does your dataset contain duplicates, linear transformation, or factors with unique respondent names?"
2,29,"education","pmm","cycle2001, cycle2003, cycle2007, cycle2009, cycle2011, cycle2015, stratum4, stratum5, stratum7"
2,29,"education","pmm","mice detected that your data are (nearly) multi-collinear.
It applied a ridge penalty to continue calculations, but the results can be unstable.
Does your dataset contain duplicates, linear transformation, or factors with unique respondent names?"
2,29,"pir","pmm","cycle2001, cycle2003, cycle2007, cycle2011, cycle2015, stratum2, stratum3, stratum4, stratum7"
2,29,"pir","pmm","mice detected that your data are (nearly) multi-collinear.
It applied a ridge penalty to continue calculations, but the results can be unstable.
Does your dataset contain duplicates, linear transformation, or factors with unique respondent names?"
2,29,"smoke","pmm","cycle2001, cycle2005, cycle2007, cycle2011, cycle2013, stratum2, stratum3, stratum4, stratum6"
2,29,"smoke","pmm","mice detected that your data are (nearly) multi-collinear.
It applied a ridge penalty to continue calculations, but the results can be unstable.
Does your dataset contain duplicates, linear transformation, or factors with unique respondent names?"
2,30,"education","pmm","cycle2001, cycle2003, cycle2007, cycle2009, cycle2011, cycle2015, stratum4, stratum5, stratum7"
2,30,"education","pmm","mice detected that your data are (nearly) multi-collinear.
It applied a ridge penalty to continue calculations, but the results can be unstable.
Does your dataset contain duplicates, linear transformation, or factors with unique respondent names?"
2,30,"pir","pmm","cycle2001, cycle2003, cycle2007, cycle2011, cycle2015, stratum2, stratum3, stratum4, stratum7"
2,30,"pir","pmm","mice detected that your data are (nearly) multi-collinear.
It applied a ridge penalty to continue calculations, but the results can be unstable.
Does your dataset contain duplicates, linear transformation, or factors with unique respondent names?"
2,30,"smoke","pmm","cycle2001, cycle2005, cycle2007, cycle2011, cycle2013, stratum2, stratum3, stratum4, stratum6"
2,30,"smoke","pmm","mice detected that your data are (nearly) multi-collinear.
It applied a ridge penalty to continue calculations, but the results can be unstable.
Does your dataset contain duplicates, linear transformation, or factors with unique respondent names?"
3,1,"education","pmm","cycle2001, cycle2003, cycle2007, cycle2009, cycle2011, cycle2015, stratum4, stratum5, stratum7"
3,1,"education","pmm","mice detected that your data are (nearly) multi-collinear.
It applied a ridge penalty to continue calculations, but the results can be unstable.
Does your dataset contain duplicates, linear transformation, or factors with unique respondent names?"
3,1,"pir","pmm","cycle2001, cycle2003, cycle2007, cycle2011, cycle2015, stratum2, stratum3, stratum4, stratum7"
3,1,"pir","pmm","mice detected that your data are (nearly) multi-collinear.
It applied a ridge penalty to continue calculations, but the results can be unstable.
Does your dataset contain duplicates, linear transformation, or factors with unique respondent names?"
3,1,"smoke","pmm","cycle2001, cycle2005, cycle2007, cycle2011, cycle2013, stratum2, stratum3, stratum4, stratum6"
3,1,"smoke","pmm","mice detected that your data are (nearly) multi-collinear.
It applied a ridge penalty to continue calculations, but the results can be unstable.
Does your dataset contain duplicates, linear transformation, or factors with unique respondent names?"
3,2,"education","pmm","cycle2001, cycle2003, cycle2007, cycle2009, cycle2011, cycle2015, stratum4, stratum5, stratum7"
3,2,"education","pmm","mice detected that your data are (nearly) multi-collinear.
It applied a ridge penalty to continue calculations, but the results can be unstable.
Does your dataset contain duplicates, linear transformation, or factors with unique respondent names?"
3,2,"pir","pmm","cycle2001, cycle2003, cycle2007, cycle2011, cycle2015, stratum2, stratum3, stratum4, stratum7"
3,2,"pir","pmm","mice detected that your data are (nearly) multi-collinear.
It applied a ridge penalty to continue calculations, but the results can be unstable.
Does your dataset contain duplicates, linear transformation, or factors with unique respondent names?"
3,2,"smoke","pmm","cycle2001, cycle2005, cycle2007, cycle2011, cycle2013, stratum2, stratum3, stratum4, stratum6"
3,2,"smoke","pmm","mice detected that your data are (nearly) multi-collinear.
It applied a ridge penalty to continue calculations, but the results can be unstable.
Does your dataset contain duplicates, linear transformation, or factors with unique respondent names?"
3,3,"education","pmm","cycle2001, cycle2003, cycle2007, cycle2009, cycle2011, cycle2015, stratum4, stratum5, stratum7"
3,3,"education","pmm","mice detected that your data are (nearly) multi-collinear.
It applied a ridge penalty to continue calculations, but the results can be unstable.
Does your dataset contain duplicates, linear transformation, or factors with unique respondent names?"
3,3,"pir","pmm","cycle2001, cycle2003, cycle2007, cycle2011, cycle2015, stratum2, stratum3, stratum4, stratum7"
3,3,"pir","pmm","mice detected that your data are (nearly) multi-collinear.
It applied a ridge penalty to continue calculations, but the results can be unstable.
Does your dataset contain duplicates, linear transformation, or factors with unique respondent names?"
3,3,"smoke","pmm","cycle2001, cycle2005, cycle2007, cycle2011, cycle2013, stratum2, stratum3, stratum4, stratum6"
3,3,"smoke","pmm","mice detected that your data are (nearly) multi-collinear.
It applied a ridge penalty to continue calculations, but the results can be unstable.
Does your dataset contain duplicates, linear transformation, or factors with unique respondent names?"
3,4,"education","pmm","cycle2001, cycle2003, cycle2007, cycle2009, cycle2011, cycle2015, stratum4, stratum5, stratum7"
3,4,"education","pmm","mice detected that your data are (nearly) multi-collinear.
It applied a ridge penalty to continue calculations, but the results can be unstable.
Does your dataset contain duplicates, linear transformation, or factors with unique respondent names?"
3,4,"pir","pmm","cycle2001, cycle2003, cycle2007, cycle2011, cycle2015, stratum2, stratum3, stratum4, stratum7"
3,4,"pir","pmm","mice detected that your data are (nearly) multi-collinear.
It applied a ridge penalty to continue calculations, but the results can be unstable.
Does your dataset contain duplicates, linear transformation, or factors with unique respondent names?"
3,4,"smoke","pmm","cycle2001, cycle2005, cycle2007, cycle2011, cycle2013, stratum2, stratum3, stratum4, stratum6"
3,4,"smoke","pmm","mice detected that your data are (nearly) multi-collinear.
It applied a ridge penalty to continue calculations, but the results can be unstable.
Does your dataset contain duplicates, linear transformation, or factors with unique respondent names?"
3,5,"education","pmm","cycle2001, cycle2003, cycle2007, cycle2009, cycle2011, cycle2015, stratum4, stratum5, stratum7"
3,5,"education","pmm","mice detected that your data are (nearly) multi-collinear.
It applied a ridge penalty to continue calculations, but the results can be unstable.
Does your dataset contain duplicates, linear transformation, or factors with unique respondent names?"
3,5,"pir","pmm","cycle2001, cycle2003, cycle2007, cycle2011, cycle2015, stratum2, stratum3, stratum4, stratum7"
3,5,"pir","pmm","mice detected that your data are (nearly) multi-collinear.
It applied a ridge penalty to continue calculations, but the results can be unstable.
Does your dataset contain duplicates, linear transformation, or factors with unique respondent names?"
3,5,"smoke","pmm","cycle2001, cycle2005, cycle2007, cycle2011, cycle2013, stratum2, stratum3, stratum4, stratum6"
3,5,"smoke","pmm","mice detected that your data are (nearly) multi-collinear.
It applied a ridge penalty to continue calculations, but the results can be unstable.
Does your dataset contain duplicates, linear transformation, or factors with unique respondent names?"
3,6,"education","pmm","cycle2001, cycle2003, cycle2007, cycle2009, cycle2011, cycle2015, stratum4, stratum5, stratum7"
3,6,"education","pmm","mice detected that your data are (nearly) multi-collinear.
It applied a ridge penalty to continue calculations, but the results can be unstable.
Does your dataset contain duplicates, linear transformation, or factors with unique respondent names?"
3,6,"pir","pmm","cycle2001, cycle2003, cycle2007, cycle2011, cycle2015, stratum2, stratum3, stratum4, stratum7"
3,6,"pir","pmm","mice detected that your data are (nearly) multi-collinear.
It applied a ridge penalty to continue calculations, but the results can be unstable.
Does your dataset contain duplicates, linear transformation, or factors with unique respondent names?"
3,6,"smoke","pmm","cycle2001, cycle2005, cycle2007, cycle2011, cycle2013, stratum2, stratum3, stratum4, stratum6"
3,6,"smoke","pmm","mice detected that your data are (nearly) multi-collinear.
It applied a ridge penalty to continue calculations, but the results can be unstable.
Does your dataset contain duplicates, linear transformation, or factors with unique respondent names?"
3,7,"education","pmm","cycle2001, cycle2003, cycle2007, cycle2009, cycle2011, cycle2015, stratum4, stratum5, stratum7"
3,7,"education","pmm","mice detected that your data are (nearly) multi-collinear.
It applied a ridge penalty to continue calculations, but the results can be unstable.
Does your dataset contain duplicates, linear transformation, or factors with unique respondent names?"
3,7,"pir","pmm","cycle2001, cycle2003, cycle2007, cycle2011, cycle2015, stratum2, stratum3, stratum4, stratum7"
3,7,"pir","pmm","mice detected that your data are (nearly) multi-collinear.
It applied a ridge penalty to continue calculations, but the results can be unstable.
Does your dataset contain duplicates, linear transformation, or factors with unique respondent names?"
3,7,"smoke","pmm","cycle2001, cycle2005, cycle2007, cycle2011, cycle2013, stratum2, stratum3, stratum4, stratum6"
3,7,"smoke","pmm","mice detected that your data are (nearly) multi-collinear.
It applied a ridge penalty to continue calculations, but the results can be unstable.
Does your dataset contain duplicates, linear transformation, or factors with unique respondent names?"
3,8,"education","pmm","cycle2001, cycle2003, cycle2007, cycle2009, cycle2011, cycle2015, stratum4, stratum5, stratum7"
3,8,"education","pmm","mice detected that your data are (nearly) multi-collinear.
It applied a ridge penalty to continue calculations, but the results can be unstable.
Does your dataset contain duplicates, linear transformation, or factors with unique respondent names?"
3,8,"pir","pmm","cycle2001, cycle2003, cycle2007, cycle2011, cycle2015, stratum2, stratum3, stratum4, stratum7"
3,8,"pir","pmm","mice detected that your data are (nearly) multi-collinear.
It applied a ridge penalty to continue calculations, but the results can be unstable.
Does your dataset contain duplicates, linear transformation, or factors with unique respondent names?"
3,8,"smoke","pmm","cycle2001, cycle2005, cycle2007, cycle2011, cycle2013, stratum2, stratum3, stratum4, stratum6"
3,8,"smoke","pmm","mice detected that your data are (nearly) multi-collinear.
It applied a ridge penalty to continue calculations, but the results can be unstable.
Does your dataset contain duplicates, linear transformation, or factors with unique respondent names?"
3,9,"education","pmm","cycle2001, cycle2003, cycle2007, cycle2009, cycle2011, cycle2015, stratum4, stratum5, stratum7"
3,9,"education","pmm","mice detected that your data are (nearly) multi-collinear.
It applied a ridge penalty to continue calculations, but the results can be unstable.
Does your dataset contain duplicates, linear transformation, or factors with unique respondent names?"
3,9,"pir","pmm","cycle2001, cycle2003, cycle2007, cycle2011, cycle2015, stratum2, stratum3, stratum4, stratum7"
3,9,"pir","pmm","mice detected that your data are (nearly) multi-collinear.
It applied a ridge penalty to continue calculations, but the results can be unstable.
Does your dataset contain duplicates, linear transformation, or factors with unique respondent names?"
3,9,"smoke","pmm","cycle2001, cycle2005, cycle2007, cycle2011, cycle2013, stratum2, stratum3, stratum4, stratum6"
3,9,"smoke","pmm","mice detected that your data are (nearly) multi-collinear.
It applied a ridge penalty to continue calculations, but the results can be unstable.
Does your dataset contain duplicates, linear transformation, or factors with unique respondent names?"
3,10,"education","pmm","cycle2001, cycle2003, cycle2007, cycle2009, cycle2011, cycle2015, stratum4, stratum5, stratum7"
3,10,"education","pmm","mice detected that your data are (nearly) multi-collinear.
It applied a ridge penalty to continue calculations, but the results can be unstable.
Does your dataset contain duplicates, linear transformation, or factors with unique respondent names?"
3,10,"pir","pmm","cycle2001, cycle2003, cycle2007, cycle2011, cycle2015, stratum2, stratum3, stratum4, stratum7"
3,10,"pir","pmm","mice detected that your data are (nearly) multi-collinear.
It applied a ridge penalty to continue calculations, but the results can be unstable.
Does your dataset contain duplicates, linear transformation, or factors with unique respondent names?"
3,10,"smoke","pmm","cycle2001, cycle2005, cycle2007, cycle2011, cycle2013, stratum2, stratum3, stratum4, stratum6"
3,10,"smoke","pmm","mice detected that your data are (nearly) multi-collinear.
It applied a ridge penalty to continue calculations, but the results can be unstable.
Does your dataset contain duplicates, linear transformation, or factors with unique respondent names?"
3,11,"education","pmm","cycle2001, cycle2003, cycle2007, cycle2009, cycle2011, cycle2015, stratum4, stratum5, stratum7"
3,11,"education","pmm","mice detected that your data are (nearly) multi-collinear.
It applied a ridge penalty to continue calculations, but the results can be unstable.
Does your dataset contain duplicates, linear transformation, or factors with unique respondent names?"
3,11,"pir","pmm","cycle2001, cycle2003, cycle2007, cycle2011, cycle2015, stratum2, stratum3, stratum4, stratum7"
3,11,"pir","pmm","mice detected that your data are (nearly) multi-collinear.
It applied a ridge penalty to continue calculations, but the results can be unstable.
Does your dataset contain duplicates, linear transformation, or factors with unique respondent names?"
3,11,"smoke","pmm","cycle2001, cycle2005, cycle2007, cycle2011, cycle2013, stratum2, stratum3, stratum4, stratum6"
3,11,"smoke","pmm","mice detected that your data are (nearly) multi-collinear.
It applied a ridge penalty to continue calculations, but the results can be unstable.
Does your dataset contain duplicates, linear transformation, or factors with unique respondent names?"
3,12,"education","pmm","cycle2001, cycle2003, cycle2007, cycle2009, cycle2011, cycle2015, stratum4, stratum5, stratum7"
3,12,"education","pmm","mice detected that your data are (nearly) multi-collinear.
It applied a ridge penalty to continue calculations, but the results can be unstable.
Does your dataset contain duplicates, linear transformation, or factors with unique respondent names?"
3,12,"pir","pmm","cycle2001, cycle2003, cycle2007, cycle2011, cycle2015, stratum2, stratum3, stratum4, stratum7"
3,12,"pir","pmm","mice detected that your data are (nearly) multi-collinear.
It applied a ridge penalty to continue calculations, but the results can be unstable.
Does your dataset contain duplicates, linear transformation, or factors with unique respondent names?"
3,12,"smoke","pmm","cycle2001, cycle2005, cycle2007, cycle2011, cycle2013, stratum2, stratum3, stratum4, stratum6"
3,12,"smoke","pmm","mice detected that your data are (nearly) multi-collinear.
It applied a ridge penalty to continue calculations, but the results can be unstable.
Does your dataset contain duplicates, linear transformation, or factors with unique respondent names?"
3,13,"education","pmm","cycle2001, cycle2003, cycle2007, cycle2009, cycle2011, cycle2015, stratum4, stratum5, stratum7"
3,13,"education","pmm","mice detected that your data are (nearly) multi-collinear.
It applied a ridge penalty to continue calculations, but the results can be unstable.
Does your dataset contain duplicates, linear transformation, or factors with unique respondent names?"
3,13,"pir","pmm","cycle2001, cycle2003, cycle2007, cycle2011, cycle2015, stratum2, stratum3, stratum4, stratum7"
3,13,"pir","pmm","mice detected that your data are (nearly) multi-collinear.
It applied a ridge penalty to continue calculations, but the results can be unstable.
Does your dataset contain duplicates, linear transformation, or factors with unique respondent names?"
3,13,"smoke","pmm","cycle2001, cycle2005, cycle2007, cycle2011, cycle2013, stratum2, stratum3, stratum4, stratum6"
3,13,"smoke","pmm","mice detected that your data are (nearly) multi-collinear.
It applied a ridge penalty to continue calculations, but the results can be unstable.
Does your dataset contain duplicates, linear transformation, or factors with unique respondent names?"
3,14,"education","pmm","cycle2001, cycle2003, cycle2007, cycle2009, cycle2011, cycle2015, stratum4, stratum5, stratum7"
3,14,"education","pmm","mice detected that your data are (nearly) multi-collinear.
It applied a ridge penalty to continue calculations, but the results can be unstable.
Does your dataset contain duplicates, linear transformation, or factors with unique respondent names?"
3,14,"pir","pmm","cycle2001, cycle2003, cycle2007, cycle2011, cycle2015, stratum2, stratum3, stratum4, stratum7"
3,14,"pir","pmm","mice detected that your data are (nearly) multi-collinear.
It applied a ridge penalty to continue calculations, but the results can be unstable.
Does your dataset contain duplicates, linear transformation, or factors with unique respondent names?"
3,14,"smoke","pmm","cycle2001, cycle2005, cycle2007, cycle2011, cycle2013, stratum2, stratum3, stratum4, stratum6"
3,14,"smoke","pmm","mice detected that your data are (nearly) multi-collinear.
It applied a ridge penalty to continue calculations, but the results can be unstable.
Does your dataset contain duplicates, linear transformation, or factors with unique respondent names?"
3,15,"education","pmm","cycle2001, cycle2003, cycle2007, cycle2009, cycle2011, cycle2015, stratum4, stratum5, stratum7"
3,15,"education","pmm","mice detected that your data are (nearly) multi-collinear.
It applied a ridge penalty to continue calculations, but the results can be unstable.
Does your dataset contain duplicates, linear transformation, or factors with unique respondent names?"
3,15,"pir","pmm","cycle2001, cycle2003, cycle2007, cycle2011, cycle2015, stratum2, stratum3, stratum4, stratum7"
3,15,"pir","pmm","mice detected that your data are (nearly) multi-collinear.
It applied a ridge penalty to continue calculations, but the results can be unstable.
Does your dataset contain duplicates, linear transformation, or factors with unique respondent names?"
3,15,"smoke","pmm","cycle2001, cycle2005, cycle2007, cycle2011, cycle2013, stratum2, stratum3, stratum4, stratum6"
3,15,"smoke","pmm","mice detected that your data are (nearly) multi-collinear.
It applied a ridge penalty to continue calculations, but the results can be unstable.
Does your dataset contain duplicates, linear transformation, or factors with unique respondent names?"
3,16,"education","pmm","cycle2001, cycle2003, cycle2007, cycle2009, cycle2011, cycle2015, stratum4, stratum5, stratum7"
3,16,"education","pmm","mice detected that your data are (nearly) multi-collinear.
It applied a ridge penalty to continue calculations, but the results can be unstable.
Does your dataset contain duplicates, linear transformation, or factors with unique respondent names?"
3,16,"pir","pmm","cycle2001, cycle2003, cycle2007, cycle2011, cycle2015, stratum2, stratum3, stratum4, stratum7"
3,16,"pir","pmm","mice detected that your data are (nearly) multi-collinear.
It applied a ridge penalty to continue calculations, but the results can be unstable.
Does your dataset contain duplicates, linear transformation, or factors with unique respondent names?"
3,16,"smoke","pmm","cycle2001, cycle2005, cycle2007, cycle2011, cycle2013, stratum2, stratum3, stratum4, stratum6"
3,16,"smoke","pmm","mice detected that your data are (nearly) multi-collinear.
It applied a ridge penalty to continue calculations, but the results can be unstable.
Does your dataset contain duplicates, linear transformation, or factors with unique respondent names?"
3,17,"education","pmm","cycle2001, cycle2003, cycle2007, cycle2009, cycle2011, cycle2015, stratum4, stratum5, stratum7"
3,17,"education","pmm","mice detected that your data are (nearly) multi-collinear.
It applied a ridge penalty to continue calculations, but the results can be unstable.
Does your dataset contain duplicates, linear transformation, or factors with unique respondent names?"
3,17,"pir","pmm","cycle2001, cycle2003, cycle2007, cycle2011, cycle2015, stratum2, stratum3, stratum4, stratum7"
3,17,"pir","pmm","mice detected that your data are (nearly) multi-collinear.
It applied a ridge penalty to continue calculations, but the results can be unstable.
Does your dataset contain duplicates, linear transformation, or factors with unique respondent names?"
3,17,"smoke","pmm","cycle2001, cycle2005, cycle2007, cycle2011, cycle2013, stratum2, stratum3, stratum4, stratum6"
3,17,"smoke","pmm","mice detected that your data are (nearly) multi-collinear.
It applied a ridge penalty to continue calculations, but the results can be unstable.
Does your dataset contain duplicates, linear transformation, or factors with unique respondent names?"
3,18,"education","pmm","cycle2001, cycle2003, cycle2007, cycle2009, cycle2011, cycle2015, stratum4, stratum5, stratum7"
3,18,"education","pmm","mice detected that your data are (nearly) multi-collinear.
It applied a ridge penalty to continue calculations, but the results can be unstable.
Does your dataset contain duplicates, linear transformation, or factors with unique respondent names?"
3,18,"pir","pmm","cycle2001, cycle2003, cycle2007, cycle2011, cycle2015, stratum2, stratum3, stratum4, stratum7"
3,18,"pir","pmm","mice detected that your data are (nearly) multi-collinear.
It applied a ridge penalty to continue calculations, but the results can be unstable.
Does your dataset contain duplicates, linear transformation, or factors with unique respondent names?"
3,18,"smoke","pmm","cycle2001, cycle2005, cycle2007, cycle2011, cycle2013, stratum2, stratum3, stratum4, stratum6"
3,18,"smoke","pmm","mice detected that your data are (nearly) multi-collinear.
It applied a ridge penalty to continue calculations, but the results can be unstable.
Does your dataset contain duplicates, linear transformation, or factors with unique respondent names?"
3,19,"education","pmm","cycle2001, cycle2003, cycle2007, cycle2009, cycle2011, cycle2015, stratum4, stratum5, stratum7"
3,19,"education","pmm","mice detected that your data are (nearly) multi-collinear.
It applied a ridge penalty to continue calculations, but the results can be unstable.
Does your dataset contain duplicates, linear transformation, or factors with unique respondent names?"
3,19,"pir","pmm","cycle2001, cycle2003, cycle2007, cycle2011, cycle2015, stratum2, stratum3, stratum4, stratum7"
3,19,"pir","pmm","mice detected that your data are (nearly) multi-collinear.
It applied a ridge penalty to continue calculations, but the results can be unstable.
Does your dataset contain duplicates, linear transformation, or factors with unique respondent names?"
3,19,"smoke","pmm","cycle2001, cycle2005, cycle2007, cycle2011, cycle2013, stratum2, stratum3, stratum4, stratum6"
3,19,"smoke","pmm","mice detected that your data are (nearly) multi-collinear.
It applied a ridge penalty to continue calculations, but the results can be unstable.
Does your dataset contain duplicates, linear transformation, or factors with unique respondent names?"
3,20,"education","pmm","cycle2001, cycle2003, cycle2007, cycle2009, cycle2011, cycle2015, stratum4, stratum5, stratum7"
3,20,"education","pmm","mice detected that your data are (nearly) multi-collinear.
It applied a ridge penalty to continue calculations, but the results can be unstable.
Does your dataset contain duplicates, linear transformation, or factors with unique respondent names?"
3,20,"pir","pmm","cycle2001, cycle2003, cycle2007, cycle2011, cycle2015, stratum2, stratum3, stratum4, stratum7"
3,20,"pir","pmm","mice detected that your data are (nearly) multi-collinear.
It applied a ridge penalty to continue calculations, but the results can be unstable.
Does your dataset contain duplicates, linear transformation, or factors with unique respondent names?"
3,20,"smoke","pmm","cycle2001, cycle2005, cycle2007, cycle2011, cycle2013, stratum2, stratum3, stratum4, stratum6"
3,20,"smoke","pmm","mice detected that your data are (nearly) multi-collinear.
It applied a ridge penalty to continue calculations, but the results can be unstable.
Does your dataset contain duplicates, linear transformation, or factors with unique respondent names?"
3,21,"education","pmm","cycle2001, cycle2003, cycle2007, cycle2009, cycle2011, cycle2015, stratum4, stratum5, stratum7"
3,21,"education","pmm","mice detected that your data are (nearly) multi-collinear.
It applied a ridge penalty to continue calculations, but the results can be unstable.
Does your dataset contain duplicates, linear transformation, or factors with unique respondent names?"
3,21,"pir","pmm","cycle2001, cycle2003, cycle2007, cycle2011, cycle2015, stratum2, stratum3, stratum4, stratum7"
3,21,"pir","pmm","mice detected that your data are (nearly) multi-collinear.
It applied a ridge penalty to continue calculations, but the results can be unstable.
Does your dataset contain duplicates, linear transformation, or factors with unique respondent names?"
3,21,"smoke","pmm","cycle2001, cycle2005, cycle2007, cycle2011, cycle2013, stratum2, stratum3, stratum4, stratum6"
3,21,"smoke","pmm","mice detected that your data are (nearly) multi-collinear.
It applied a ridge penalty to continue calculations, but the results can be unstable.
Does your dataset contain duplicates, linear transformation, or factors with unique respondent names?"
3,22,"education","pmm","cycle2001, cycle2003, cycle2007, cycle2009, cycle2011, cycle2015, stratum4, stratum5, stratum7"
3,22,"education","pmm","mice detected that your data are (nearly) multi-collinear.
It applied a ridge penalty to continue calculations, but the results can be unstable.
Does your dataset contain duplicates, linear transformation, or factors with unique respondent names?"
3,22,"pir","pmm","cycle2001, cycle2003, cycle2007, cycle2011, cycle2015, stratum2, stratum3, stratum4, stratum7"
3,22,"pir","pmm","mice detected that your data are (nearly) multi-collinear.
It applied a ridge penalty to continue calculations, but the results can be unstable.
Does your dataset contain duplicates, linear transformation, or factors with unique respondent names?"
3,22,"smoke","pmm","cycle2001, cycle2005, cycle2007, cycle2011, cycle2013, stratum2, stratum3, stratum4, stratum6"
3,22,"smoke","pmm","mice detected that your data are (nearly) multi-collinear.
It applied a ridge penalty to continue calculations, but the results can be unstable.
Does your dataset contain duplicates, linear transformation, or factors with unique respondent names?"
3,23,"education","pmm","cycle2001, cycle2003, cycle2007, cycle2009, cycle2011, cycle2015, stratum4, stratum5, stratum7"
3,23,"education","pmm","mice detected that your data are (nearly) multi-collinear.
It applied a ridge penalty to continue calculations, but the results can be unstable.
Does your dataset contain duplicates, linear transformation, or factors with unique respondent names?"
3,23,"pir","pmm","cycle2001, cycle2003, cycle2007, cycle2011, cycle2015, stratum2, stratum3, stratum4, stratum7"
3,23,"pir","pmm","mice detected that your data are (nearly) multi-collinear.
It applied a ridge penalty to continue calculations, but the results can be unstable.
Does your dataset contain duplicates, linear transformation, or factors with unique respondent names?"
3,23,"smoke","pmm","cycle2001, cycle2005, cycle2007, cycle2011, cycle2013, stratum2, stratum3, stratum4, stratum6"
3,23,"smoke","pmm","mice detected that your data are (nearly) multi-collinear.
It applied a ridge penalty to continue calculations, but the results can be unstable.
Does your dataset contain duplicates, linear transformation, or factors with unique respondent names?"
3,24,"education","pmm","cycle2001, cycle2003, cycle2007, cycle2009, cycle2011, cycle2015, stratum4, stratum5, stratum7"
3,24,"education","pmm","mice detected that your data are (nearly) multi-collinear.
It applied a ridge penalty to continue calculations, but the results can be unstable.
Does your dataset contain duplicates, linear transformation, or factors with unique respondent names?"
3,24,"pir","pmm","cycle2001, cycle2003, cycle2007, cycle2011, cycle2015, stratum2, stratum3, stratum4, stratum7"
3,24,"pir","pmm","mice detected that your data are (nearly) multi-collinear.
It applied a ridge penalty to continue calculations, but the results can be unstable.
Does your dataset contain duplicates, linear transformation, or factors with unique respondent names?"
3,24,"smoke","pmm","cycle2001, cycle2005, cycle2007, cycle2011, cycle2013, stratum2, stratum3, stratum4, stratum6"
3,24,"smoke","pmm","mice detected that your data are (nearly) multi-collinear.
It applied a ridge penalty to continue calculations, but the results can be unstable.
Does your dataset contain duplicates, linear transformation, or factors with unique respondent names?"
3,25,"education","pmm","cycle2001, cycle2003, cycle2007, cycle2009, cycle2011, cycle2015, stratum4, stratum5, stratum7"
3,25,"education","pmm","mice detected that your data are (nearly) multi-collinear.
It applied a ridge penalty to continue calculations, but the results can be unstable.
Does your dataset contain duplicates, linear transformation, or factors with unique respondent names?"
3,25,"pir","pmm","cycle2001, cycle2003, cycle2007, cycle2011, cycle2015, stratum2, stratum3, stratum4, stratum7"
3,25,"pir","pmm","mice detected that your data are (nearly) multi-collinear.
It applied a ridge penalty to continue calculations, but the results can be unstable.
Does your dataset contain duplicates, linear transformation, or factors with unique respondent names?"
3,25,"smoke","pmm","cycle2001, cycle2005, cycle2007, cycle2011, cycle2013, stratum2, stratum3, stratum4, stratum6"
3,25,"smoke","pmm","mice detected that your data are (nearly) multi-collinear.
It applied a ridge penalty to continue calculations, but the results can be unstable.
Does your dataset contain duplicates, linear transformation, or factors with unique respondent names?"
3,26,"education","pmm","cycle2001, cycle2003, cycle2007, cycle2009, cycle2011, cycle2015, stratum4, stratum5, stratum7"
3,26,"education","pmm","mice detected that your data are (nearly) multi-collinear.
It applied a ridge penalty to continue calculations, but the results can be unstable.
Does your dataset contain duplicates, linear transformation, or factors with unique respondent names?"
3,26,"pir","pmm","cycle2001, cycle2003, cycle2007, cycle2011, cycle2015, stratum2, stratum3, stratum4, stratum7"
3,26,"pir","pmm","mice detected that your data are (nearly) multi-collinear.
It applied a ridge penalty to continue calculations, but the results can be unstable.
Does your dataset contain duplicates, linear transformation, or factors with unique respondent names?"
3,26,"smoke","pmm","cycle2001, cycle2005, cycle2007, cycle2011, cycle2013, stratum2, stratum3, stratum4, stratum6"
3,26,"smoke","pmm","mice detected that your data are (nearly) multi-collinear.
It applied a ridge penalty to continue calculations, but the results can be unstable.
Does your dataset contain duplicates, linear transformation, or factors with unique respondent names?"
3,27,"education","pmm","cycle2001, cycle2003, cycle2007, cycle2009, cycle2011, cycle2015, stratum4, stratum5, stratum7"
3,27,"education","pmm","mice detected that your data are (nearly) multi-collinear.
It applied a ridge penalty to continue calculations, but the results can be unstable.
Does your dataset contain duplicates, linear transformation, or factors with unique respondent names?"
3,27,"pir","pmm","cycle2001, cycle2003, cycle2007, cycle2011, cycle2015, stratum2, stratum3, stratum4, stratum7"
3,27,"pir","pmm","mice detected that your data are (nearly) multi-collinear.
It applied a ridge penalty to continue calculations, but the results can be unstable.
Does your dataset contain duplicates, linear transformation, or factors with unique respondent names?"
3,27,"smoke","pmm","cycle2001, cycle2005, cycle2007, cycle2011, cycle2013, stratum2, stratum3, stratum4, stratum6"
3,27,"smoke","pmm","mice detected that your data are (nearly) multi-collinear.
It applied a ridge penalty to continue calculations, but the results can be unstable.
Does your dataset contain duplicates, linear transformation, or factors with unique respondent names?"
3,28,"education","pmm","cycle2001, cycle2003, cycle2007, cycle2009, cycle2011, cycle2015, stratum4, stratum5, stratum7"
3,28,"education","pmm","mice detected that your data are (nearly) multi-collinear.
It applied a ridge penalty to continue calculations, but the results can be unstable.
Does your dataset contain duplicates, linear transformation, or factors with unique respondent names?"
3,28,"pir","pmm","cycle2001, cycle2003, cycle2007, cycle2011, cycle2015, stratum2, stratum3, stratum4, stratum7"
3,28,"pir","pmm","mice detected that your data are (nearly) multi-collinear.
It applied a ridge penalty to continue calculations, but the results can be unstable.
Does your dataset contain duplicates, linear transformation, or factors with unique respondent names?"
3,28,"smoke","pmm","cycle2001, cycle2005, cycle2007, cycle2011, cycle2013, stratum2, stratum3, stratum4, stratum6"
3,28,"smoke","pmm","mice detected that your data are (nearly) multi-collinear.
It applied a ridge penalty to continue calculations, but the results can be unstable.
Does your dataset contain duplicates, linear transformation, or factors with unique respondent names?"
3,29,"education","pmm","cycle2001, cycle2003, cycle2007, cycle2009, cycle2011, cycle2015, stratum4, stratum5, stratum7"
3,29,"education","pmm","mice detected that your data are (nearly) multi-collinear.
It applied a ridge penalty to continue calculations, but the results can be unstable.
Does your dataset contain duplicates, linear transformation, or factors with unique respondent names?"
3,29,"pir","pmm","cycle2001, cycle2003, cycle2007, cycle2011, cycle2015, stratum2, stratum3, stratum4, stratum7"
3,29,"pir","pmm","mice detected that your data are (nearly) multi-collinear.
It applied a ridge penalty to continue calculations, but the results can be unstable.
Does your dataset contain duplicates, linear transformation, or factors with unique respondent names?"
3,29,"smoke","pmm","cycle2001, cycle2005, cycle2007, cycle2011, cycle2013, stratum2, stratum3, stratum4, stratum6"
3,29,"smoke","pmm","mice detected that your data are (nearly) multi-collinear.
It applied a ridge penalty to continue calculations, but the results can be unstable.
Does your dataset contain duplicates, linear transformation, or factors with unique respondent names?"
3,30,"education","pmm","cycle2001, cycle2003, cycle2007, cycle2009, cycle2011, cycle2015, stratum4, stratum5, stratum7"
3,30,"education","pmm","mice detected that your data are (nearly) multi-collinear.
It applied a ridge penalty to continue calculations, but the results can be unstable.
Does your dataset contain duplicates, linear transformation, or factors with unique respondent names?"
3,30,"pir","pmm","cycle2001, cycle2003, cycle2007, cycle2011, cycle2015, stratum2, stratum3, stratum4, stratum7"
3,30,"pir","pmm","mice detected that your data are (nearly) multi-collinear.
It applied a ridge penalty to continue calculations, but the results can be unstable.
Does your dataset contain duplicates, linear transformation, or factors with unique respondent names?"
3,30,"smoke","pmm","cycle2001, cycle2005, cycle2007, cycle2011, cycle2013, stratum2, stratum3, stratum4, stratum6"
3,30,"smoke","pmm","mice detected that your data are (nearly) multi-collinear.
It applied a ridge penalty to continue calculations, but the results can be unstable.
Does your dataset contain duplicates, linear transformation, or factors with unique respondent names?"
4,1,"education","pmm","cycle2001, cycle2003, cycle2007, cycle2009, cycle2011, cycle2015, stratum4, stratum5, stratum7"
4,1,"education","pmm","mice detected that your data are (nearly) multi-collinear.
It applied a ridge penalty to continue calculations, but the results can be unstable.
Does your dataset contain duplicates, linear transformation, or factors with unique respondent names?"
4,1,"pir","pmm","cycle2001, cycle2003, cycle2007, cycle2011, cycle2015, stratum2, stratum3, stratum4, stratum7"
4,1,"pir","pmm","mice detected that your data are (nearly) multi-collinear.
It applied a ridge penalty to continue calculations, but the results can be unstable.
Does your dataset contain duplicates, linear transformation, or factors with unique respondent names?"
4,1,"smoke","pmm","cycle2001, cycle2005, cycle2007, cycle2011, cycle2013, stratum2, stratum3, stratum4, stratum6"
4,1,"smoke","pmm","mice detected that your data are (nearly) multi-collinear.
It applied a ridge penalty to continue calculations, but the results can be unstable.
Does your dataset contain duplicates, linear transformation, or factors with unique respondent names?"
4,2,"education","pmm","cycle2001, cycle2003, cycle2007, cycle2009, cycle2011, cycle2015, stratum4, stratum5, stratum7"
4,2,"education","pmm","mice detected that your data are (nearly) multi-collinear.
It applied a ridge penalty to continue calculations, but the results can be unstable.
Does your dataset contain duplicates, linear transformation, or factors with unique respondent names?"
4,2,"pir","pmm","cycle2001, cycle2003, cycle2007, cycle2011, cycle2015, stratum2, stratum3, stratum4, stratum7"
4,2,"pir","pmm","mice detected that your data are (nearly) multi-collinear.
It applied a ridge penalty to continue calculations, but the results can be unstable.
Does your dataset contain duplicates, linear transformation, or factors with unique respondent names?"
4,2,"smoke","pmm","cycle2001, cycle2005, cycle2007, cycle2011, cycle2013, stratum2, stratum3, stratum4, stratum6"
4,2,"smoke","pmm","mice detected that your data are (nearly) multi-collinear.
It applied a ridge penalty to continue calculations, but the results can be unstable.
Does your dataset contain duplicates, linear transformation, or factors with unique respondent names?"
4,3,"education","pmm","cycle2001, cycle2003, cycle2007, cycle2009, cycle2011, cycle2015, stratum4, stratum5, stratum7"
4,3,"education","pmm","mice detected that your data are (nearly) multi-collinear.
It applied a ridge penalty to continue calculations, but the results can be unstable.
Does your dataset contain duplicates, linear transformation, or factors with unique respondent names?"
4,3,"pir","pmm","cycle2001, cycle2003, cycle2007, cycle2011, cycle2015, stratum2, stratum3, stratum4, stratum7"
4,3,"pir","pmm","mice detected that your data are (nearly) multi-collinear.
It applied a ridge penalty to continue calculations, but the results can be unstable.
Does your dataset contain duplicates, linear transformation, or factors with unique respondent names?"
4,3,"smoke","pmm","cycle2001, cycle2005, cycle2007, cycle2011, cycle2013, stratum2, stratum3, stratum4, stratum6"
4,3,"smoke","pmm","mice detected that your data are (nearly) multi-collinear.
It applied a ridge penalty to continue calculations, but the results can be unstable.
Does your dataset contain duplicates, linear transformation, or factors with unique respondent names?"
4,4,"education","pmm","cycle2001, cycle2003, cycle2007, cycle2009, cycle2011, cycle2015, stratum4, stratum5, stratum7"
4,4,"education","pmm","mice detected that your data are (nearly) multi-collinear.
It applied a ridge penalty to continue calculations, but the results can be unstable.
Does your dataset contain duplicates, linear transformation, or factors with unique respondent names?"
4,4,"pir","pmm","cycle2001, cycle2003, cycle2007, cycle2011, cycle2015, stratum2, stratum3, stratum4, stratum7"
4,4,"pir","pmm","mice detected that your data are (nearly) multi-collinear.
It applied a ridge penalty to continue calculations, but the results can be unstable.
Does your dataset contain duplicates, linear transformation, or factors with unique respondent names?"
4,4,"smoke","pmm","cycle2001, cycle2005, cycle2007, cycle2011, cycle2013, stratum2, stratum3, stratum4, stratum6"
4,4,"smoke","pmm","mice detected that your data are (nearly) multi-collinear.
It applied a ridge penalty to continue calculations, but the results can be unstable.
Does your dataset contain duplicates, linear transformation, or factors with unique respondent names?"
4,5,"education","pmm","cycle2001, cycle2003, cycle2007, cycle2009, cycle2011, cycle2015, stratum4, stratum5, stratum7"
4,5,"education","pmm","mice detected that your data are (nearly) multi-collinear.
It applied a ridge penalty to continue calculations, but the results can be unstable.
Does your dataset contain duplicates, linear transformation, or factors with unique respondent names?"
4,5,"pir","pmm","cycle2001, cycle2003, cycle2007, cycle2011, cycle2015, stratum2, stratum3, stratum4, stratum7"
4,5,"pir","pmm","mice detected that your data are (nearly) multi-collinear.
It applied a ridge penalty to continue calculations, but the results can be unstable.
Does your dataset contain duplicates, linear transformation, or factors with unique respondent names?"
4,5,"smoke","pmm","cycle2001, cycle2005, cycle2007, cycle2011, cycle2013, stratum2, stratum3, stratum4, stratum6"
4,5,"smoke","pmm","mice detected that your data are (nearly) multi-collinear.
It applied a ridge penalty to continue calculations, but the results can be unstable.
Does your dataset contain duplicates, linear transformation, or factors with unique respondent names?"
4,6,"education","pmm","cycle2001, cycle2003, cycle2007, cycle2009, cycle2011, cycle2015, stratum4, stratum5, stratum7"
4,6,"education","pmm","mice detected that your data are (nearly) multi-collinear.
It applied a ridge penalty to continue calculations, but the results can be unstable.
Does your dataset contain duplicates, linear transformation, or factors with unique respondent names?"
4,6,"pir","pmm","cycle2001, cycle2003, cycle2007, cycle2011, cycle2015, stratum2, stratum3, stratum4, stratum7"
4,6,"pir","pmm","mice detected that your data are (nearly) multi-collinear.
It applied a ridge penalty to continue calculations, but the results can be unstable.
Does your dataset contain duplicates, linear transformation, or factors with unique respondent names?"
4,6,"smoke","pmm","cycle2001, cycle2005, cycle2007, cycle2011, cycle2013, stratum2, stratum3, stratum4, stratum6"
4,6,"smoke","pmm","mice detected that your data are (nearly) multi-collinear.
It applied a ridge penalty to continue calculations, but the results can be unstable.
Does your dataset contain duplicates, linear transformation, or factors with unique respondent names?"
4,7,"education","pmm","cycle2001, cycle2003, cycle2007, cycle2009, cycle2011, cycle2015, stratum4, stratum5, stratum7"
4,7,"education","pmm","mice detected that your data are (nearly) multi-collinear.
It applied a ridge penalty to continue calculations, but the results can be unstable.
Does your dataset contain duplicates, linear transformation, or factors with unique respondent names?"
4,7,"pir","pmm","cycle2001, cycle2003, cycle2007, cycle2011, cycle2015, stratum2, stratum3, stratum4, stratum7"
4,7,"pir","pmm","mice detected that your data are (nearly) multi-collinear.
It applied a ridge penalty to continue calculations, but the results can be unstable.
Does your dataset contain duplicates, linear transformation, or factors with unique respondent names?"
4,7,"smoke","pmm","cycle2001, cycle2005, cycle2007, cycle2011, cycle2013, stratum2, stratum3, stratum4, stratum6"
4,7,"smoke","pmm","mice detected that your data are (nearly) multi-collinear.
It applied a ridge penalty to continue calculations, but the results can be unstable.
Does your dataset contain duplicates, linear transformation, or factors with unique respondent names?"
4,8,"education","pmm","cycle2001, cycle2003, cycle2007, cycle2009, cycle2011, cycle2015, stratum4, stratum5, stratum7"
4,8,"education","pmm","mice detected that your data are (nearly) multi-collinear.
It applied a ridge penalty to continue calculations, but the results can be unstable.
Does your dataset contain duplicates, linear transformation, or factors with unique respondent names?"
4,8,"pir","pmm","cycle2001, cycle2003, cycle2007, cycle2011, cycle2015, stratum2, stratum3, stratum4, stratum7"
4,8,"pir","pmm","mice detected that your data are (nearly) multi-collinear.
It applied a ridge penalty to continue calculations, but the results can be unstable.
Does your dataset contain duplicates, linear transformation, or factors with unique respondent names?"
4,8,"smoke","pmm","cycle2001, cycle2005, cycle2007, cycle2011, cycle2013, stratum2, stratum3, stratum4, stratum6"
4,8,"smoke","pmm","mice detected that your data are (nearly) multi-collinear.
It applied a ridge penalty to continue calculations, but the results can be unstable.
Does your dataset contain duplicates, linear transformation, or factors with unique respondent names?"
4,9,"education","pmm","cycle2001, cycle2003, cycle2007, cycle2009, cycle2011, cycle2015, stratum4, stratum5, stratum7"
4,9,"education","pmm","mice detected that your data are (nearly) multi-collinear.
It applied a ridge penalty to continue calculations, but the results can be unstable.
Does your dataset contain duplicates, linear transformation, or factors with unique respondent names?"
4,9,"pir","pmm","cycle2001, cycle2003, cycle2007, cycle2011, cycle2015, stratum2, stratum3, stratum4, stratum7"
4,9,"pir","pmm","mice detected that your data are (nearly) multi-collinear.
It applied a ridge penalty to continue calculations, but the results can be unstable.
Does your dataset contain duplicates, linear transformation, or factors with unique respondent names?"
4,9,"smoke","pmm","cycle2001, cycle2005, cycle2007, cycle2011, cycle2013, stratum2, stratum3, stratum4, stratum6"
4,9,"smoke","pmm","mice detected that your data are (nearly) multi-collinear.
It applied a ridge penalty to continue calculations, but the results can be unstable.
Does your dataset contain duplicates, linear transformation, or factors with unique respondent names?"
4,10,"education","pmm","cycle2001, cycle2003, cycle2007, cycle2009, cycle2011, cycle2015, stratum4, stratum5, stratum7"
4,10,"education","pmm","mice detected that your data are (nearly) multi-collinear.
It applied a ridge penalty to continue calculations, but the results can be unstable.
Does your dataset contain duplicates, linear transformation, or factors with unique respondent names?"
4,10,"pir","pmm","cycle2001, cycle2003, cycle2007, cycle2011, cycle2015, stratum2, stratum3, stratum4, stratum7"
4,10,"pir","pmm","mice detected that your data are (nearly) multi-collinear.
It applied a ridge penalty to continue calculations, but the results can be unstable.
Does your dataset contain duplicates, linear transformation, or factors with unique respondent names?"
4,10,"smoke","pmm","cycle2001, cycle2005, cycle2007, cycle2011, cycle2013, stratum2, stratum3, stratum4, stratum6"
4,10,"smoke","pmm","mice detected that your data are (nearly) multi-collinear.
It applied a ridge penalty to continue calculations, but the results can be unstable.
Does your dataset contain duplicates, linear transformation, or factors with unique respondent names?"
4,11,"education","pmm","cycle2001, cycle2003, cycle2007, cycle2009, cycle2011, cycle2015, stratum4, stratum5, stratum7"
4,11,"education","pmm","mice detected that your data are (nearly) multi-collinear.
It applied a ridge penalty to continue calculations, but the results can be unstable.
Does your dataset contain duplicates, linear transformation, or factors with unique respondent names?"
4,11,"pir","pmm","cycle2001, cycle2003, cycle2007, cycle2011, cycle2015, stratum2, stratum3, stratum4, stratum7"
4,11,"pir","pmm","mice detected that your data are (nearly) multi-collinear.
It applied a ridge penalty to continue calculations, but the results can be unstable.
Does your dataset contain duplicates, linear transformation, or factors with unique respondent names?"
4,11,"smoke","pmm","cycle2001, cycle2005, cycle2007, cycle2011, cycle2013, stratum2, stratum3, stratum4, stratum6"
4,11,"smoke","pmm","mice detected that your data are (nearly) multi-collinear.
It applied a ridge penalty to continue calculations, but the results can be unstable.
Does your dataset contain duplicates, linear transformation, or factors with unique respondent names?"
4,12,"education","pmm","cycle2001, cycle2003, cycle2007, cycle2009, cycle2011, cycle2015, stratum4, stratum5, stratum7"
4,12,"education","pmm","mice detected that your data are (nearly) multi-collinear.
It applied a ridge penalty to continue calculations, but the results can be unstable.
Does your dataset contain duplicates, linear transformation, or factors with unique respondent names?"
4,12,"pir","pmm","cycle2001, cycle2003, cycle2007, cycle2011, cycle2015, stratum2, stratum3, stratum4, stratum7"
4,12,"pir","pmm","mice detected that your data are (nearly) multi-collinear.
It applied a ridge penalty to continue calculations, but the results can be unstable.
Does your dataset contain duplicates, linear transformation, or factors with unique respondent names?"
4,12,"smoke","pmm","cycle2001, cycle2005, cycle2007, cycle2011, cycle2013, stratum2, stratum3, stratum4, stratum6"
4,12,"smoke","pmm","mice detected that your data are (nearly) multi-collinear.
It applied a ridge penalty to continue calculations, but the results can be unstable.
Does your dataset contain duplicates, linear transformation, or factors with unique respondent names?"
4,13,"education","pmm","cycle2001, cycle2003, cycle2007, cycle2009, cycle2011, cycle2015, stratum4, stratum5, stratum7"
4,13,"education","pmm","mice detected that your data are (nearly) multi-collinear.
It applied a ridge penalty to continue calculations, but the results can be unstable.
Does your dataset contain duplicates, linear transformation, or factors with unique respondent names?"
4,13,"pir","pmm","cycle2001, cycle2003, cycle2007, cycle2011, cycle2015, stratum2, stratum3, stratum4, stratum7"
4,13,"pir","pmm","mice detected that your data are (nearly) multi-collinear.
It applied a ridge penalty to continue calculations, but the results can be unstable.
Does your dataset contain duplicates, linear transformation, or factors with unique respondent names?"
4,13,"smoke","pmm","cycle2001, cycle2005, cycle2007, cycle2011, cycle2013, stratum2, stratum3, stratum4, stratum6"
4,13,"smoke","pmm","mice detected that your data are (nearly) multi-collinear.
It applied a ridge penalty to continue calculations, but the results can be unstable.
Does your dataset contain duplicates, linear transformation, or factors with unique respondent names?"
4,14,"education","pmm","cycle2001, cycle2003, cycle2007, cycle2009, cycle2011, cycle2015, stratum4, stratum5, stratum7"
4,14,"education","pmm","mice detected that your data are (nearly) multi-collinear.
It applied a ridge penalty to continue calculations, but the results can be unstable.
Does your dataset contain duplicates, linear transformation, or factors with unique respondent names?"
4,14,"pir","pmm","cycle2001, cycle2003, cycle2007, cycle2011, cycle2015, stratum2, stratum3, stratum4, stratum7"
4,14,"pir","pmm","mice detected that your data are (nearly) multi-collinear.
It applied a ridge penalty to continue calculations, but the results can be unstable.
Does your dataset contain duplicates, linear transformation, or factors with unique respondent names?"
4,14,"smoke","pmm","cycle2001, cycle2005, cycle2007, cycle2011, cycle2013, stratum2, stratum3, stratum4, stratum6"
4,14,"smoke","pmm","mice detected that your data are (nearly) multi-collinear.
It applied a ridge penalty to continue calculations, but the results can be unstable.
Does your dataset contain duplicates, linear transformation, or factors with unique respondent names?"
4,15,"education","pmm","cycle2001, cycle2003, cycle2007, cycle2009, cycle2011, cycle2015, stratum4, stratum5, stratum7"
4,15,"education","pmm","mice detected that your data are (nearly) multi-collinear.
It applied a ridge penalty to continue calculations, but the results can be unstable.
Does your dataset contain duplicates, linear transformation, or factors with unique respondent names?"
4,15,"pir","pmm","cycle2001, cycle2003, cycle2007, cycle2011, cycle2015, stratum2, stratum3, stratum4, stratum7"
4,15,"pir","pmm","mice detected that your data are (nearly) multi-collinear.
It applied a ridge penalty to continue calculations, but the results can be unstable.
Does your dataset contain duplicates, linear transformation, or factors with unique respondent names?"
4,15,"smoke","pmm","cycle2001, cycle2005, cycle2007, cycle2011, cycle2013, stratum2, stratum3, stratum4, stratum6"
4,15,"smoke","pmm","mice detected that your data are (nearly) multi-collinear.
It applied a ridge penalty to continue calculations, but the results can be unstable.
Does your dataset contain duplicates, linear transformation, or factors with unique respondent names?"
4,16,"education","pmm","cycle2001, cycle2003, cycle2007, cycle2009, cycle2011, cycle2015, stratum4, stratum5, stratum7"
4,16,"education","pmm","mice detected that your data are (nearly) multi-collinear.
It applied a ridge penalty to continue calculations, but the results can be unstable.
Does your dataset contain duplicates, linear transformation, or factors with unique respondent names?"
4,16,"pir","pmm","cycle2001, cycle2003, cycle2007, cycle2011, cycle2015, stratum2, stratum3, stratum4, stratum7"
4,16,"pir","pmm","mice detected that your data are (nearly) multi-collinear.
It applied a ridge penalty to continue calculations, but the results can be unstable.
Does your dataset contain duplicates, linear transformation, or factors with unique respondent names?"
4,16,"smoke","pmm","cycle2001, cycle2005, cycle2007, cycle2011, cycle2013, stratum2, stratum3, stratum4, stratum6"
4,16,"smoke","pmm","mice detected that your data are (nearly) multi-collinear.
It applied a ridge penalty to continue calculations, but the results can be unstable.
Does your dataset contain duplicates, linear transformation, or factors with unique respondent names?"
4,17,"education","pmm","cycle2001, cycle2003, cycle2007, cycle2009, cycle2011, cycle2015, stratum4, stratum5, stratum7"
4,17,"education","pmm","mice detected that your data are (nearly) multi-collinear.
It applied a ridge penalty to continue calculations, but the results can be unstable.
Does your dataset contain duplicates, linear transformation, or factors with unique respondent names?"
4,17,"pir","pmm","cycle2001, cycle2003, cycle2007, cycle2011, cycle2015, stratum2, stratum3, stratum4, stratum7"
4,17,"pir","pmm","mice detected that your data are (nearly) multi-collinear.
It applied a ridge penalty to continue calculations, but the results can be unstable.
Does your dataset contain duplicates, linear transformation, or factors with unique respondent names?"
4,17,"smoke","pmm","cycle2001, cycle2005, cycle2007, cycle2011, cycle2013, stratum2, stratum3, stratum4, stratum6"
4,17,"smoke","pmm","mice detected that your data are (nearly) multi-collinear.
It applied a ridge penalty to continue calculations, but the results can be unstable.
Does your dataset contain duplicates, linear transformation, or factors with unique respondent names?"
4,18,"education","pmm","cycle2001, cycle2003, cycle2007, cycle2009, cycle2011, cycle2015, stratum4, stratum5, stratum7"
4,18,"education","pmm","mice detected that your data are (nearly) multi-collinear.
It applied a ridge penalty to continue calculations, but the results can be unstable.
Does your dataset contain duplicates, linear transformation, or factors with unique respondent names?"
4,18,"pir","pmm","cycle2001, cycle2003, cycle2007, cycle2011, cycle2015, stratum2, stratum3, stratum4, stratum7"
4,18,"pir","pmm","mice detected that your data are (nearly) multi-collinear.
It applied a ridge penalty to continue calculations, but the results can be unstable.
Does your dataset contain duplicates, linear transformation, or factors with unique respondent names?"
4,18,"smoke","pmm","cycle2001, cycle2005, cycle2007, cycle2011, cycle2013, stratum2, stratum3, stratum4, stratum6"
4,18,"smoke","pmm","mice detected that your data are (nearly) multi-collinear.
It applied a ridge penalty to continue calculations, but the results can be unstable.
Does your dataset contain duplicates, linear transformation, or factors with unique respondent names?"
4,19,"education","pmm","cycle2001, cycle2003, cycle2007, cycle2009, cycle2011, cycle2015, stratum4, stratum5, stratum7"
4,19,"education","pmm","mice detected that your data are (nearly) multi-collinear.
It applied a ridge penalty to continue calculations, but the results can be unstable.
Does your dataset contain duplicates, linear transformation, or factors with unique respondent names?"
4,19,"pir","pmm","cycle2001, cycle2003, cycle2007, cycle2011, cycle2015, stratum2, stratum3, stratum4, stratum7"
4,19,"pir","pmm","mice detected that your data are (nearly) multi-collinear.
It applied a ridge penalty to continue calculations, but the results can be unstable.
Does your dataset contain duplicates, linear transformation, or factors with unique respondent names?"
4,19,"smoke","pmm","cycle2001, cycle2005, cycle2007, cycle2011, cycle2013, stratum2, stratum3, stratum4, stratum6"
4,19,"smoke","pmm","mice detected that your data are (nearly) multi-collinear.
It applied a ridge penalty to continue calculations, but the results can be unstable.
Does your dataset contain duplicates, linear transformation, or factors with unique respondent names?"
4,20,"education","pmm","cycle2001, cycle2003, cycle2007, cycle2009, cycle2011, cycle2015, stratum4, stratum5, stratum7"
4,20,"education","pmm","mice detected that your data are (nearly) multi-collinear.
It applied a ridge penalty to continue calculations, but the results can be unstable.
Does your dataset contain duplicates, linear transformation, or factors with unique respondent names?"
4,20,"pir","pmm","cycle2001, cycle2003, cycle2007, cycle2011, cycle2015, stratum2, stratum3, stratum4, stratum7"
4,20,"pir","pmm","mice detected that your data are (nearly) multi-collinear.
It applied a ridge penalty to continue calculations, but the results can be unstable.
Does your dataset contain duplicates, linear transformation, or factors with unique respondent names?"
4,20,"smoke","pmm","cycle2001, cycle2005, cycle2007, cycle2011, cycle2013, stratum2, stratum3, stratum4, stratum6"
4,20,"smoke","pmm","mice detected that your data are (nearly) multi-collinear.
It applied a ridge penalty to continue calculations, but the results can be unstable.
Does your dataset contain duplicates, linear transformation, or factors with unique respondent names?"
4,21,"education","pmm","cycle2001, cycle2003, cycle2007, cycle2009, cycle2011, cycle2015, stratum4, stratum5, stratum7"
4,21,"education","pmm","mice detected that your data are (nearly) multi-collinear.
It applied a ridge penalty to continue calculations, but the results can be unstable.
Does your dataset contain duplicates, linear transformation, or factors with unique respondent names?"
4,21,"pir","pmm","cycle2001, cycle2003, cycle2007, cycle2011, cycle2015, stratum2, stratum3, stratum4, stratum7"
4,21,"pir","pmm","mice detected that your data are (nearly) multi-collinear.
It applied a ridge penalty to continue calculations, but the results can be unstable.
Does your dataset contain duplicates, linear transformation, or factors with unique respondent names?"
4,21,"smoke","pmm","cycle2001, cycle2005, cycle2007, cycle2011, cycle2013, stratum2, stratum3, stratum4, stratum6"
4,21,"smoke","pmm","mice detected that your data are (nearly) multi-collinear.
It applied a ridge penalty to continue calculations, but the results can be unstable.
Does your dataset contain duplicates, linear transformation, or factors with unique respondent names?"
4,22,"education","pmm","cycle2001, cycle2003, cycle2007, cycle2009, cycle2011, cycle2015, stratum4, stratum5, stratum7"
4,22,"education","pmm","mice detected that your data are (nearly) multi-collinear.
It applied a ridge penalty to continue calculations, but the results can be unstable.
Does your dataset contain duplicates, linear transformation, or factors with unique respondent names?"
4,22,"pir","pmm","cycle2001, cycle2003, cycle2007, cycle2011, cycle2015, stratum2, stratum3, stratum4, stratum7"
4,22,"pir","pmm","mice detected that your data are (nearly) multi-collinear.
It applied a ridge penalty to continue calculations, but the results can be unstable.
Does your dataset contain duplicates, linear transformation, or factors with unique respondent names?"
4,22,"smoke","pmm","cycle2001, cycle2005, cycle2007, cycle2011, cycle2013, stratum2, stratum3, stratum4, stratum6"
4,22,"smoke","pmm","mice detected that your data are (nearly) multi-collinear.
It applied a ridge penalty to continue calculations, but the results can be unstable.
Does your dataset contain duplicates, linear transformation, or factors with unique respondent names?"
4,23,"education","pmm","cycle2001, cycle2003, cycle2007, cycle2009, cycle2011, cycle2015, stratum4, stratum5, stratum7"
4,23,"education","pmm","mice detected that your data are (nearly) multi-collinear.
It applied a ridge penalty to continue calculations, but the results can be unstable.
Does your dataset contain duplicates, linear transformation, or factors with unique respondent names?"
4,23,"pir","pmm","cycle2001, cycle2003, cycle2007, cycle2011, cycle2015, stratum2, stratum3, stratum4, stratum7"
4,23,"pir","pmm","mice detected that your data are (nearly) multi-collinear.
It applied a ridge penalty to continue calculations, but the results can be unstable.
Does your dataset contain duplicates, linear transformation, or factors with unique respondent names?"
4,23,"smoke","pmm","cycle2001, cycle2005, cycle2007, cycle2011, cycle2013, stratum2, stratum3, stratum4, stratum6"
4,23,"smoke","pmm","mice detected that your data are (nearly) multi-collinear.
It applied a ridge penalty to continue calculations, but the results can be unstable.
Does your dataset contain duplicates, linear transformation, or factors with unique respondent names?"
4,24,"education","pmm","cycle2001, cycle2003, cycle2007, cycle2009, cycle2011, cycle2015, stratum4, stratum5, stratum7"
4,24,"education","pmm","mice detected that your data are (nearly) multi-collinear.
It applied a ridge penalty to continue calculations, but the results can be unstable.
Does your dataset contain duplicates, linear transformation, or factors with unique respondent names?"
4,24,"pir","pmm","cycle2001, cycle2003, cycle2007, cycle2011, cycle2015, stratum2, stratum3, stratum4, stratum7"
4,24,"pir","pmm","mice detected that your data are (nearly) multi-collinear.
It applied a ridge penalty to continue calculations, but the results can be unstable.
Does your dataset contain duplicates, linear transformation, or factors with unique respondent names?"
4,24,"smoke","pmm","cycle2001, cycle2005, cycle2007, cycle2011, cycle2013, stratum2, stratum3, stratum4, stratum6"
4,24,"smoke","pmm","mice detected that your data are (nearly) multi-collinear.
It applied a ridge penalty to continue calculations, but the results can be unstable.
Does your dataset contain duplicates, linear transformation, or factors with unique respondent names?"
4,25,"education","pmm","cycle2001, cycle2003, cycle2007, cycle2009, cycle2011, cycle2015, stratum4, stratum5, stratum7"
4,25,"education","pmm","mice detected that your data are (nearly) multi-collinear.
It applied a ridge penalty to continue calculations, but the results can be unstable.
Does your dataset contain duplicates, linear transformation, or factors with unique respondent names?"
4,25,"pir","pmm","cycle2001, cycle2003, cycle2007, cycle2011, cycle2015, stratum2, stratum3, stratum4, stratum7"
4,25,"pir","pmm","mice detected that your data are (nearly) multi-collinear.
It applied a ridge penalty to continue calculations, but the results can be unstable.
Does your dataset contain duplicates, linear transformation, or factors with unique respondent names?"
4,25,"smoke","pmm","cycle2001, cycle2005, cycle2007, cycle2011, cycle2013, stratum2, stratum3, stratum4, stratum6"
4,25,"smoke","pmm","mice detected that your data are (nearly) multi-collinear.
It applied a ridge penalty to continue calculations, but the results can be unstable.
Does your dataset contain duplicates, linear transformation, or factors with unique respondent names?"
4,26,"education","pmm","cycle2001, cycle2003, cycle2007, cycle2009, cycle2011, cycle2015, stratum4, stratum5, stratum7"
4,26,"education","pmm","mice detected that your data are (nearly) multi-collinear.
It applied a ridge penalty to continue calculations, but the results can be unstable.
Does your dataset contain duplicates, linear transformation, or factors with unique respondent names?"
4,26,"pir","pmm","cycle2001, cycle2003, cycle2007, cycle2011, cycle2015, stratum2, stratum3, stratum4, stratum7"
4,26,"pir","pmm","mice detected that your data are (nearly) multi-collinear.
It applied a ridge penalty to continue calculations, but the results can be unstable.
Does your dataset contain duplicates, linear transformation, or factors with unique respondent names?"
4,26,"smoke","pmm","cycle2001, cycle2005, cycle2007, cycle2011, cycle2013, stratum2, stratum3, stratum4, stratum6"
4,26,"smoke","pmm","mice detected that your data are (nearly) multi-collinear.
It applied a ridge penalty to continue calculations, but the results can be unstable.
Does your dataset contain duplicates, linear transformation, or factors with unique respondent names?"
4,27,"education","pmm","cycle2001, cycle2003, cycle2007, cycle2009, cycle2011, cycle2015, stratum4, stratum5, stratum7"
4,27,"education","pmm","mice detected that your data are (nearly) multi-collinear.
It applied a ridge penalty to continue calculations, but the results can be unstable.
Does your dataset contain duplicates, linear transformation, or factors with unique respondent names?"
4,27,"pir","pmm","cycle2001, cycle2003, cycle2007, cycle2011, cycle2015, stratum2, stratum3, stratum4, stratum7"
4,27,"pir","pmm","mice detected that your data are (nearly) multi-collinear.
It applied a ridge penalty to continue calculations, but the results can be unstable.
Does your dataset contain duplicates, linear transformation, or factors with unique respondent names?"
4,27,"smoke","pmm","cycle2001, cycle2005, cycle2007, cycle2011, cycle2013, stratum2, stratum3, stratum4, stratum6"
4,27,"smoke","pmm","mice detected that your data are (nearly) multi-collinear.
It applied a ridge penalty to continue calculations, but the results can be unstable.
Does your dataset contain duplicates, linear transformation, or factors with unique respondent names?"
4,28,"education","pmm","cycle2001, cycle2003, cycle2007, cycle2009, cycle2011, cycle2015, stratum4, stratum5, stratum7"
4,28,"education","pmm","mice detected that your data are (nearly) multi-collinear.
It applied a ridge penalty to continue calculations, but the results can be unstable.
Does your dataset contain duplicates, linear transformation, or factors with unique respondent names?"
4,28,"pir","pmm","cycle2001, cycle2003, cycle2007, cycle2011, cycle2015, stratum2, stratum3, stratum4, stratum7"
4,28,"pir","pmm","mice detected that your data are (nearly) multi-collinear.
It applied a ridge penalty to continue calculations, but the results can be unstable.
Does your dataset contain duplicates, linear transformation, or factors with unique respondent names?"
4,28,"smoke","pmm","cycle2001, cycle2005, cycle2007, cycle2011, cycle2013, stratum2, stratum3, stratum4, stratum6"
4,28,"smoke","pmm","mice detected that your data are (nearly) multi-collinear.
It applied a ridge penalty to continue calculations, but the results can be unstable.
Does your dataset contain duplicates, linear transformation, or factors with unique respondent names?"
4,29,"education","pmm","cycle2001, cycle2003, cycle2007, cycle2009, cycle2011, cycle2015, stratum4, stratum5, stratum7"
4,29,"education","pmm","mice detected that your data are (nearly) multi-collinear.
It applied a ridge penalty to continue calculations, but the results can be unstable.
Does your dataset contain duplicates, linear transformation, or factors with unique respondent names?"
4,29,"pir","pmm","cycle2001, cycle2003, cycle2007, cycle2011, cycle2015, stratum2, stratum3, stratum4, stratum7"
4,29,"pir","pmm","mice detected that your data are (nearly) multi-collinear.
It applied a ridge penalty to continue calculations, but the results can be unstable.
Does your dataset contain duplicates, linear transformation, or factors with unique respondent names?"
4,29,"smoke","pmm","cycle2001, cycle2005, cycle2007, cycle2011, cycle2013, stratum2, stratum3, stratum4, stratum6"
4,29,"smoke","pmm","mice detected that your data are (nearly) multi-collinear.
It applied a ridge penalty to continue calculations, but the results can be unstable.
Does your dataset contain duplicates, linear transformation, or factors with unique respondent names?"
4,30,"education","pmm","cycle2001, cycle2003, cycle2007, cycle2009, cycle2011, cycle2015, stratum4, stratum5, stratum7"
4,30,"education","pmm","mice detected that your data are (nearly) multi-collinear.
It applied a ridge penalty to continue calculations, but the results can be unstable.
Does your dataset contain duplicates, linear transformation, or factors with unique respondent names?"
4,30,"pir","pmm","cycle2001, cycle2003, cycle2007, cycle2011, cycle2015, stratum2, stratum3, stratum4, stratum7"
4,30,"pir","pmm","mice detected that your data are (nearly) multi-collinear.
It applied a ridge penalty to continue calculations, but the results can be unstable.
Does your dataset contain duplicates, linear transformation, or factors with unique respondent names?"
4,30,"smoke","pmm","cycle2001, cycle2005, cycle2007, cycle2011, cycle2013, stratum2, stratum3, stratum4, stratum6"
4,30,"smoke","pmm","mice detected that your data are (nearly) multi-collinear.
It applied a ridge penalty to continue calculations, but the results can be unstable.
Does your dataset contain duplicates, linear transformation, or factors with unique respondent names?"
5,1,"education","pmm","cycle2001, cycle2003, cycle2007, cycle2009, cycle2011, cycle2015, stratum4, stratum5, stratum7"
5,1,"education","pmm","mice detected that your data are (nearly) multi-collinear.
It applied a ridge penalty to continue calculations, but the results can be unstable.
Does your dataset contain duplicates, linear transformation, or factors with unique respondent names?"
5,1,"pir","pmm","cycle2001, cycle2003, cycle2007, cycle2011, cycle2015, stratum2, stratum3, stratum4, stratum7"
5,1,"pir","pmm","mice detected that your data are (nearly) multi-collinear.
It applied a ridge penalty to continue calculations, but the results can be unstable.
Does your dataset contain duplicates, linear transformation, or factors with unique respondent names?"
5,1,"smoke","pmm","cycle2001, cycle2005, cycle2007, cycle2011, cycle2013, stratum2, stratum3, stratum4, stratum6"
5,1,"smoke","pmm","mice detected that your data are (nearly) multi-collinear.
It applied a ridge penalty to continue calculations, but the results can be unstable.
Does your dataset contain duplicates, linear transformation, or factors with unique respondent names?"
5,2,"education","pmm","cycle2001, cycle2003, cycle2007, cycle2009, cycle2011, cycle2015, stratum4, stratum5, stratum7"
5,2,"education","pmm","mice detected that your data are (nearly) multi-collinear.
It applied a ridge penalty to continue calculations, but the results can be unstable.
Does your dataset contain duplicates, linear transformation, or factors with unique respondent names?"
5,2,"pir","pmm","cycle2001, cycle2003, cycle2007, cycle2011, cycle2015, stratum2, stratum3, stratum4, stratum7"
5,2,"pir","pmm","mice detected that your data are (nearly) multi-collinear.
It applied a ridge penalty to continue calculations, but the results can be unstable.
Does your dataset contain duplicates, linear transformation, or factors with unique respondent names?"
5,2,"smoke","pmm","cycle2001, cycle2005, cycle2007, cycle2011, cycle2013, stratum2, stratum3, stratum4, stratum6"
5,2,"smoke","pmm","mice detected that your data are (nearly) multi-collinear.
It applied a ridge penalty to continue calculations, but the results can be unstable.
Does your dataset contain duplicates, linear transformation, or factors with unique respondent names?"
5,3,"education","pmm","cycle2001, cycle2003, cycle2007, cycle2009, cycle2011, cycle2015, stratum4, stratum5, stratum7"
5,3,"education","pmm","mice detected that your data are (nearly) multi-collinear.
It applied a ridge penalty to continue calculations, but the results can be unstable.
Does your dataset contain duplicates, linear transformation, or factors with unique respondent names?"
5,3,"pir","pmm","cycle2001, cycle2003, cycle2007, cycle2011, cycle2015, stratum2, stratum3, stratum4, stratum7"
5,3,"pir","pmm","mice detected that your data are (nearly) multi-collinear.
It applied a ridge penalty to continue calculations, but the results can be unstable.
Does your dataset contain duplicates, linear transformation, or factors with unique respondent names?"
5,3,"smoke","pmm","cycle2001, cycle2005, cycle2007, cycle2011, cycle2013, stratum2, stratum3, stratum4, stratum6"
5,3,"smoke","pmm","mice detected that your data are (nearly) multi-collinear.
It applied a ridge penalty to continue calculations, but the results can be unstable.
Does your dataset contain duplicates, linear transformation, or factors with unique respondent names?"
5,4,"education","pmm","cycle2001, cycle2003, cycle2007, cycle2009, cycle2011, cycle2015, stratum4, stratum5, stratum7"
5,4,"education","pmm","mice detected that your data are (nearly) multi-collinear.
It applied a ridge penalty to continue calculations, but the results can be unstable.
Does your dataset contain duplicates, linear transformation, or factors with unique respondent names?"
5,4,"pir","pmm","cycle2001, cycle2003, cycle2007, cycle2011, cycle2015, stratum2, stratum3, stratum4, stratum7"
5,4,"pir","pmm","mice detected that your data are (nearly) multi-collinear.
It applied a ridge penalty to continue calculations, but the results can be unstable.
Does your dataset contain duplicates, linear transformation, or factors with unique respondent names?"
5,4,"smoke","pmm","cycle2001, cycle2005, cycle2007, cycle2011, cycle2013, stratum2, stratum3, stratum4, stratum6"
5,4,"smoke","pmm","mice detected that your data are (nearly) multi-collinear.
It applied a ridge penalty to continue calculations, but the results can be unstable.
Does your dataset contain duplicates, linear transformation, or factors with unique respondent names?"
5,5,"education","pmm","cycle2001, cycle2003, cycle2007, cycle2009, cycle2011, cycle2015, stratum4, stratum5, stratum7"
5,5,"education","pmm","mice detected that your data are (nearly) multi-collinear.
It applied a ridge penalty to continue calculations, but the results can be unstable.
Does your dataset contain duplicates, linear transformation, or factors with unique respondent names?"
5,5,"pir","pmm","cycle2001, cycle2003, cycle2007, cycle2011, cycle2015, stratum2, stratum3, stratum4, stratum7"
5,5,"pir","pmm","mice detected that your data are (nearly) multi-collinear.
It applied a ridge penalty to continue calculations, but the results can be unstable.
Does your dataset contain duplicates, linear transformation, or factors with unique respondent names?"
5,5,"smoke","pmm","cycle2001, cycle2005, cycle2007, cycle2011, cycle2013, stratum2, stratum3, stratum4, stratum6"
5,5,"smoke","pmm","mice detected that your data are (nearly) multi-collinear.
It applied a ridge penalty to continue calculations, but the results can be unstable.
Does your dataset contain duplicates, linear transformation, or factors with unique respondent names?"
5,6,"education","pmm","cycle2001, cycle2003, cycle2007, cycle2009, cycle2011, cycle2015, stratum4, stratum5, stratum7"
5,6,"education","pmm","mice detected that your data are (nearly) multi-collinear.
It applied a ridge penalty to continue calculations, but the results can be unstable.
Does your dataset contain duplicates, linear transformation, or factors with unique respondent names?"
5,6,"pir","pmm","cycle2001, cycle2003, cycle2007, cycle2011, cycle2015, stratum2, stratum3, stratum4, stratum7"
5,6,"pir","pmm","mice detected that your data are (nearly) multi-collinear.
It applied a ridge penalty to continue calculations, but the results can be unstable.
Does your dataset contain duplicates, linear transformation, or factors with unique respondent names?"
5,6,"smoke","pmm","cycle2001, cycle2005, cycle2007, cycle2011, cycle2013, stratum2, stratum3, stratum4, stratum6"
5,6,"smoke","pmm","mice detected that your data are (nearly) multi-collinear.
It applied a ridge penalty to continue calculations, but the results can be unstable.
Does your dataset contain duplicates, linear transformation, or factors with unique respondent names?"
5,7,"education","pmm","cycle2001, cycle2003, cycle2007, cycle2009, cycle2011, cycle2015, stratum4, stratum5, stratum7"
5,7,"education","pmm","mice detected that your data are (nearly) multi-collinear.
It applied a ridge penalty to continue calculations, but the results can be unstable.
Does your dataset contain duplicates, linear transformation, or factors with unique respondent names?"
5,7,"pir","pmm","cycle2001, cycle2003, cycle2007, cycle2011, cycle2015, stratum2, stratum3, stratum4, stratum7"
5,7,"pir","pmm","mice detected that your data are (nearly) multi-collinear.
It applied a ridge penalty to continue calculations, but the results can be unstable.
Does your dataset contain duplicates, linear transformation, or factors with unique respondent names?"
5,7,"smoke","pmm","cycle2001, cycle2005, cycle2007, cycle2011, cycle2013, stratum2, stratum3, stratum4, stratum6"
5,7,"smoke","pmm","mice detected that your data are (nearly) multi-collinear.
It applied a ridge penalty to continue calculations, but the results can be unstable.
Does your dataset contain duplicates, linear transformation, or factors with unique respondent names?"
5,8,"education","pmm","cycle2001, cycle2003, cycle2007, cycle2009, cycle2011, cycle2015, stratum4, stratum5, stratum7"
5,8,"education","pmm","mice detected that your data are (nearly) multi-collinear.
It applied a ridge penalty to continue calculations, but the results can be unstable.
Does your dataset contain duplicates, linear transformation, or factors with unique respondent names?"
5,8,"pir","pmm","cycle2001, cycle2003, cycle2007, cycle2011, cycle2015, stratum2, stratum3, stratum4, stratum7"
5,8,"pir","pmm","mice detected that your data are (nearly) multi-collinear.
It applied a ridge penalty to continue calculations, but the results can be unstable.
Does your dataset contain duplicates, linear transformation, or factors with unique respondent names?"
5,8,"smoke","pmm","cycle2001, cycle2005, cycle2007, cycle2011, cycle2013, stratum2, stratum3, stratum4, stratum6"
5,8,"smoke","pmm","mice detected that your data are (nearly) multi-collinear.
It applied a ridge penalty to continue calculations, but the results can be unstable.
Does your dataset contain duplicates, linear transformation, or factors with unique respondent names?"
5,9,"education","pmm","cycle2001, cycle2003, cycle2007, cycle2009, cycle2011, cycle2015, stratum4, stratum5, stratum7"
5,9,"education","pmm","mice detected that your data are (nearly) multi-collinear.
It applied a ridge penalty to continue calculations, but the results can be unstable.
Does your dataset contain duplicates, linear transformation, or factors with unique respondent names?"
5,9,"pir","pmm","cycle2001, cycle2003, cycle2007, cycle2011, cycle2015, stratum2, stratum3, stratum4, stratum7"
5,9,"pir","pmm","mice detected that your data are (nearly) multi-collinear.
It applied a ridge penalty to continue calculations, but the results can be unstable.
Does your dataset contain duplicates, linear transformation, or factors with unique respondent names?"
5,9,"smoke","pmm","cycle2001, cycle2005, cycle2007, cycle2011, cycle2013, stratum2, stratum3, stratum4, stratum6"
5,9,"smoke","pmm","mice detected that your data are (nearly) multi-collinear.
It applied a ridge penalty to continue calculations, but the results can be unstable.
Does your dataset contain duplicates, linear transformation, or factors with unique respondent names?"
5,10,"education","pmm","cycle2001, cycle2003, cycle2007, cycle2009, cycle2011, cycle2015, stratum4, stratum5, stratum7"
5,10,"education","pmm","mice detected that your data are (nearly) multi-collinear.
It applied a ridge penalty to continue calculations, but the results can be unstable.
Does your dataset contain duplicates, linear transformation, or factors with unique respondent names?"
5,10,"pir","pmm","cycle2001, cycle2003, cycle2007, cycle2011, cycle2015, stratum2, stratum3, stratum4, stratum7"
5,10,"pir","pmm","mice detected that your data are (nearly) multi-collinear.
It applied a ridge penalty to continue calculations, but the results can be unstable.
Does your dataset contain duplicates, linear transformation, or factors with unique respondent names?"
5,10,"smoke","pmm","cycle2001, cycle2005, cycle2007, cycle2011, cycle2013, stratum2, stratum3, stratum4, stratum6"
5,10,"smoke","pmm","mice detected that your data are (nearly) multi-collinear.
It applied a ridge penalty to continue calculations, but the results can be unstable.
Does your dataset contain duplicates, linear transformation, or factors with unique respondent names?"
5,11,"education","pmm","cycle2001, cycle2003, cycle2007, cycle2009, cycle2011, cycle2015, stratum4, stratum5, stratum7"
5,11,"education","pmm","mice detected that your data are (nearly) multi-collinear.
It applied a ridge penalty to continue calculations, but the results can be unstable.
Does your dataset contain duplicates, linear transformation, or factors with unique respondent names?"
5,11,"pir","pmm","cycle2001, cycle2003, cycle2007, cycle2011, cycle2015, stratum2, stratum3, stratum4, stratum7"
5,11,"pir","pmm","mice detected that your data are (nearly) multi-collinear.
It applied a ridge penalty to continue calculations, but the results can be unstable.
Does your dataset contain duplicates, linear transformation, or factors with unique respondent names?"
5,11,"smoke","pmm","cycle2001, cycle2005, cycle2007, cycle2011, cycle2013, stratum2, stratum3, stratum4, stratum6"
5,11,"smoke","pmm","mice detected that your data are (nearly) multi-collinear.
It applied a ridge penalty to continue calculations, but the results can be unstable.
Does your dataset contain duplicates, linear transformation, or factors with unique respondent names?"
5,12,"education","pmm","cycle2001, cycle2003, cycle2007, cycle2009, cycle2011, cycle2015, stratum4, stratum5, stratum7"
5,12,"education","pmm","mice detected that your data are (nearly) multi-collinear.
It applied a ridge penalty to continue calculations, but the results can be unstable.
Does your dataset contain duplicates, linear transformation, or factors with unique respondent names?"
5,12,"pir","pmm","cycle2001, cycle2003, cycle2007, cycle2011, cycle2015, stratum2, stratum3, stratum4, stratum7"
5,12,"pir","pmm","mice detected that your data are (nearly) multi-collinear.
It applied a ridge penalty to continue calculations, but the results can be unstable.
Does your dataset contain duplicates, linear transformation, or factors with unique respondent names?"
5,12,"smoke","pmm","cycle2001, cycle2005, cycle2007, cycle2011, cycle2013, stratum2, stratum3, stratum4, stratum6"
5,12,"smoke","pmm","mice detected that your data are (nearly) multi-collinear.
It applied a ridge penalty to continue calculations, but the results can be unstable.
Does your dataset contain duplicates, linear transformation, or factors with unique respondent names?"
5,13,"education","pmm","cycle2001, cycle2003, cycle2007, cycle2009, cycle2011, cycle2015, stratum4, stratum5, stratum7"
5,13,"education","pmm","mice detected that your data are (nearly) multi-collinear.
It applied a ridge penalty to continue calculations, but the results can be unstable.
Does your dataset contain duplicates, linear transformation, or factors with unique respondent names?"
5,13,"pir","pmm","cycle2001, cycle2003, cycle2007, cycle2011, cycle2015, stratum2, stratum3, stratum4, stratum7"
5,13,"pir","pmm","mice detected that your data are (nearly) multi-collinear.
It applied a ridge penalty to continue calculations, but the results can be unstable.
Does your dataset contain duplicates, linear transformation, or factors with unique respondent names?"
5,13,"smoke","pmm","cycle2001, cycle2005, cycle2007, cycle2011, cycle2013, stratum2, stratum3, stratum4, stratum6"
5,13,"smoke","pmm","mice detected that your data are (nearly) multi-collinear.
It applied a ridge penalty to continue calculations, but the results can be unstable.
Does your dataset contain duplicates, linear transformation, or factors with unique respondent names?"
5,14,"education","pmm","cycle2001, cycle2003, cycle2007, cycle2009, cycle2011, cycle2015, stratum4, stratum5, stratum7"
5,14,"education","pmm","mice detected that your data are (nearly) multi-collinear.
It applied a ridge penalty to continue calculations, but the results can be unstable.
Does your dataset contain duplicates, linear transformation, or factors with unique respondent names?"
5,14,"pir","pmm","cycle2001, cycle2003, cycle2007, cycle2011, cycle2015, stratum2, stratum3, stratum4, stratum7"
5,14,"pir","pmm","mice detected that your data are (nearly) multi-collinear.
It applied a ridge penalty to continue calculations, but the results can be unstable.
Does your dataset contain duplicates, linear transformation, or factors with unique respondent names?"
5,14,"smoke","pmm","cycle2001, cycle2005, cycle2007, cycle2011, cycle2013, stratum2, stratum3, stratum4, stratum6"
5,14,"smoke","pmm","mice detected that your data are (nearly) multi-collinear.
It applied a ridge penalty to continue calculations, but the results can be unstable.
Does your dataset contain duplicates, linear transformation, or factors with unique respondent names?"
5,15,"education","pmm","cycle2001, cycle2003, cycle2007, cycle2009, cycle2011, cycle2015, stratum4, stratum5, stratum7"
5,15,"education","pmm","mice detected that your data are (nearly) multi-collinear.
It applied a ridge penalty to continue calculations, but the results can be unstable.
Does your dataset contain duplicates, linear transformation, or factors with unique respondent names?"
5,15,"pir","pmm","cycle2001, cycle2003, cycle2007, cycle2011, cycle2015, stratum2, stratum3, stratum4, stratum7"
5,15,"pir","pmm","mice detected that your data are (nearly) multi-collinear.
It applied a ridge penalty to continue calculations, but the results can be unstable.
Does your dataset contain duplicates, linear transformation, or factors with unique respondent names?"
5,15,"smoke","pmm","cycle2001, cycle2005, cycle2007, cycle2011, cycle2013, stratum2, stratum3, stratum4, stratum6"
5,15,"smoke","pmm","mice detected that your data are (nearly) multi-collinear.
It applied a ridge penalty to continue calculations, but the results can be unstable.
Does your dataset contain duplicates, linear transformation, or factors with unique respondent names?"
5,16,"education","pmm","cycle2001, cycle2003, cycle2007, cycle2009, cycle2011, cycle2015, stratum4, stratum5, stratum7"
5,16,"education","pmm","mice detected that your data are (nearly) multi-collinear.
It applied a ridge penalty to continue calculations, but the results can be unstable.
Does your dataset contain duplicates, linear transformation, or factors with unique respondent names?"
5,16,"pir","pmm","cycle2001, cycle2003, cycle2007, cycle2011, cycle2015, stratum2, stratum3, stratum4, stratum7"
5,16,"pir","pmm","mice detected that your data are (nearly) multi-collinear.
It applied a ridge penalty to continue calculations, but the results can be unstable.
Does your dataset contain duplicates, linear transformation, or factors with unique respondent names?"
5,16,"smoke","pmm","cycle2001, cycle2005, cycle2007, cycle2011, cycle2013, stratum2, stratum3, stratum4, stratum6"
5,16,"smoke","pmm","mice detected that your data are (nearly) multi-collinear.
It applied a ridge penalty to continue calculations, but the results can be unstable.
Does your dataset contain duplicates, linear transformation, or factors with unique respondent names?"
5,17,"education","pmm","cycle2001, cycle2003, cycle2007, cycle2009, cycle2011, cycle2015, stratum4, stratum5, stratum7"
5,17,"education","pmm","mice detected that your data are (nearly) multi-collinear.
It applied a ridge penalty to continue calculations, but the results can be unstable.
Does your dataset contain duplicates, linear transformation, or factors with unique respondent names?"
5,17,"pir","pmm","cycle2001, cycle2003, cycle2007, cycle2011, cycle2015, stratum2, stratum3, stratum4, stratum7"
5,17,"pir","pmm","mice detected that your data are (nearly) multi-collinear.
It applied a ridge penalty to continue calculations, but the results can be unstable.
Does your dataset contain duplicates, linear transformation, or factors with unique respondent names?"
5,17,"smoke","pmm","cycle2001, cycle2005, cycle2007, cycle2011, cycle2013, stratum2, stratum3, stratum4, stratum6"
5,17,"smoke","pmm","mice detected that your data are (nearly) multi-collinear.
It applied a ridge penalty to continue calculations, but the results can be unstable.
Does your dataset contain duplicates, linear transformation, or factors with unique respondent names?"
5,18,"education","pmm","cycle2001, cycle2003, cycle2007, cycle2009, cycle2011, cycle2015, stratum4, stratum5, stratum7"
5,18,"education","pmm","mice detected that your data are (nearly) multi-collinear.
It applied a ridge penalty to continue calculations, but the results can be unstable.
Does your dataset contain duplicates, linear transformation, or factors with unique respondent names?"
5,18,"pir","pmm","cycle2001, cycle2003, cycle2007, cycle2011, cycle2015, stratum2, stratum3, stratum4, stratum7"
5,18,"pir","pmm","mice detected that your data are (nearly) multi-collinear.
It applied a ridge penalty to continue calculations, but the results can be unstable.
Does your dataset contain duplicates, linear transformation, or factors with unique respondent names?"
5,18,"smoke","pmm","cycle2001, cycle2005, cycle2007, cycle2011, cycle2013, stratum2, stratum3, stratum4, stratum6"
5,18,"smoke","pmm","mice detected that your data are (nearly) multi-collinear.
It applied a ridge penalty to continue calculations, but the results can be unstable.
Does your dataset contain duplicates, linear transformation, or factors with unique respondent names?"
5,19,"education","pmm","cycle2001, cycle2003, cycle2007, cycle2009, cycle2011, cycle2015, stratum4, stratum5, stratum7"
5,19,"education","pmm","mice detected that your data are (nearly) multi-collinear.
It applied a ridge penalty to continue calculations, but the results can be unstable.
Does your dataset contain duplicates, linear transformation, or factors with unique respondent names?"
5,19,"pir","pmm","cycle2001, cycle2003, cycle2007, cycle2011, cycle2015, stratum2, stratum3, stratum4, stratum7"
5,19,"pir","pmm","mice detected that your data are (nearly) multi-collinear.
It applied a ridge penalty to continue calculations, but the results can be unstable.
Does your dataset contain duplicates, linear transformation, or factors with unique respondent names?"
5,19,"smoke","pmm","cycle2001, cycle2005, cycle2007, cycle2011, cycle2013, stratum2, stratum3, stratum4, stratum6"
5,19,"smoke","pmm","mice detected that your data are (nearly) multi-collinear.
It applied a ridge penalty to continue calculations, but the results can be unstable.
Does your dataset contain duplicates, linear transformation, or factors with unique respondent names?"
5,20,"education","pmm","cycle2001, cycle2003, cycle2007, cycle2009, cycle2011, cycle2015, stratum4, stratum5, stratum7"
5,20,"education","pmm","mice detected that your data are (nearly) multi-collinear.
It applied a ridge penalty to continue calculations, but the results can be unstable.
Does your dataset contain duplicates, linear transformation, or factors with unique respondent names?"
5,20,"pir","pmm","cycle2001, cycle2003, cycle2007, cycle2011, cycle2015, stratum2, stratum3, stratum4, stratum7"
5,20,"pir","pmm","mice detected that your data are (nearly) multi-collinear.
It applied a ridge penalty to continue calculations, but the results can be unstable.
Does your dataset contain duplicates, linear transformation, or factors with unique respondent names?"
5,20,"smoke","pmm","cycle2001, cycle2005, cycle2007, cycle2011, cycle2013, stratum2, stratum3, stratum4, stratum6"
5,20,"smoke","pmm","mice detected that your data are (nearly) multi-collinear.
It applied a ridge penalty to continue calculations, but the results can be unstable.
Does your dataset contain duplicates, linear transformation, or factors with unique respondent names?"
5,21,"education","pmm","cycle2001, cycle2003, cycle2007, cycle2009, cycle2011, cycle2015, stratum4, stratum5, stratum7"
5,21,"education","pmm","mice detected that your data are (nearly) multi-collinear.
It applied a ridge penalty to continue calculations, but the results can be unstable.
Does your dataset contain duplicates, linear transformation, or factors with unique respondent names?"
5,21,"pir","pmm","cycle2001, cycle2003, cycle2007, cycle2011, cycle2015, stratum2, stratum3, stratum4, stratum7"
5,21,"pir","pmm","mice detected that your data are (nearly) multi-collinear.
It applied a ridge penalty to continue calculations, but the results can be unstable.
Does your dataset contain duplicates, linear transformation, or factors with unique respondent names?"
5,21,"smoke","pmm","cycle2001, cycle2005, cycle2007, cycle2011, cycle2013, stratum2, stratum3, stratum4, stratum6"
5,21,"smoke","pmm","mice detected that your data are (nearly) multi-collinear.
It applied a ridge penalty to continue calculations, but the results can be unstable.
Does your dataset contain duplicates, linear transformation, or factors with unique respondent names?"
5,22,"education","pmm","cycle2001, cycle2003, cycle2007, cycle2009, cycle2011, cycle2015, stratum4, stratum5, stratum7"
5,22,"education","pmm","mice detected that your data are (nearly) multi-collinear.
It applied a ridge penalty to continue calculations, but the results can be unstable.
Does your dataset contain duplicates, linear transformation, or factors with unique respondent names?"
5,22,"pir","pmm","cycle2001, cycle2003, cycle2007, cycle2011, cycle2015, stratum2, stratum3, stratum4, stratum7"
5,22,"pir","pmm","mice detected that your data are (nearly) multi-collinear.
It applied a ridge penalty to continue calculations, but the results can be unstable.
Does your dataset contain duplicates, linear transformation, or factors with unique respondent names?"
5,22,"smoke","pmm","cycle2001, cycle2005, cycle2007, cycle2011, cycle2013, stratum2, stratum3, stratum4, stratum6"
5,22,"smoke","pmm","mice detected that your data are (nearly) multi-collinear.
It applied a ridge penalty to continue calculations, but the results can be unstable.
Does your dataset contain duplicates, linear transformation, or factors with unique respondent names?"
5,23,"education","pmm","cycle2001, cycle2003, cycle2007, cycle2009, cycle2011, cycle2015, stratum4, stratum5, stratum7"
5,23,"education","pmm","mice detected that your data are (nearly) multi-collinear.
It applied a ridge penalty to continue calculations, but the results can be unstable.
Does your dataset contain duplicates, linear transformation, or factors with unique respondent names?"
5,23,"pir","pmm","cycle2001, cycle2003, cycle2007, cycle2011, cycle2015, stratum2, stratum3, stratum4, stratum7"
5,23,"pir","pmm","mice detected that your data are (nearly) multi-collinear.
It applied a ridge penalty to continue calculations, but the results can be unstable.
Does your dataset contain duplicates, linear transformation, or factors with unique respondent names?"
5,23,"smoke","pmm","cycle2001, cycle2005, cycle2007, cycle2011, cycle2013, stratum2, stratum3, stratum4, stratum6"
5,23,"smoke","pmm","mice detected that your data are (nearly) multi-collinear.
It applied a ridge penalty to continue calculations, but the results can be unstable.
Does your dataset contain duplicates, linear transformation, or factors with unique respondent names?"
5,24,"education","pmm","cycle2001, cycle2003, cycle2007, cycle2009, cycle2011, cycle2015, stratum4, stratum5, stratum7"
5,24,"education","pmm","mice detected that your data are (nearly) multi-collinear.
It applied a ridge penalty to continue calculations, but the results can be unstable.
Does your dataset contain duplicates, linear transformation, or factors with unique respondent names?"
5,24,"pir","pmm","cycle2001, cycle2003, cycle2007, cycle2011, cycle2015, stratum2, stratum3, stratum4, stratum7"
5,24,"pir","pmm","mice detected that your data are (nearly) multi-collinear.
It applied a ridge penalty to continue calculations, but the results can be unstable.
Does your dataset contain duplicates, linear transformation, or factors with unique respondent names?"
5,24,"smoke","pmm","cycle2001, cycle2005, cycle2007, cycle2011, cycle2013, stratum2, stratum3, stratum4, stratum6"
5,24,"smoke","pmm","mice detected that your data are (nearly) multi-collinear.
It applied a ridge penalty to continue calculations, but the results can be unstable.
Does your dataset contain duplicates, linear transformation, or factors with unique respondent names?"
5,25,"education","pmm","cycle2001, cycle2003, cycle2007, cycle2009, cycle2011, cycle2015, stratum4, stratum5, stratum7"
5,25,"education","pmm","mice detected that your data are (nearly) multi-collinear.
It applied a ridge penalty to continue calculations, but the results can be unstable.
Does your dataset contain duplicates, linear transformation, or factors with unique respondent names?"
5,25,"pir","pmm","cycle2001, cycle2003, cycle2007, cycle2011, cycle2015, stratum2, stratum3, stratum4, stratum7"
5,25,"pir","pmm","mice detected that your data are (nearly) multi-collinear.
It applied a ridge penalty to continue calculations, but the results can be unstable.
Does your dataset contain duplicates, linear transformation, or factors with unique respondent names?"
5,25,"smoke","pmm","cycle2001, cycle2005, cycle2007, cycle2011, cycle2013, stratum2, stratum3, stratum4, stratum6"
5,25,"smoke","pmm","mice detected that your data are (nearly) multi-collinear.
It applied a ridge penalty to continue calculations, but the results can be unstable.
Does your dataset contain duplicates, linear transformation, or factors with unique respondent names?"
5,26,"education","pmm","cycle2001, cycle2003, cycle2007, cycle2009, cycle2011, cycle2015, stratum4, stratum5, stratum7"
5,26,"education","pmm","mice detected that your data are (nearly) multi-collinear.
It applied a ridge penalty to continue calculations, but the results can be unstable.
Does your dataset contain duplicates, linear transformation, or factors with unique respondent names?"
5,26,"pir","pmm","cycle2001, cycle2003, cycle2007, cycle2011, cycle2015, stratum2, stratum3, stratum4, stratum7"
5,26,"pir","pmm","mice detected that your data are (nearly) multi-collinear.
It applied a ridge penalty to continue calculations, but the results can be unstable.
Does your dataset contain duplicates, linear transformation, or factors with unique respondent names?"
5,26,"smoke","pmm","cycle2001, cycle2005, cycle2007, cycle2011, cycle2013, stratum2, stratum3, stratum4, stratum6"
5,26,"smoke","pmm","mice detected that your data are (nearly) multi-collinear.
It applied a ridge penalty to continue calculations, but the results can be unstable.
Does your dataset contain duplicates, linear transformation, or factors with unique respondent names?"
5,27,"education","pmm","cycle2001, cycle2003, cycle2007, cycle2009, cycle2011, cycle2015, stratum4, stratum5, stratum7"
5,27,"education","pmm","mice detected that your data are (nearly) multi-collinear.
It applied a ridge penalty to continue calculations, but the results can be unstable.
Does your dataset contain duplicates, linear transformation, or factors with unique respondent names?"
5,27,"pir","pmm","cycle2001, cycle2003, cycle2007, cycle2011, cycle2015, stratum2, stratum3, stratum4, stratum7"
5,27,"pir","pmm","mice detected that your data are (nearly) multi-collinear.
It applied a ridge penalty to continue calculations, but the results can be unstable.
Does your dataset contain duplicates, linear transformation, or factors with unique respondent names?"
5,27,"smoke","pmm","cycle2001, cycle2005, cycle2007, cycle2011, cycle2013, stratum2, stratum3, stratum4, stratum6"
5,27,"smoke","pmm","mice detected that your data are (nearly) multi-collinear.
It applied a ridge penalty to continue calculations, but the results can be unstable.
Does your dataset contain duplicates, linear transformation, or factors with unique respondent names?"
5,28,"education","pmm","cycle2001, cycle2003, cycle2007, cycle2009, cycle2011, cycle2015, stratum4, stratum5, stratum7"
5,28,"education","pmm","mice detected that your data are (nearly) multi-collinear.
It applied a ridge penalty to continue calculations, but the results can be unstable.
Does your dataset contain duplicates, linear transformation, or factors with unique respondent names?"
5,28,"pir","pmm","cycle2001, cycle2003, cycle2007, cycle2011, cycle2015, stratum2, stratum3, stratum4, stratum7"
5,28,"pir","pmm","mice detected that your data are (nearly) multi-collinear.
It applied a ridge penalty to continue calculations, but the results can be unstable.
Does your dataset contain duplicates, linear transformation, or factors with unique respondent names?"
5,28,"smoke","pmm","cycle2001, cycle2005, cycle2007, cycle2011, cycle2013, stratum2, stratum3, stratum4, stratum6"
5,28,"smoke","pmm","mice detected that your data are (nearly) multi-collinear.
It applied a ridge penalty to continue calculations, but the results can be unstable.
Does your dataset contain duplicates, linear transformation, or factors with unique respondent names?"
5,29,"education","pmm","cycle2001, cycle2003, cycle2007, cycle2009, cycle2011, cycle2015, stratum4, stratum5, stratum7"
5,29,"education","pmm","mice detected that your data are (nearly) multi-collinear.
It applied a ridge penalty to continue calculations, but the results can be unstable.
Does your dataset contain duplicates, linear transformation, or factors with unique respondent names?"
5,29,"pir","pmm","cycle2001, cycle2003, cycle2007, cycle2011, cycle2015, stratum2, stratum3, stratum4, stratum7"
5,29,"pir","pmm","mice detected that your data are (nearly) multi-collinear.
It applied a ridge penalty to continue calculations, but the results can be unstable.
Does your dataset contain duplicates, linear transformation, or factors with unique respondent names?"
5,29,"smoke","pmm","cycle2001, cycle2005, cycle2007, cycle2011, cycle2013, stratum2, stratum3, stratum4, stratum6"
5,29,"smoke","pmm","mice detected that your data are (nearly) multi-collinear.
It applied a ridge penalty to continue calculations, but the results can be unstable.
Does your dataset contain duplicates, linear transformation, or factors with unique respondent names?"
5,30,"education","pmm","cycle2001, cycle2003, cycle2007, cycle2009, cycle2011, cycle2015, stratum4, stratum5, stratum7"
5,30,"education","pmm","mice detected that your data are (nearly) multi-collinear.
It applied a ridge penalty to continue calculations, but the results can be unstable.
Does your dataset contain duplicates, linear transformation, or factors with unique respondent names?"
5,30,"pir","pmm","cycle2001, cycle2003, cycle2007, cycle2011, cycle2015, stratum2, stratum3, stratum4, stratum7"
5,30,"pir","pmm","mice detected that your data are (nearly) multi-collinear.
It applied a ridge penalty to continue calculations, but the results can be unstable.
Does your dataset contain duplicates, linear transformation, or factors with unique respondent names?"
5,30,"smoke","pmm","cycle2001, cycle2005, cycle2007, cycle2011, cycle2013, stratum2, stratum3, stratum4, stratum6"
5,30,"smoke","pmm","mice detected that your data are (nearly) multi-collinear.
It applied a ridge penalty to continue calculations, but the results can be unstable.
Does your dataset contain duplicates, linear transformation, or factors with unique respondent names?"
6,1,"education","pmm","cycle2001, cycle2003, cycle2007, cycle2009, cycle2011, cycle2015, stratum4, stratum5, stratum7"
6,1,"education","pmm","mice detected that your data are (nearly) multi-collinear.
It applied a ridge penalty to continue calculations, but the results can be unstable.
Does your dataset contain duplicates, linear transformation, or factors with unique respondent names?"
6,1,"pir","pmm","cycle2001, cycle2003, cycle2007, cycle2011, cycle2015, stratum2, stratum3, stratum4, stratum7"
6,1,"pir","pmm","mice detected that your data are (nearly) multi-collinear.
It applied a ridge penalty to continue calculations, but the results can be unstable.
Does your dataset contain duplicates, linear transformation, or factors with unique respondent names?"
6,1,"smoke","pmm","cycle2001, cycle2005, cycle2007, cycle2011, cycle2013, stratum2, stratum3, stratum4, stratum6"
6,1,"smoke","pmm","mice detected that your data are (nearly) multi-collinear.
It applied a ridge penalty to continue calculations, but the results can be unstable.
Does your dataset contain duplicates, linear transformation, or factors with unique respondent names?"
6,2,"education","pmm","cycle2001, cycle2003, cycle2007, cycle2009, cycle2011, cycle2015, stratum4, stratum5, stratum7"
6,2,"education","pmm","mice detected that your data are (nearly) multi-collinear.
It applied a ridge penalty to continue calculations, but the results can be unstable.
Does your dataset contain duplicates, linear transformation, or factors with unique respondent names?"
6,2,"pir","pmm","cycle2001, cycle2003, cycle2007, cycle2011, cycle2015, stratum2, stratum3, stratum4, stratum7"
6,2,"pir","pmm","mice detected that your data are (nearly) multi-collinear.
It applied a ridge penalty to continue calculations, but the results can be unstable.
Does your dataset contain duplicates, linear transformation, or factors with unique respondent names?"
6,2,"smoke","pmm","cycle2001, cycle2005, cycle2007, cycle2011, cycle2013, stratum2, stratum3, stratum4, stratum6"
6,2,"smoke","pmm","mice detected that your data are (nearly) multi-collinear.
It applied a ridge penalty to continue calculations, but the results can be unstable.
Does your dataset contain duplicates, linear transformation, or factors with unique respondent names?"
6,3,"education","pmm","cycle2001, cycle2003, cycle2007, cycle2009, cycle2011, cycle2015, stratum4, stratum5, stratum7"
6,3,"education","pmm","mice detected that your data are (nearly) multi-collinear.
It applied a ridge penalty to continue calculations, but the results can be unstable.
Does your dataset contain duplicates, linear transformation, or factors with unique respondent names?"
6,3,"pir","pmm","cycle2001, cycle2003, cycle2007, cycle2011, cycle2015, stratum2, stratum3, stratum4, stratum7"
6,3,"pir","pmm","mice detected that your data are (nearly) multi-collinear.
It applied a ridge penalty to continue calculations, but the results can be unstable.
Does your dataset contain duplicates, linear transformation, or factors with unique respondent names?"
6,3,"smoke","pmm","cycle2001, cycle2005, cycle2007, cycle2011, cycle2013, stratum2, stratum3, stratum4, stratum6"
6,3,"smoke","pmm","mice detected that your data are (nearly) multi-collinear.
It applied a ridge penalty to continue calculations, but the results can be unstable.
Does your dataset contain duplicates, linear transformation, or factors with unique respondent names?"
6,4,"education","pmm","cycle2001, cycle2003, cycle2007, cycle2009, cycle2011, cycle2015, stratum4, stratum5, stratum7"
6,4,"education","pmm","mice detected that your data are (nearly) multi-collinear.
It applied a ridge penalty to continue calculations, but the results can be unstable.
Does your dataset contain duplicates, linear transformation, or factors with unique respondent names?"
6,4,"pir","pmm","cycle2001, cycle2003, cycle2007, cycle2011, cycle2015, stratum2, stratum3, stratum4, stratum7"
6,4,"pir","pmm","mice detected that your data are (nearly) multi-collinear.
It applied a ridge penalty to continue calculations, but the results can be unstable.
Does your dataset contain duplicates, linear transformation, or factors with unique respondent names?"
6,4,"smoke","pmm","cycle2001, cycle2005, cycle2007, cycle2011, cycle2013, stratum2, stratum3, stratum4, stratum6"
6,4,"smoke","pmm","mice detected that your data are (nearly) multi-collinear.
It applied a ridge penalty to continue calculations, but the results can be unstable.
Does your dataset contain duplicates, linear transformation, or factors with unique respondent names?"
6,5,"education","pmm","cycle2001, cycle2003, cycle2007, cycle2009, cycle2011, cycle2015, stratum4, stratum5, stratum7"
6,5,"education","pmm","mice detected that your data are (nearly) multi-collinear.
It applied a ridge penalty to continue calculations, but the results can be unstable.
Does your dataset contain duplicates, linear transformation, or factors with unique respondent names?"
6,5,"pir","pmm","cycle2001, cycle2003, cycle2007, cycle2011, cycle2015, stratum2, stratum3, stratum4, stratum7"
6,5,"pir","pmm","mice detected that your data are (nearly) multi-collinear.
It applied a ridge penalty to continue calculations, but the results can be unstable.
Does your dataset contain duplicates, linear transformation, or factors with unique respondent names?"
6,5,"smoke","pmm","cycle2001, cycle2005, cycle2007, cycle2011, cycle2013, stratum2, stratum3, stratum4, stratum6"
6,5,"smoke","pmm","mice detected that your data are (nearly) multi-collinear.
It applied a ridge penalty to continue calculations, but the results can be unstable.
Does your dataset contain duplicates, linear transformation, or factors with unique respondent names?"
6,6,"education","pmm","cycle2001, cycle2003, cycle2007, cycle2009, cycle2011, cycle2015, stratum4, stratum5, stratum7"
6,6,"education","pmm","mice detected that your data are (nearly) multi-collinear.
It applied a ridge penalty to continue calculations, but the results can be unstable.
Does your dataset contain duplicates, linear transformation, or factors with unique respondent names?"
6,6,"pir","pmm","cycle2001, cycle2003, cycle2007, cycle2011, cycle2015, stratum2, stratum3, stratum4, stratum7"
6,6,"pir","pmm","mice detected that your data are (nearly) multi-collinear.
It applied a ridge penalty to continue calculations, but the results can be unstable.
Does your dataset contain duplicates, linear transformation, or factors with unique respondent names?"
6,6,"smoke","pmm","cycle2001, cycle2005, cycle2007, cycle2011, cycle2013, stratum2, stratum3, stratum4, stratum6"
6,6,"smoke","pmm","mice detected that your data are (nearly) multi-collinear.
It applied a ridge penalty to continue calculations, but the results can be unstable.
Does your dataset contain duplicates, linear transformation, or factors with unique respondent names?"
6,7,"education","pmm","cycle2001, cycle2003, cycle2007, cycle2009, cycle2011, cycle2015, stratum4, stratum5, stratum7"
6,7,"education","pmm","mice detected that your data are (nearly) multi-collinear.
It applied a ridge penalty to continue calculations, but the results can be unstable.
Does your dataset contain duplicates, linear transformation, or factors with unique respondent names?"
6,7,"pir","pmm","cycle2001, cycle2003, cycle2007, cycle2011, cycle2015, stratum2, stratum3, stratum4, stratum7"
6,7,"pir","pmm","mice detected that your data are (nearly) multi-collinear.
It applied a ridge penalty to continue calculations, but the results can be unstable.
Does your dataset contain duplicates, linear transformation, or factors with unique respondent names?"
6,7,"smoke","pmm","cycle2001, cycle2005, cycle2007, cycle2011, cycle2013, stratum2, stratum3, stratum4, stratum6"
6,7,"smoke","pmm","mice detected that your data are (nearly) multi-collinear.
It applied a ridge penalty to continue calculations, but the results can be unstable.
Does your dataset contain duplicates, linear transformation, or factors with unique respondent names?"
6,8,"education","pmm","cycle2001, cycle2003, cycle2007, cycle2009, cycle2011, cycle2015, stratum4, stratum5, stratum7"
6,8,"education","pmm","mice detected that your data are (nearly) multi-collinear.
It applied a ridge penalty to continue calculations, but the results can be unstable.
Does your dataset contain duplicates, linear transformation, or factors with unique respondent names?"
6,8,"pir","pmm","cycle2001, cycle2003, cycle2007, cycle2011, cycle2015, stratum2, stratum3, stratum4, stratum7"
6,8,"pir","pmm","mice detected that your data are (nearly) multi-collinear.
It applied a ridge penalty to continue calculations, but the results can be unstable.
Does your dataset contain duplicates, linear transformation, or factors with unique respondent names?"
6,8,"smoke","pmm","cycle2001, cycle2005, cycle2007, cycle2011, cycle2013, stratum2, stratum3, stratum4, stratum6"
6,8,"smoke","pmm","mice detected that your data are (nearly) multi-collinear.
It applied a ridge penalty to continue calculations, but the results can be unstable.
Does your dataset contain duplicates, linear transformation, or factors with unique respondent names?"
6,9,"education","pmm","cycle2001, cycle2003, cycle2007, cycle2009, cycle2011, cycle2015, stratum4, stratum5, stratum7"
6,9,"education","pmm","mice detected that your data are (nearly) multi-collinear.
It applied a ridge penalty to continue calculations, but the results can be unstable.
Does your dataset contain duplicates, linear transformation, or factors with unique respondent names?"
6,9,"pir","pmm","cycle2001, cycle2003, cycle2007, cycle2011, cycle2015, stratum2, stratum3, stratum4, stratum7"
6,9,"pir","pmm","mice detected that your data are (nearly) multi-collinear.
It applied a ridge penalty to continue calculations, but the results can be unstable.
Does your dataset contain duplicates, linear transformation, or factors with unique respondent names?"
6,9,"smoke","pmm","cycle2001, cycle2005, cycle2007, cycle2011, cycle2013, stratum2, stratum3, stratum4, stratum6"
6,9,"smoke","pmm","mice detected that your data are (nearly) multi-collinear.
It applied a ridge penalty to continue calculations, but the results can be unstable.
Does your dataset contain duplicates, linear transformation, or factors with unique respondent names?"
6,10,"education","pmm","cycle2001, cycle2003, cycle2007, cycle2009, cycle2011, cycle2015, stratum4, stratum5, stratum7"
6,10,"education","pmm","mice detected that your data are (nearly) multi-collinear.
It applied a ridge penalty to continue calculations, but the results can be unstable.
Does your dataset contain duplicates, linear transformation, or factors with unique respondent names?"
6,10,"pir","pmm","cycle2001, cycle2003, cycle2007, cycle2011, cycle2015, stratum2, stratum3, stratum4, stratum7"
6,10,"pir","pmm","mice detected that your data are (nearly) multi-collinear.
It applied a ridge penalty to continue calculations, but the results can be unstable.
Does your dataset contain duplicates, linear transformation, or factors with unique respondent names?"
6,10,"smoke","pmm","cycle2001, cycle2005, cycle2007, cycle2011, cycle2013, stratum2, stratum3, stratum4, stratum6"
6,10,"smoke","pmm","mice detected that your data are (nearly) multi-collinear.
It applied a ridge penalty to continue calculations, but the results can be unstable.
Does your dataset contain duplicates, linear transformation, or factors with unique respondent names?"
6,11,"education","pmm","cycle2001, cycle2003, cycle2007, cycle2009, cycle2011, cycle2015, stratum4, stratum5, stratum7"
6,11,"education","pmm","mice detected that your data are (nearly) multi-collinear.
It applied a ridge penalty to continue calculations, but the results can be unstable.
Does your dataset contain duplicates, linear transformation, or factors with unique respondent names?"
6,11,"pir","pmm","cycle2001, cycle2003, cycle2007, cycle2011, cycle2015, stratum2, stratum3, stratum4, stratum7"
6,11,"pir","pmm","mice detected that your data are (nearly) multi-collinear.
It applied a ridge penalty to continue calculations, but the results can be unstable.
Does your dataset contain duplicates, linear transformation, or factors with unique respondent names?"
6,11,"smoke","pmm","cycle2001, cycle2005, cycle2007, cycle2011, cycle2013, stratum2, stratum3, stratum4, stratum6"
6,11,"smoke","pmm","mice detected that your data are (nearly) multi-collinear.
It applied a ridge penalty to continue calculations, but the results can be unstable.
Does your dataset contain duplicates, linear transformation, or factors with unique respondent names?"
6,12,"education","pmm","cycle2001, cycle2003, cycle2007, cycle2009, cycle2011, cycle2015, stratum4, stratum5, stratum7"
6,12,"education","pmm","mice detected that your data are (nearly) multi-collinear.
It applied a ridge penalty to continue calculations, but the results can be unstable.
Does your dataset contain duplicates, linear transformation, or factors with unique respondent names?"
6,12,"pir","pmm","cycle2001, cycle2003, cycle2007, cycle2011, cycle2015, stratum2, stratum3, stratum4, stratum7"
6,12,"pir","pmm","mice detected that your data are (nearly) multi-collinear.
It applied a ridge penalty to continue calculations, but the results can be unstable.
Does your dataset contain duplicates, linear transformation, or factors with unique respondent names?"
6,12,"smoke","pmm","cycle2001, cycle2005, cycle2007, cycle2011, cycle2013, stratum2, stratum3, stratum4, stratum6"
6,12,"smoke","pmm","mice detected that your data are (nearly) multi-collinear.
It applied a ridge penalty to continue calculations, but the results can be unstable.
Does your dataset contain duplicates, linear transformation, or factors with unique respondent names?"
6,13,"education","pmm","cycle2001, cycle2003, cycle2007, cycle2009, cycle2011, cycle2015, stratum4, stratum5, stratum7"
6,13,"education","pmm","mice detected that your data are (nearly) multi-collinear.
It applied a ridge penalty to continue calculations, but the results can be unstable.
Does your dataset contain duplicates, linear transformation, or factors with unique respondent names?"
6,13,"pir","pmm","cycle2001, cycle2003, cycle2007, cycle2011, cycle2015, stratum2, stratum3, stratum4, stratum7"
6,13,"pir","pmm","mice detected that your data are (nearly) multi-collinear.
It applied a ridge penalty to continue calculations, but the results can be unstable.
Does your dataset contain duplicates, linear transformation, or factors with unique respondent names?"
6,13,"smoke","pmm","cycle2001, cycle2005, cycle2007, cycle2011, cycle2013, stratum2, stratum3, stratum4, stratum6"
6,13,"smoke","pmm","mice detected that your data are (nearly) multi-collinear.
It applied a ridge penalty to continue calculations, but the results can be unstable.
Does your dataset contain duplicates, linear transformation, or factors with unique respondent names?"
6,14,"education","pmm","cycle2001, cycle2003, cycle2007, cycle2009, cycle2011, cycle2015, stratum4, stratum5, stratum7"
6,14,"education","pmm","mice detected that your data are (nearly) multi-collinear.
It applied a ridge penalty to continue calculations, but the results can be unstable.
Does your dataset contain duplicates, linear transformation, or factors with unique respondent names?"
6,14,"pir","pmm","cycle2001, cycle2003, cycle2007, cycle2011, cycle2015, stratum2, stratum3, stratum4, stratum7"
6,14,"pir","pmm","mice detected that your data are (nearly) multi-collinear.
It applied a ridge penalty to continue calculations, but the results can be unstable.
Does your dataset contain duplicates, linear transformation, or factors with unique respondent names?"
6,14,"smoke","pmm","cycle2001, cycle2005, cycle2007, cycle2011, cycle2013, stratum2, stratum3, stratum4, stratum6"
6,14,"smoke","pmm","mice detected that your data are (nearly) multi-collinear.
It applied a ridge penalty to continue calculations, but the results can be unstable.
Does your dataset contain duplicates, linear transformation, or factors with unique respondent names?"
6,15,"education","pmm","cycle2001, cycle2003, cycle2007, cycle2009, cycle2011, cycle2015, stratum4, stratum5, stratum7"
6,15,"education","pmm","mice detected that your data are (nearly) multi-collinear.
It applied a ridge penalty to continue calculations, but the results can be unstable.
Does your dataset contain duplicates, linear transformation, or factors with unique respondent names?"
6,15,"pir","pmm","cycle2001, cycle2003, cycle2007, cycle2011, cycle2015, stratum2, stratum3, stratum4, stratum7"
6,15,"pir","pmm","mice detected that your data are (nearly) multi-collinear.
It applied a ridge penalty to continue calculations, but the results can be unstable.
Does your dataset contain duplicates, linear transformation, or factors with unique respondent names?"
6,15,"smoke","pmm","cycle2001, cycle2005, cycle2007, cycle2011, cycle2013, stratum2, stratum3, stratum4, stratum6"
6,15,"smoke","pmm","mice detected that your data are (nearly) multi-collinear.
It applied a ridge penalty to continue calculations, but the results can be unstable.
Does your dataset contain duplicates, linear transformation, or factors with unique respondent names?"
6,16,"education","pmm","cycle2001, cycle2003, cycle2007, cycle2009, cycle2011, cycle2015, stratum4, stratum5, stratum7"
6,16,"education","pmm","mice detected that your data are (nearly) multi-collinear.
It applied a ridge penalty to continue calculations, but the results can be unstable.
Does your dataset contain duplicates, linear transformation, or factors with unique respondent names?"
6,16,"pir","pmm","cycle2001, cycle2003, cycle2007, cycle2011, cycle2015, stratum2, stratum3, stratum4, stratum7"
6,16,"pir","pmm","mice detected that your data are (nearly) multi-collinear.
It applied a ridge penalty to continue calculations, but the results can be unstable.
Does your dataset contain duplicates, linear transformation, or factors with unique respondent names?"
6,16,"smoke","pmm","cycle2001, cycle2005, cycle2007, cycle2011, cycle2013, stratum2, stratum3, stratum4, stratum6"
6,16,"smoke","pmm","mice detected that your data are (nearly) multi-collinear.
It applied a ridge penalty to continue calculations, but the results can be unstable.
Does your dataset contain duplicates, linear transformation, or factors with unique respondent names?"
6,17,"education","pmm","cycle2001, cycle2003, cycle2007, cycle2009, cycle2011, cycle2015, stratum4, stratum5, stratum7"
6,17,"education","pmm","mice detected that your data are (nearly) multi-collinear.
It applied a ridge penalty to continue calculations, but the results can be unstable.
Does your dataset contain duplicates, linear transformation, or factors with unique respondent names?"
6,17,"pir","pmm","cycle2001, cycle2003, cycle2007, cycle2011, cycle2015, stratum2, stratum3, stratum4, stratum7"
6,17,"pir","pmm","mice detected that your data are (nearly) multi-collinear.
It applied a ridge penalty to continue calculations, but the results can be unstable.
Does your dataset contain duplicates, linear transformation, or factors with unique respondent names?"
6,17,"smoke","pmm","cycle2001, cycle2005, cycle2007, cycle2011, cycle2013, stratum2, stratum3, stratum4, stratum6"
6,17,"smoke","pmm","mice detected that your data are (nearly) multi-collinear.
It applied a ridge penalty to continue calculations, but the results can be unstable.
Does your dataset contain duplicates, linear transformation, or factors with unique respondent names?"
6,18,"education","pmm","cycle2001, cycle2003, cycle2007, cycle2009, cycle2011, cycle2015, stratum4, stratum5, stratum7"
6,18,"education","pmm","mice detected that your data are (nearly) multi-collinear.
It applied a ridge penalty to continue calculations, but the results can be unstable.
Does your dataset contain duplicates, linear transformation, or factors with unique respondent names?"
6,18,"pir","pmm","cycle2001, cycle2003, cycle2007, cycle2011, cycle2015, stratum2, stratum3, stratum4, stratum7"
6,18,"pir","pmm","mice detected that your data are (nearly) multi-collinear.
It applied a ridge penalty to continue calculations, but the results can be unstable.
Does your dataset contain duplicates, linear transformation, or factors with unique respondent names?"
6,18,"smoke","pmm","cycle2001, cycle2005, cycle2007, cycle2011, cycle2013, stratum2, stratum3, stratum4, stratum6"
6,18,"smoke","pmm","mice detected that your data are (nearly) multi-collinear.
It applied a ridge penalty to continue calculations, but the results can be unstable.
Does your dataset contain duplicates, linear transformation, or factors with unique respondent names?"
6,19,"education","pmm","cycle2001, cycle2003, cycle2007, cycle2009, cycle2011, cycle2015, stratum4, stratum5, stratum7"
6,19,"education","pmm","mice detected that your data are (nearly) multi-collinear.
It applied a ridge penalty to continue calculations, but the results can be unstable.
Does your dataset contain duplicates, linear transformation, or factors with unique respondent names?"
6,19,"pir","pmm","cycle2001, cycle2003, cycle2007, cycle2011, cycle2015, stratum2, stratum3, stratum4, stratum7"
6,19,"pir","pmm","mice detected that your data are (nearly) multi-collinear.
It applied a ridge penalty to continue calculations, but the results can be unstable.
Does your dataset contain duplicates, linear transformation, or factors with unique respondent names?"
6,19,"smoke","pmm","cycle2001, cycle2005, cycle2007, cycle2011, cycle2013, stratum2, stratum3, stratum4, stratum6"
6,19,"smoke","pmm","mice detected that your data are (nearly) multi-collinear.
It applied a ridge penalty to continue calculations, but the results can be unstable.
Does your dataset contain duplicates, linear transformation, or factors with unique respondent names?"
6,20,"education","pmm","cycle2001, cycle2003, cycle2007, cycle2009, cycle2011, cycle2015, stratum4, stratum5, stratum7"
6,20,"education","pmm","mice detected that your data are (nearly) multi-collinear.
It applied a ridge penalty to continue calculations, but the results can be unstable.
Does your dataset contain duplicates, linear transformation, or factors with unique respondent names?"
6,20,"pir","pmm","cycle2001, cycle2003, cycle2007, cycle2011, cycle2015, stratum2, stratum3, stratum4, stratum7"
6,20,"pir","pmm","mice detected that your data are (nearly) multi-collinear.
It applied a ridge penalty to continue calculations, but the results can be unstable.
Does your dataset contain duplicates, linear transformation, or factors with unique respondent names?"
6,20,"smoke","pmm","cycle2001, cycle2005, cycle2007, cycle2011, cycle2013, stratum2, stratum3, stratum4, stratum6"
6,20,"smoke","pmm","mice detected that your data are (nearly) multi-collinear.
It applied a ridge penalty to continue calculations, but the results can be unstable.
Does your dataset contain duplicates, linear transformation, or factors with unique respondent names?"
6,21,"education","pmm","cycle2001, cycle2003, cycle2007, cycle2009, cycle2011, cycle2015, stratum4, stratum5, stratum7"
6,21,"education","pmm","mice detected that your data are (nearly) multi-collinear.
It applied a ridge penalty to continue calculations, but the results can be unstable.
Does your dataset contain duplicates, linear transformation, or factors with unique respondent names?"
6,21,"pir","pmm","cycle2001, cycle2003, cycle2007, cycle2011, cycle2015, stratum2, stratum3, stratum4, stratum7"
6,21,"pir","pmm","mice detected that your data are (nearly) multi-collinear.
It applied a ridge penalty to continue calculations, but the results can be unstable.
Does your dataset contain duplicates, linear transformation, or factors with unique respondent names?"
6,21,"smoke","pmm","cycle2001, cycle2005, cycle2007, cycle2011, cycle2013, stratum2, stratum3, stratum4, stratum6"
6,21,"smoke","pmm","mice detected that your data are (nearly) multi-collinear.
It applied a ridge penalty to continue calculations, but the results can be unstable.
Does your dataset contain duplicates, linear transformation, or factors with unique respondent names?"
6,22,"education","pmm","cycle2001, cycle2003, cycle2007, cycle2009, cycle2011, cycle2015, stratum4, stratum5, stratum7"
6,22,"education","pmm","mice detected that your data are (nearly) multi-collinear.
It applied a ridge penalty to continue calculations, but the results can be unstable.
Does your dataset contain duplicates, linear transformation, or factors with unique respondent names?"
6,22,"pir","pmm","cycle2001, cycle2003, cycle2007, cycle2011, cycle2015, stratum2, stratum3, stratum4, stratum7"
6,22,"pir","pmm","mice detected that your data are (nearly) multi-collinear.
It applied a ridge penalty to continue calculations, but the results can be unstable.
Does your dataset contain duplicates, linear transformation, or factors with unique respondent names?"
6,22,"smoke","pmm","cycle2001, cycle2005, cycle2007, cycle2011, cycle2013, stratum2, stratum3, stratum4, stratum6"
6,22,"smoke","pmm","mice detected that your data are (nearly) multi-collinear.
It applied a ridge penalty to continue calculations, but the results can be unstable.
Does your dataset contain duplicates, linear transformation, or factors with unique respondent names?"
6,23,"education","pmm","cycle2001, cycle2003, cycle2007, cycle2009, cycle2011, cycle2015, stratum4, stratum5, stratum7"
6,23,"education","pmm","mice detected that your data are (nearly) multi-collinear.
It applied a ridge penalty to continue calculations, but the results can be unstable.
Does your dataset contain duplicates, linear transformation, or factors with unique respondent names?"
6,23,"pir","pmm","cycle2001, cycle2003, cycle2007, cycle2011, cycle2015, stratum2, stratum3, stratum4, stratum7"
6,23,"pir","pmm","mice detected that your data are (nearly) multi-collinear.
It applied a ridge penalty to continue calculations, but the results can be unstable.
Does your dataset contain duplicates, linear transformation, or factors with unique respondent names?"
6,23,"smoke","pmm","cycle2001, cycle2005, cycle2007, cycle2011, cycle2013, stratum2, stratum3, stratum4, stratum6"
6,23,"smoke","pmm","mice detected that your data are (nearly) multi-collinear.
It applied a ridge penalty to continue calculations, but the results can be unstable.
Does your dataset contain duplicates, linear transformation, or factors with unique respondent names?"
6,24,"education","pmm","cycle2001, cycle2003, cycle2007, cycle2009, cycle2011, cycle2015, stratum4, stratum5, stratum7"
6,24,"education","pmm","mice detected that your data are (nearly) multi-collinear.
It applied a ridge penalty to continue calculations, but the results can be unstable.
Does your dataset contain duplicates, linear transformation, or factors with unique respondent names?"
6,24,"pir","pmm","cycle2001, cycle2003, cycle2007, cycle2011, cycle2015, stratum2, stratum3, stratum4, stratum7"
6,24,"pir","pmm","mice detected that your data are (nearly) multi-collinear.
It applied a ridge penalty to continue calculations, but the results can be unstable.
Does your dataset contain duplicates, linear transformation, or factors with unique respondent names?"
6,24,"smoke","pmm","cycle2001, cycle2005, cycle2007, cycle2011, cycle2013, stratum2, stratum3, stratum4, stratum6"
6,24,"smoke","pmm","mice detected that your data are (nearly) multi-collinear.
It applied a ridge penalty to continue calculations, but the results can be unstable.
Does your dataset contain duplicates, linear transformation, or factors with unique respondent names?"
6,25,"education","pmm","cycle2001, cycle2003, cycle2007, cycle2009, cycle2011, cycle2015, stratum4, stratum5, stratum7"
6,25,"education","pmm","mice detected that your data are (nearly) multi-collinear.
It applied a ridge penalty to continue calculations, but the results can be unstable.
Does your dataset contain duplicates, linear transformation, or factors with unique respondent names?"
6,25,"pir","pmm","cycle2001, cycle2003, cycle2007, cycle2011, cycle2015, stratum2, stratum3, stratum4, stratum7"
6,25,"pir","pmm","mice detected that your data are (nearly) multi-collinear.
It applied a ridge penalty to continue calculations, but the results can be unstable.
Does your dataset contain duplicates, linear transformation, or factors with unique respondent names?"
6,25,"smoke","pmm","cycle2001, cycle2005, cycle2007, cycle2011, cycle2013, stratum2, stratum3, stratum4, stratum6"
6,25,"smoke","pmm","mice detected that your data are (nearly) multi-collinear.
It applied a ridge penalty to continue calculations, but the results can be unstable.
Does your dataset contain duplicates, linear transformation, or factors with unique respondent names?"
6,26,"education","pmm","cycle2001, cycle2003, cycle2007, cycle2009, cycle2011, cycle2015, stratum4, stratum5, stratum7"
6,26,"education","pmm","mice detected that your data are (nearly) multi-collinear.
It applied a ridge penalty to continue calculations, but the results can be unstable.
Does your dataset contain duplicates, linear transformation, or factors with unique respondent names?"
6,26,"pir","pmm","cycle2001, cycle2003, cycle2007, cycle2011, cycle2015, stratum2, stratum3, stratum4, stratum7"
6,26,"pir","pmm","mice detected that your data are (nearly) multi-collinear.
It applied a ridge penalty to continue calculations, but the results can be unstable.
Does your dataset contain duplicates, linear transformation, or factors with unique respondent names?"
6,26,"smoke","pmm","cycle2001, cycle2005, cycle2007, cycle2011, cycle2013, stratum2, stratum3, stratum4, stratum6"
6,26,"smoke","pmm","mice detected that your data are (nearly) multi-collinear.
It applied a ridge penalty to continue calculations, but the results can be unstable.
Does your dataset contain duplicates, linear transformation, or factors with unique respondent names?"
6,27,"education","pmm","cycle2001, cycle2003, cycle2007, cycle2009, cycle2011, cycle2015, stratum4, stratum5, stratum7"
6,27,"education","pmm","mice detected that your data are (nearly) multi-collinear.
It applied a ridge penalty to continue calculations, but the results can be unstable.
Does your dataset contain duplicates, linear transformation, or factors with unique respondent names?"
6,27,"pir","pmm","cycle2001, cycle2003, cycle2007, cycle2011, cycle2015, stratum2, stratum3, stratum4, stratum7"
6,27,"pir","pmm","mice detected that your data are (nearly) multi-collinear.
It applied a ridge penalty to continue calculations, but the results can be unstable.
Does your dataset contain duplicates, linear transformation, or factors with unique respondent names?"
6,27,"smoke","pmm","cycle2001, cycle2005, cycle2007, cycle2011, cycle2013, stratum2, stratum3, stratum4, stratum6"
6,27,"smoke","pmm","mice detected that your data are (nearly) multi-collinear.
It applied a ridge penalty to continue calculations, but the results can be unstable.
Does your dataset contain duplicates, linear transformation, or factors with unique respondent names?"
6,28,"education","pmm","cycle2001, cycle2003, cycle2007, cycle2009, cycle2011, cycle2015, stratum4, stratum5, stratum7"
6,28,"education","pmm","mice detected that your data are (nearly) multi-collinear.
It applied a ridge penalty to continue calculations, but the results can be unstable.
Does your dataset contain duplicates, linear transformation, or factors with unique respondent names?"
6,28,"pir","pmm","cycle2001, cycle2003, cycle2007, cycle2011, cycle2015, stratum2, stratum3, stratum4, stratum7"
6,28,"pir","pmm","mice detected that your data are (nearly) multi-collinear.
It applied a ridge penalty to continue calculations, but the results can be unstable.
Does your dataset contain duplicates, linear transformation, or factors with unique respondent names?"
6,28,"smoke","pmm","cycle2001, cycle2005, cycle2007, cycle2011, cycle2013, stratum2, stratum3, stratum4, stratum6"
6,28,"smoke","pmm","mice detected that your data are (nearly) multi-collinear.
It applied a ridge penalty to continue calculations, but the results can be unstable.
Does your dataset contain duplicates, linear transformation, or factors with unique respondent names?"
6,29,"education","pmm","cycle2001, cycle2003, cycle2007, cycle2009, cycle2011, cycle2015, stratum4, stratum5, stratum7"
6,29,"education","pmm","mice detected that your data are (nearly) multi-collinear.
It applied a ridge penalty to continue calculations, but the results can be unstable.
Does your dataset contain duplicates, linear transformation, or factors with unique respondent names?"
6,29,"pir","pmm","cycle2001, cycle2003, cycle2007, cycle2011, cycle2015, stratum2, stratum3, stratum4, stratum7"
6,29,"pir","pmm","mice detected that your data are (nearly) multi-collinear.
It applied a ridge penalty to continue calculations, but the results can be unstable.
Does your dataset contain duplicates, linear transformation, or factors with unique respondent names?"
6,29,"smoke","pmm","cycle2001, cycle2005, cycle2007, cycle2011, cycle2013, stratum2, stratum3, stratum4, stratum6"
6,29,"smoke","pmm","mice detected that your data are (nearly) multi-collinear.
It applied a ridge penalty to continue calculations, but the results can be unstable.
Does your dataset contain duplicates, linear transformation, or factors with unique respondent names?"
6,30,"education","pmm","cycle2001, cycle2003, cycle2007, cycle2009, cycle2011, cycle2015, stratum4, stratum5, stratum7"
6,30,"education","pmm","mice detected that your data are (nearly) multi-collinear.
It applied a ridge penalty to continue calculations, but the results can be unstable.
Does your dataset contain duplicates, linear transformation, or factors with unique respondent names?"
6,30,"pir","pmm","cycle2001, cycle2003, cycle2007, cycle2011, cycle2015, stratum2, stratum3, stratum4, stratum7"
6,30,"pir","pmm","mice detected that your data are (nearly) multi-collinear.
It applied a ridge penalty to continue calculations, but the results can be unstable.
Does your dataset contain duplicates, linear transformation, or factors with unique respondent names?"
6,30,"smoke","pmm","cycle2001, cycle2005, cycle2007, cycle2011, cycle2013, stratum2, stratum3, stratum4, stratum6"
6,30,"smoke","pmm","mice detected that your data are (nearly) multi-collinear.
It applied a ridge penalty to continue calculations, but the results can be unstable.
Does your dataset contain duplicates, linear transformation, or factors with unique respondent names?"
7,1,"education","pmm","cycle2001, cycle2003, cycle2007, cycle2009, cycle2011, cycle2015, stratum4, stratum5, stratum7"
7,1,"education","pmm","mice detected that your data are (nearly) multi-collinear.
It applied a ridge penalty to continue calculations, but the results can be unstable.
Does your dataset contain duplicates, linear transformation, or factors with unique respondent names?"
7,1,"pir","pmm","cycle2001, cycle2003, cycle2007, cycle2011, cycle2015, stratum2, stratum3, stratum4, stratum7"
7,1,"pir","pmm","mice detected that your data are (nearly) multi-collinear.
It applied a ridge penalty to continue calculations, but the results can be unstable.
Does your dataset contain duplicates, linear transformation, or factors with unique respondent names?"
7,1,"smoke","pmm","cycle2001, cycle2005, cycle2007, cycle2011, cycle2013, stratum2, stratum3, stratum4, stratum6"
7,1,"smoke","pmm","mice detected that your data are (nearly) multi-collinear.
It applied a ridge penalty to continue calculations, but the results can be unstable.
Does your dataset contain duplicates, linear transformation, or factors with unique respondent names?"
7,2,"education","pmm","cycle2001, cycle2003, cycle2007, cycle2009, cycle2011, cycle2015, stratum4, stratum5, stratum7"
7,2,"education","pmm","mice detected that your data are (nearly) multi-collinear.
It applied a ridge penalty to continue calculations, but the results can be unstable.
Does your dataset contain duplicates, linear transformation, or factors with unique respondent names?"
7,2,"pir","pmm","cycle2001, cycle2003, cycle2007, cycle2011, cycle2015, stratum2, stratum3, stratum4, stratum7"
7,2,"pir","pmm","mice detected that your data are (nearly) multi-collinear.
It applied a ridge penalty to continue calculations, but the results can be unstable.
Does your dataset contain duplicates, linear transformation, or factors with unique respondent names?"
7,2,"smoke","pmm","cycle2001, cycle2005, cycle2007, cycle2011, cycle2013, stratum2, stratum3, stratum4, stratum6"
7,2,"smoke","pmm","mice detected that your data are (nearly) multi-collinear.
It applied a ridge penalty to continue calculations, but the results can be unstable.
Does your dataset contain duplicates, linear transformation, or factors with unique respondent names?"
7,3,"education","pmm","cycle2001, cycle2003, cycle2007, cycle2009, cycle2011, cycle2015, stratum4, stratum5, stratum7"
7,3,"education","pmm","mice detected that your data are (nearly) multi-collinear.
It applied a ridge penalty to continue calculations, but the results can be unstable.
Does your dataset contain duplicates, linear transformation, or factors with unique respondent names?"
7,3,"pir","pmm","cycle2001, cycle2003, cycle2007, cycle2011, cycle2015, stratum2, stratum3, stratum4, stratum7"
7,3,"pir","pmm","mice detected that your data are (nearly) multi-collinear.
It applied a ridge penalty to continue calculations, but the results can be unstable.
Does your dataset contain duplicates, linear transformation, or factors with unique respondent names?"
7,3,"smoke","pmm","cycle2001, cycle2005, cycle2007, cycle2011, cycle2013, stratum2, stratum3, stratum4, stratum6"
7,3,"smoke","pmm","mice detected that your data are (nearly) multi-collinear.
It applied a ridge penalty to continue calculations, but the results can be unstable.
Does your dataset contain duplicates, linear transformation, or factors with unique respondent names?"
7,4,"education","pmm","cycle2001, cycle2003, cycle2007, cycle2009, cycle2011, cycle2015, stratum4, stratum5, stratum7"
7,4,"education","pmm","mice detected that your data are (nearly) multi-collinear.
It applied a ridge penalty to continue calculations, but the results can be unstable.
Does your dataset contain duplicates, linear transformation, or factors with unique respondent names?"
7,4,"pir","pmm","cycle2001, cycle2003, cycle2007, cycle2011, cycle2015, stratum2, stratum3, stratum4, stratum7"
7,4,"pir","pmm","mice detected that your data are (nearly) multi-collinear.
It applied a ridge penalty to continue calculations, but the results can be unstable.
Does your dataset contain duplicates, linear transformation, or factors with unique respondent names?"
7,4,"smoke","pmm","cycle2001, cycle2005, cycle2007, cycle2011, cycle2013, stratum2, stratum3, stratum4, stratum6"
7,4,"smoke","pmm","mice detected that your data are (nearly) multi-collinear.
It applied a ridge penalty to continue calculations, but the results can be unstable.
Does your dataset contain duplicates, linear transformation, or factors with unique respondent names?"
7,5,"education","pmm","cycle2001, cycle2003, cycle2007, cycle2009, cycle2011, cycle2015, stratum4, stratum5, stratum7"
7,5,"education","pmm","mice detected that your data are (nearly) multi-collinear.
It applied a ridge penalty to continue calculations, but the results can be unstable.
Does your dataset contain duplicates, linear transformation, or factors with unique respondent names?"
7,5,"pir","pmm","cycle2001, cycle2003, cycle2007, cycle2011, cycle2015, stratum2, stratum3, stratum4, stratum7"
7,5,"pir","pmm","mice detected that your data are (nearly) multi-collinear.
It applied a ridge penalty to continue calculations, but the results can be unstable.
Does your dataset contain duplicates, linear transformation, or factors with unique respondent names?"
7,5,"smoke","pmm","cycle2001, cycle2005, cycle2007, cycle2011, cycle2013, stratum2, stratum3, stratum4, stratum6"
7,5,"smoke","pmm","mice detected that your data are (nearly) multi-collinear.
It applied a ridge penalty to continue calculations, but the results can be unstable.
Does your dataset contain duplicates, linear transformation, or factors with unique respondent names?"
7,6,"education","pmm","cycle2001, cycle2003, cycle2007, cycle2009, cycle2011, cycle2015, stratum4, stratum5, stratum7"
7,6,"education","pmm","mice detected that your data are (nearly) multi-collinear.
It applied a ridge penalty to continue calculations, but the results can be unstable.
Does your dataset contain duplicates, linear transformation, or factors with unique respondent names?"
7,6,"pir","pmm","cycle2001, cycle2003, cycle2007, cycle2011, cycle2015, stratum2, stratum3, stratum4, stratum7"
7,6,"pir","pmm","mice detected that your data are (nearly) multi-collinear.
It applied a ridge penalty to continue calculations, but the results can be unstable.
Does your dataset contain duplicates, linear transformation, or factors with unique respondent names?"
7,6,"smoke","pmm","cycle2001, cycle2005, cycle2007, cycle2011, cycle2013, stratum2, stratum3, stratum4, stratum6"
7,6,"smoke","pmm","mice detected that your data are (nearly) multi-collinear.
It applied a ridge penalty to continue calculations, but the results can be unstable.
Does your dataset contain duplicates, linear transformation, or factors with unique respondent names?"
7,7,"education","pmm","cycle2001, cycle2003, cycle2007, cycle2009, cycle2011, cycle2015, stratum4, stratum5, stratum7"
7,7,"education","pmm","mice detected that your data are (nearly) multi-collinear.
It applied a ridge penalty to continue calculations, but the results can be unstable.
Does your dataset contain duplicates, linear transformation, or factors with unique respondent names?"
7,7,"pir","pmm","cycle2001, cycle2003, cycle2007, cycle2011, cycle2015, stratum2, stratum3, stratum4, stratum7"
7,7,"pir","pmm","mice detected that your data are (nearly) multi-collinear.
It applied a ridge penalty to continue calculations, but the results can be unstable.
Does your dataset contain duplicates, linear transformation, or factors with unique respondent names?"
7,7,"smoke","pmm","cycle2001, cycle2005, cycle2007, cycle2011, cycle2013, stratum2, stratum3, stratum4, stratum6"
7,7,"smoke","pmm","mice detected that your data are (nearly) multi-collinear.
It applied a ridge penalty to continue calculations, but the results can be unstable.
Does your dataset contain duplicates, linear transformation, or factors with unique respondent names?"
7,8,"education","pmm","cycle2001, cycle2003, cycle2007, cycle2009, cycle2011, cycle2015, stratum4, stratum5, stratum7"
7,8,"education","pmm","mice detected that your data are (nearly) multi-collinear.
It applied a ridge penalty to continue calculations, but the results can be unstable.
Does your dataset contain duplicates, linear transformation, or factors with unique respondent names?"
7,8,"pir","pmm","cycle2001, cycle2003, cycle2007, cycle2011, cycle2015, stratum2, stratum3, stratum4, stratum7"
7,8,"pir","pmm","mice detected that your data are (nearly) multi-collinear.
It applied a ridge penalty to continue calculations, but the results can be unstable.
Does your dataset contain duplicates, linear transformation, or factors with unique respondent names?"
7,8,"smoke","pmm","cycle2001, cycle2005, cycle2007, cycle2011, cycle2013, stratum2, stratum3, stratum4, stratum6"
7,8,"smoke","pmm","mice detected that your data are (nearly) multi-collinear.
It applied a ridge penalty to continue calculations, but the results can be unstable.
Does your dataset contain duplicates, linear transformation, or factors with unique respondent names?"
7,9,"education","pmm","cycle2001, cycle2003, cycle2007, cycle2009, cycle2011, cycle2015, stratum4, stratum5, stratum7"
7,9,"education","pmm","mice detected that your data are (nearly) multi-collinear.
It applied a ridge penalty to continue calculations, but the results can be unstable.
Does your dataset contain duplicates, linear transformation, or factors with unique respondent names?"
7,9,"pir","pmm","cycle2001, cycle2003, cycle2007, cycle2011, cycle2015, stratum2, stratum3, stratum4, stratum7"
7,9,"pir","pmm","mice detected that your data are (nearly) multi-collinear.
It applied a ridge penalty to continue calculations, but the results can be unstable.
Does your dataset contain duplicates, linear transformation, or factors with unique respondent names?"
7,9,"smoke","pmm","cycle2001, cycle2005, cycle2007, cycle2011, cycle2013, stratum2, stratum3, stratum4, stratum6"
7,9,"smoke","pmm","mice detected that your data are (nearly) multi-collinear.
It applied a ridge penalty to continue calculations, but the results can be unstable.
Does your dataset contain duplicates, linear transformation, or factors with unique respondent names?"
7,10,"education","pmm","cycle2001, cycle2003, cycle2007, cycle2009, cycle2011, cycle2015, stratum4, stratum5, stratum7"
7,10,"education","pmm","mice detected that your data are (nearly) multi-collinear.
It applied a ridge penalty to continue calculations, but the results can be unstable.
Does your dataset contain duplicates, linear transformation, or factors with unique respondent names?"
7,10,"pir","pmm","cycle2001, cycle2003, cycle2007, cycle2011, cycle2015, stratum2, stratum3, stratum4, stratum7"
7,10,"pir","pmm","mice detected that your data are (nearly) multi-collinear.
It applied a ridge penalty to continue calculations, but the results can be unstable.
Does your dataset contain duplicates, linear transformation, or factors with unique respondent names?"
7,10,"smoke","pmm","cycle2001, cycle2005, cycle2007, cycle2011, cycle2013, stratum2, stratum3, stratum4, stratum6"
7,10,"smoke","pmm","mice detected that your data are (nearly) multi-collinear.
It applied a ridge penalty to continue calculations, but the results can be unstable.
Does your dataset contain duplicates, linear transformation, or factors with unique respondent names?"
7,11,"education","pmm","cycle2001, cycle2003, cycle2007, cycle2009, cycle2011, cycle2015, stratum4, stratum5, stratum7"
7,11,"education","pmm","mice detected that your data are (nearly) multi-collinear.
It applied a ridge penalty to continue calculations, but the results can be unstable.
Does your dataset contain duplicates, linear transformation, or factors with unique respondent names?"
7,11,"pir","pmm","cycle2001, cycle2003, cycle2007, cycle2011, cycle2015, stratum2, stratum3, stratum4, stratum7"
7,11,"pir","pmm","mice detected that your data are (nearly) multi-collinear.
It applied a ridge penalty to continue calculations, but the results can be unstable.
Does your dataset contain duplicates, linear transformation, or factors with unique respondent names?"
7,11,"smoke","pmm","cycle2001, cycle2005, cycle2007, cycle2011, cycle2013, stratum2, stratum3, stratum4, stratum6"
7,11,"smoke","pmm","mice detected that your data are (nearly) multi-collinear.
It applied a ridge penalty to continue calculations, but the results can be unstable.
Does your dataset contain duplicates, linear transformation, or factors with unique respondent names?"
7,12,"education","pmm","cycle2001, cycle2003, cycle2007, cycle2009, cycle2011, cycle2015, stratum4, stratum5, stratum7"
7,12,"education","pmm","mice detected that your data are (nearly) multi-collinear.
It applied a ridge penalty to continue calculations, but the results can be unstable.
Does your dataset contain duplicates, linear transformation, or factors with unique respondent names?"
7,12,"pir","pmm","cycle2001, cycle2003, cycle2007, cycle2011, cycle2015, stratum2, stratum3, stratum4, stratum7"
7,12,"pir","pmm","mice detected that your data are (nearly) multi-collinear.
It applied a ridge penalty to continue calculations, but the results can be unstable.
Does your dataset contain duplicates, linear transformation, or factors with unique respondent names?"
7,12,"smoke","pmm","cycle2001, cycle2005, cycle2007, cycle2011, cycle2013, stratum2, stratum3, stratum4, stratum6"
7,12,"smoke","pmm","mice detected that your data are (nearly) multi-collinear.
It applied a ridge penalty to continue calculations, but the results can be unstable.
Does your dataset contain duplicates, linear transformation, or factors with unique respondent names?"
7,13,"education","pmm","cycle2001, cycle2003, cycle2007, cycle2009, cycle2011, cycle2015, stratum4, stratum5, stratum7"
7,13,"education","pmm","mice detected that your data are (nearly) multi-collinear.
It applied a ridge penalty to continue calculations, but the results can be unstable.
Does your dataset contain duplicates, linear transformation, or factors with unique respondent names?"
7,13,"pir","pmm","cycle2001, cycle2003, cycle2007, cycle2011, cycle2015, stratum2, stratum3, stratum4, stratum7"
7,13,"pir","pmm","mice detected that your data are (nearly) multi-collinear.
It applied a ridge penalty to continue calculations, but the results can be unstable.
Does your dataset contain duplicates, linear transformation, or factors with unique respondent names?"
7,13,"smoke","pmm","cycle2001, cycle2005, cycle2007, cycle2011, cycle2013, stratum2, stratum3, stratum4, stratum6"
7,13,"smoke","pmm","mice detected that your data are (nearly) multi-collinear.
It applied a ridge penalty to continue calculations, but the results can be unstable.
Does your dataset contain duplicates, linear transformation, or factors with unique respondent names?"
7,14,"education","pmm","cycle2001, cycle2003, cycle2007, cycle2009, cycle2011, cycle2015, stratum4, stratum5, stratum7"
7,14,"education","pmm","mice detected that your data are (nearly) multi-collinear.
It applied a ridge penalty to continue calculations, but the results can be unstable.
Does your dataset contain duplicates, linear transformation, or factors with unique respondent names?"
7,14,"pir","pmm","cycle2001, cycle2003, cycle2007, cycle2011, cycle2015, stratum2, stratum3, stratum4, stratum7"
7,14,"pir","pmm","mice detected that your data are (nearly) multi-collinear.
It applied a ridge penalty to continue calculations, but the results can be unstable.
Does your dataset contain duplicates, linear transformation, or factors with unique respondent names?"
7,14,"smoke","pmm","cycle2001, cycle2005, cycle2007, cycle2011, cycle2013, stratum2, stratum3, stratum4, stratum6"
7,14,"smoke","pmm","mice detected that your data are (nearly) multi-collinear.
It applied a ridge penalty to continue calculations, but the results can be unstable.
Does your dataset contain duplicates, linear transformation, or factors with unique respondent names?"
7,15,"education","pmm","cycle2001, cycle2003, cycle2007, cycle2009, cycle2011, cycle2015, stratum4, stratum5, stratum7"
7,15,"education","pmm","mice detected that your data are (nearly) multi-collinear.
It applied a ridge penalty to continue calculations, but the results can be unstable.
Does your dataset contain duplicates, linear transformation, or factors with unique respondent names?"
7,15,"pir","pmm","cycle2001, cycle2003, cycle2007, cycle2011, cycle2015, stratum2, stratum3, stratum4, stratum7"
7,15,"pir","pmm","mice detected that your data are (nearly) multi-collinear.
It applied a ridge penalty to continue calculations, but the results can be unstable.
Does your dataset contain duplicates, linear transformation, or factors with unique respondent names?"
7,15,"smoke","pmm","cycle2001, cycle2005, cycle2007, cycle2011, cycle2013, stratum2, stratum3, stratum4, stratum6"
7,15,"smoke","pmm","mice detected that your data are (nearly) multi-collinear.
It applied a ridge penalty to continue calculations, but the results can be unstable.
Does your dataset contain duplicates, linear transformation, or factors with unique respondent names?"
7,16,"education","pmm","cycle2001, cycle2003, cycle2007, cycle2009, cycle2011, cycle2015, stratum4, stratum5, stratum7"
7,16,"education","pmm","mice detected that your data are (nearly) multi-collinear.
It applied a ridge penalty to continue calculations, but the results can be unstable.
Does your dataset contain duplicates, linear transformation, or factors with unique respondent names?"
7,16,"pir","pmm","cycle2001, cycle2003, cycle2007, cycle2011, cycle2015, stratum2, stratum3, stratum4, stratum7"
7,16,"pir","pmm","mice detected that your data are (nearly) multi-collinear.
It applied a ridge penalty to continue calculations, but the results can be unstable.
Does your dataset contain duplicates, linear transformation, or factors with unique respondent names?"
7,16,"smoke","pmm","cycle2001, cycle2005, cycle2007, cycle2011, cycle2013, stratum2, stratum3, stratum4, stratum6"
7,16,"smoke","pmm","mice detected that your data are (nearly) multi-collinear.
It applied a ridge penalty to continue calculations, but the results can be unstable.
Does your dataset contain duplicates, linear transformation, or factors with unique respondent names?"
7,17,"education","pmm","cycle2001, cycle2003, cycle2007, cycle2009, cycle2011, cycle2015, stratum4, stratum5, stratum7"
7,17,"education","pmm","mice detected that your data are (nearly) multi-collinear.
It applied a ridge penalty to continue calculations, but the results can be unstable.
Does your dataset contain duplicates, linear transformation, or factors with unique respondent names?"
7,17,"pir","pmm","cycle2001, cycle2003, cycle2007, cycle2011, cycle2015, stratum2, stratum3, stratum4, stratum7"
7,17,"pir","pmm","mice detected that your data are (nearly) multi-collinear.
It applied a ridge penalty to continue calculations, but the results can be unstable.
Does your dataset contain duplicates, linear transformation, or factors with unique respondent names?"
7,17,"smoke","pmm","cycle2001, cycle2005, cycle2007, cycle2011, cycle2013, stratum2, stratum3, stratum4, stratum6"
7,17,"smoke","pmm","mice detected that your data are (nearly) multi-collinear.
It applied a ridge penalty to continue calculations, but the results can be unstable.
Does your dataset contain duplicates, linear transformation, or factors with unique respondent names?"
7,18,"education","pmm","cycle2001, cycle2003, cycle2007, cycle2009, cycle2011, cycle2015, stratum4, stratum5, stratum7"
7,18,"education","pmm","mice detected that your data are (nearly) multi-collinear.
It applied a ridge penalty to continue calculations, but the results can be unstable.
Does your dataset contain duplicates, linear transformation, or factors with unique respondent names?"
7,18,"pir","pmm","cycle2001, cycle2003, cycle2007, cycle2011, cycle2015, stratum2, stratum3, stratum4, stratum7"
7,18,"pir","pmm","mice detected that your data are (nearly) multi-collinear.
It applied a ridge penalty to continue calculations, but the results can be unstable.
Does your dataset contain duplicates, linear transformation, or factors with unique respondent names?"
7,18,"smoke","pmm","cycle2001, cycle2005, cycle2007, cycle2011, cycle2013, stratum2, stratum3, stratum4, stratum6"
7,18,"smoke","pmm","mice detected that your data are (nearly) multi-collinear.
It applied a ridge penalty to continue calculations, but the results can be unstable.
Does your dataset contain duplicates, linear transformation, or factors with unique respondent names?"
7,19,"education","pmm","cycle2001, cycle2003, cycle2007, cycle2009, cycle2011, cycle2015, stratum4, stratum5, stratum7"
7,19,"education","pmm","mice detected that your data are (nearly) multi-collinear.
It applied a ridge penalty to continue calculations, but the results can be unstable.
Does your dataset contain duplicates, linear transformation, or factors with unique respondent names?"
7,19,"pir","pmm","cycle2001, cycle2003, cycle2007, cycle2011, cycle2015, stratum2, stratum3, stratum4, stratum7"
7,19,"pir","pmm","mice detected that your data are (nearly) multi-collinear.
It applied a ridge penalty to continue calculations, but the results can be unstable.
Does your dataset contain duplicates, linear transformation, or factors with unique respondent names?"
7,19,"smoke","pmm","cycle2001, cycle2005, cycle2007, cycle2011, cycle2013, stratum2, stratum3, stratum4, stratum6"
7,19,"smoke","pmm","mice detected that your data are (nearly) multi-collinear.
It applied a ridge penalty to continue calculations, but the results can be unstable.
Does your dataset contain duplicates, linear transformation, or factors with unique respondent names?"
7,20,"education","pmm","cycle2001, cycle2003, cycle2007, cycle2009, cycle2011, cycle2015, stratum4, stratum5, stratum7"
7,20,"education","pmm","mice detected that your data are (nearly) multi-collinear.
It applied a ridge penalty to continue calculations, but the results can be unstable.
Does your dataset contain duplicates, linear transformation, or factors with unique respondent names?"
7,20,"pir","pmm","cycle2001, cycle2003, cycle2007, cycle2011, cycle2015, stratum2, stratum3, stratum4, stratum7"
7,20,"pir","pmm","mice detected that your data are (nearly) multi-collinear.
It applied a ridge penalty to continue calculations, but the results can be unstable.
Does your dataset contain duplicates, linear transformation, or factors with unique respondent names?"
7,20,"smoke","pmm","cycle2001, cycle2005, cycle2007, cycle2011, cycle2013, stratum2, stratum3, stratum4, stratum6"
7,20,"smoke","pmm","mice detected that your data are (nearly) multi-collinear.
It applied a ridge penalty to continue calculations, but the results can be unstable.
Does your dataset contain duplicates, linear transformation, or factors with unique respondent names?"
7,21,"education","pmm","cycle2001, cycle2003, cycle2007, cycle2009, cycle2011, cycle2015, stratum4, stratum5, stratum7"
7,21,"education","pmm","mice detected that your data are (nearly) multi-collinear.
It applied a ridge penalty to continue calculations, but the results can be unstable.
Does your dataset contain duplicates, linear transformation, or factors with unique respondent names?"
7,21,"pir","pmm","cycle2001, cycle2003, cycle2007, cycle2011, cycle2015, stratum2, stratum3, stratum4, stratum7"
7,21,"pir","pmm","mice detected that your data are (nearly) multi-collinear.
It applied a ridge penalty to continue calculations, but the results can be unstable.
Does your dataset contain duplicates, linear transformation, or factors with unique respondent names?"
7,21,"smoke","pmm","cycle2001, cycle2005, cycle2007, cycle2011, cycle2013, stratum2, stratum3, stratum4, stratum6"
7,21,"smoke","pmm","mice detected that your data are (nearly) multi-collinear.
It applied a ridge penalty to continue calculations, but the results can be unstable.
Does your dataset contain duplicates, linear transformation, or factors with unique respondent names?"
7,22,"education","pmm","cycle2001, cycle2003, cycle2007, cycle2009, cycle2011, cycle2015, stratum4, stratum5, stratum7"
7,22,"education","pmm","mice detected that your data are (nearly) multi-collinear.
It applied a ridge penalty to continue calculations, but the results can be unstable.
Does your dataset contain duplicates, linear transformation, or factors with unique respondent names?"
7,22,"pir","pmm","cycle2001, cycle2003, cycle2007, cycle2011, cycle2015, stratum2, stratum3, stratum4, stratum7"
7,22,"pir","pmm","mice detected that your data are (nearly) multi-collinear.
It applied a ridge penalty to continue calculations, but the results can be unstable.
Does your dataset contain duplicates, linear transformation, or factors with unique respondent names?"
7,22,"smoke","pmm","cycle2001, cycle2005, cycle2007, cycle2011, cycle2013, stratum2, stratum3, stratum4, stratum6"
7,22,"smoke","pmm","mice detected that your data are (nearly) multi-collinear.
It applied a ridge penalty to continue calculations, but the results can be unstable.
Does your dataset contain duplicates, linear transformation, or factors with unique respondent names?"
7,23,"education","pmm","cycle2001, cycle2003, cycle2007, cycle2009, cycle2011, cycle2015, stratum4, stratum5, stratum7"
7,23,"education","pmm","mice detected that your data are (nearly) multi-collinear.
It applied a ridge penalty to continue calculations, but the results can be unstable.
Does your dataset contain duplicates, linear transformation, or factors with unique respondent names?"
7,23,"pir","pmm","cycle2001, cycle2003, cycle2007, cycle2011, cycle2015, stratum2, stratum3, stratum4, stratum7"
7,23,"pir","pmm","mice detected that your data are (nearly) multi-collinear.
It applied a ridge penalty to continue calculations, but the results can be unstable.
Does your dataset contain duplicates, linear transformation, or factors with unique respondent names?"
7,23,"smoke","pmm","cycle2001, cycle2005, cycle2007, cycle2011, cycle2013, stratum2, stratum3, stratum4, stratum6"
7,23,"smoke","pmm","mice detected that your data are (nearly) multi-collinear.
It applied a ridge penalty to continue calculations, but the results can be unstable.
Does your dataset contain duplicates, linear transformation, or factors with unique respondent names?"
7,24,"education","pmm","cycle2001, cycle2003, cycle2007, cycle2009, cycle2011, cycle2015, stratum4, stratum5, stratum7"
7,24,"education","pmm","mice detected that your data are (nearly) multi-collinear.
It applied a ridge penalty to continue calculations, but the results can be unstable.
Does your dataset contain duplicates, linear transformation, or factors with unique respondent names?"
7,24,"pir","pmm","cycle2001, cycle2003, cycle2007, cycle2011, cycle2015, stratum2, stratum3, stratum4, stratum7"
7,24,"pir","pmm","mice detected that your data are (nearly) multi-collinear.
It applied a ridge penalty to continue calculations, but the results can be unstable.
Does your dataset contain duplicates, linear transformation, or factors with unique respondent names?"
7,24,"smoke","pmm","cycle2001, cycle2005, cycle2007, cycle2011, cycle2013, stratum2, stratum3, stratum4, stratum6"
7,24,"smoke","pmm","mice detected that your data are (nearly) multi-collinear.
It applied a ridge penalty to continue calculations, but the results can be unstable.
Does your dataset contain duplicates, linear transformation, or factors with unique respondent names?"
7,25,"education","pmm","cycle2001, cycle2003, cycle2007, cycle2009, cycle2011, cycle2015, stratum4, stratum5, stratum7"
7,25,"education","pmm","mice detected that your data are (nearly) multi-collinear.
It applied a ridge penalty to continue calculations, but the results can be unstable.
Does your dataset contain duplicates, linear transformation, or factors with unique respondent names?"
7,25,"pir","pmm","cycle2001, cycle2003, cycle2007, cycle2011, cycle2015, stratum2, stratum3, stratum4, stratum7"
7,25,"pir","pmm","mice detected that your data are (nearly) multi-collinear.
It applied a ridge penalty to continue calculations, but the results can be unstable.
Does your dataset contain duplicates, linear transformation, or factors with unique respondent names?"
7,25,"smoke","pmm","cycle2001, cycle2005, cycle2007, cycle2011, cycle2013, stratum2, stratum3, stratum4, stratum6"
7,25,"smoke","pmm","mice detected that your data are (nearly) multi-collinear.
It applied a ridge penalty to continue calculations, but the results can be unstable.
Does your dataset contain duplicates, linear transformation, or factors with unique respondent names?"
7,26,"education","pmm","cycle2001, cycle2003, cycle2007, cycle2009, cycle2011, cycle2015, stratum4, stratum5, stratum7"
7,26,"education","pmm","mice detected that your data are (nearly) multi-collinear.
It applied a ridge penalty to continue calculations, but the results can be unstable.
Does your dataset contain duplicates, linear transformation, or factors with unique respondent names?"
7,26,"pir","pmm","cycle2001, cycle2003, cycle2007, cycle2011, cycle2015, stratum2, stratum3, stratum4, stratum7"
7,26,"pir","pmm","mice detected that your data are (nearly) multi-collinear.
It applied a ridge penalty to continue calculations, but the results can be unstable.
Does your dataset contain duplicates, linear transformation, or factors with unique respondent names?"
7,26,"smoke","pmm","cycle2001, cycle2005, cycle2007, cycle2011, cycle2013, stratum2, stratum3, stratum4, stratum6"
7,26,"smoke","pmm","mice detected that your data are (nearly) multi-collinear.
It applied a ridge penalty to continue calculations, but the results can be unstable.
Does your dataset contain duplicates, linear transformation, or factors with unique respondent names?"
7,27,"education","pmm","cycle2001, cycle2003, cycle2007, cycle2009, cycle2011, cycle2015, stratum4, stratum5, stratum7"
7,27,"education","pmm","mice detected that your data are (nearly) multi-collinear.
It applied a ridge penalty to continue calculations, but the results can be unstable.
Does your dataset contain duplicates, linear transformation, or factors with unique respondent names?"
7,27,"pir","pmm","cycle2001, cycle2003, cycle2007, cycle2011, cycle2015, stratum2, stratum3, stratum4, stratum7"
7,27,"pir","pmm","mice detected that your data are (nearly) multi-collinear.
It applied a ridge penalty to continue calculations, but the results can be unstable.
Does your dataset contain duplicates, linear transformation, or factors with unique respondent names?"
7,27,"smoke","pmm","cycle2001, cycle2005, cycle2007, cycle2011, cycle2013, stratum2, stratum3, stratum4, stratum6"
7,27,"smoke","pmm","mice detected that your data are (nearly) multi-collinear.
It applied a ridge penalty to continue calculations, but the results can be unstable.
Does your dataset contain duplicates, linear transformation, or factors with unique respondent names?"
7,28,"education","pmm","cycle2001, cycle2003, cycle2007, cycle2009, cycle2011, cycle2015, stratum4, stratum5, stratum7"
7,28,"education","pmm","mice detected that your data are (nearly) multi-collinear.
It applied a ridge penalty to continue calculations, but the results can be unstable.
Does your dataset contain duplicates, linear transformation, or factors with unique respondent names?"
7,28,"pir","pmm","cycle2001, cycle2003, cycle2007, cycle2011, cycle2015, stratum2, stratum3, stratum4, stratum7"
7,28,"pir","pmm","mice detected that your data are (nearly) multi-collinear.
It applied a ridge penalty to continue calculations, but the results can be unstable.
Does your dataset contain duplicates, linear transformation, or factors with unique respondent names?"
7,28,"smoke","pmm","cycle2001, cycle2005, cycle2007, cycle2011, cycle2013, stratum2, stratum3, stratum4, stratum6"
7,28,"smoke","pmm","mice detected that your data are (nearly) multi-collinear.
It applied a ridge penalty to continue calculations, but the results can be unstable.
Does your dataset contain duplicates, linear transformation, or factors with unique respondent names?"
7,29,"education","pmm","cycle2001, cycle2003, cycle2007, cycle2009, cycle2011, cycle2015, stratum4, stratum5, stratum7"
7,29,"education","pmm","mice detected that your data are (nearly) multi-collinear.
It applied a ridge penalty to continue calculations, but the results can be unstable.
Does your dataset contain duplicates, linear transformation, or factors with unique respondent names?"
7,29,"pir","pmm","cycle2001, cycle2003, cycle2007, cycle2011, cycle2015, stratum2, stratum3, stratum4, stratum7"
7,29,"pir","pmm","mice detected that your data are (nearly) multi-collinear.
It applied a ridge penalty to continue calculations, but the results can be unstable.
Does your dataset contain duplicates, linear transformation, or factors with unique respondent names?"
7,29,"smoke","pmm","cycle2001, cycle2005, cycle2007, cycle2011, cycle2013, stratum2, stratum3, stratum4, stratum6"
7,29,"smoke","pmm","mice detected that your data are (nearly) multi-collinear.
It applied a ridge penalty to continue calculations, but the results can be unstable.
Does your dataset contain duplicates, linear transformation, or factors with unique respondent names?"
7,30,"education","pmm","cycle2001, cycle2003, cycle2007, cycle2009, cycle2011, cycle2015, stratum4, stratum5, stratum7"
7,30,"education","pmm","mice detected that your data are (nearly) multi-collinear.
It applied a ridge penalty to continue calculations, but the results can be unstable.
Does your dataset contain duplicates, linear transformation, or factors with unique respondent names?"
7,30,"pir","pmm","cycle2001, cycle2003, cycle2007, cycle2011, cycle2015, stratum2, stratum3, stratum4, stratum7"
7,30,"pir","pmm","mice detected that your data are (nearly) multi-collinear.
It applied a ridge penalty to continue calculations, but the results can be unstable.
Does your dataset contain duplicates, linear transformation, or factors with unique respondent names?"
7,30,"smoke","pmm","cycle2001, cycle2005, cycle2007, cycle2011, cycle2013, stratum2, stratum3, stratum4, stratum6"
7,30,"smoke","pmm","mice detected that your data are (nearly) multi-collinear.
It applied a ridge penalty to continue calculations, but the results can be unstable.
Does your dataset contain duplicates, linear transformation, or factors with unique respondent names?"
8,1,"education","pmm","cycle2001, cycle2003, cycle2007, cycle2009, cycle2011, cycle2015, stratum4, stratum5, stratum7"
8,1,"education","pmm","mice detected that your data are (nearly) multi-collinear.
It applied a ridge penalty to continue calculations, but the results can be unstable.
Does your dataset contain duplicates, linear transformation, or factors with unique respondent names?"
8,1,"pir","pmm","cycle2001, cycle2003, cycle2007, cycle2011, cycle2015, stratum2, stratum3, stratum4, stratum7"
8,1,"pir","pmm","mice detected that your data are (nearly) multi-collinear.
It applied a ridge penalty to continue calculations, but the results can be unstable.
Does your dataset contain duplicates, linear transformation, or factors with unique respondent names?"
8,1,"smoke","pmm","cycle2001, cycle2005, cycle2007, cycle2011, cycle2013, stratum2, stratum3, stratum4, stratum6"
8,1,"smoke","pmm","mice detected that your data are (nearly) multi-collinear.
It applied a ridge penalty to continue calculations, but the results can be unstable.
Does your dataset contain duplicates, linear transformation, or factors with unique respondent names?"
8,2,"education","pmm","cycle2001, cycle2003, cycle2007, cycle2009, cycle2011, cycle2015, stratum4, stratum5, stratum7"
8,2,"education","pmm","mice detected that your data are (nearly) multi-collinear.
It applied a ridge penalty to continue calculations, but the results can be unstable.
Does your dataset contain duplicates, linear transformation, or factors with unique respondent names?"
8,2,"pir","pmm","cycle2001, cycle2003, cycle2007, cycle2011, cycle2015, stratum2, stratum3, stratum4, stratum7"
8,2,"pir","pmm","mice detected that your data are (nearly) multi-collinear.
It applied a ridge penalty to continue calculations, but the results can be unstable.
Does your dataset contain duplicates, linear transformation, or factors with unique respondent names?"
8,2,"smoke","pmm","cycle2001, cycle2005, cycle2007, cycle2011, cycle2013, stratum2, stratum3, stratum4, stratum6"
8,2,"smoke","pmm","mice detected that your data are (nearly) multi-collinear.
It applied a ridge penalty to continue calculations, but the results can be unstable.
Does your dataset contain duplicates, linear transformation, or factors with unique respondent names?"
8,3,"education","pmm","cycle2001, cycle2003, cycle2007, cycle2009, cycle2011, cycle2015, stratum4, stratum5, stratum7"
8,3,"education","pmm","mice detected that your data are (nearly) multi-collinear.
It applied a ridge penalty to continue calculations, but the results can be unstable.
Does your dataset contain duplicates, linear transformation, or factors with unique respondent names?"
8,3,"pir","pmm","cycle2001, cycle2003, cycle2007, cycle2011, cycle2015, stratum2, stratum3, stratum4, stratum7"
8,3,"pir","pmm","mice detected that your data are (nearly) multi-collinear.
It applied a ridge penalty to continue calculations, but the results can be unstable.
Does your dataset contain duplicates, linear transformation, or factors with unique respondent names?"
8,3,"smoke","pmm","cycle2001, cycle2005, cycle2007, cycle2011, cycle2013, stratum2, stratum3, stratum4, stratum6"
8,3,"smoke","pmm","mice detected that your data are (nearly) multi-collinear.
It applied a ridge penalty to continue calculations, but the results can be unstable.
Does your dataset contain duplicates, linear transformation, or factors with unique respondent names?"
8,4,"education","pmm","cycle2001, cycle2003, cycle2007, cycle2009, cycle2011, cycle2015, stratum4, stratum5, stratum7"
8,4,"education","pmm","mice detected that your data are (nearly) multi-collinear.
It applied a ridge penalty to continue calculations, but the results can be unstable.
Does your dataset contain duplicates, linear transformation, or factors with unique respondent names?"
8,4,"pir","pmm","cycle2001, cycle2003, cycle2007, cycle2011, cycle2015, stratum2, stratum3, stratum4, stratum7"
8,4,"pir","pmm","mice detected that your data are (nearly) multi-collinear.
It applied a ridge penalty to continue calculations, but the results can be unstable.
Does your dataset contain duplicates, linear transformation, or factors with unique respondent names?"
8,4,"smoke","pmm","cycle2001, cycle2005, cycle2007, cycle2011, cycle2013, stratum2, stratum3, stratum4, stratum6"
8,4,"smoke","pmm","mice detected that your data are (nearly) multi-collinear.
It applied a ridge penalty to continue calculations, but the results can be unstable.
Does your dataset contain duplicates, linear transformation, or factors with unique respondent names?"
8,5,"education","pmm","cycle2001, cycle2003, cycle2007, cycle2009, cycle2011, cycle2015, stratum4, stratum5, stratum7"
8,5,"education","pmm","mice detected that your data are (nearly) multi-collinear.
It applied a ridge penalty to continue calculations, but the results can be unstable.
Does your dataset contain duplicates, linear transformation, or factors with unique respondent names?"
8,5,"pir","pmm","cycle2001, cycle2003, cycle2007, cycle2011, cycle2015, stratum2, stratum3, stratum4, stratum7"
8,5,"pir","pmm","mice detected that your data are (nearly) multi-collinear.
It applied a ridge penalty to continue calculations, but the results can be unstable.
Does your dataset contain duplicates, linear transformation, or factors with unique respondent names?"
8,5,"smoke","pmm","cycle2001, cycle2005, cycle2007, cycle2011, cycle2013, stratum2, stratum3, stratum4, stratum6"
8,5,"smoke","pmm","mice detected that your data are (nearly) multi-collinear.
It applied a ridge penalty to continue calculations, but the results can be unstable.
Does your dataset contain duplicates, linear transformation, or factors with unique respondent names?"
8,6,"education","pmm","cycle2001, cycle2003, cycle2007, cycle2009, cycle2011, cycle2015, stratum4, stratum5, stratum7"
8,6,"education","pmm","mice detected that your data are (nearly) multi-collinear.
It applied a ridge penalty to continue calculations, but the results can be unstable.
Does your dataset contain duplicates, linear transformation, or factors with unique respondent names?"
8,6,"pir","pmm","cycle2001, cycle2003, cycle2007, cycle2011, cycle2015, stratum2, stratum3, stratum4, stratum7"
8,6,"pir","pmm","mice detected that your data are (nearly) multi-collinear.
It applied a ridge penalty to continue calculations, but the results can be unstable.
Does your dataset contain duplicates, linear transformation, or factors with unique respondent names?"
8,6,"smoke","pmm","cycle2001, cycle2005, cycle2007, cycle2011, cycle2013, stratum2, stratum3, stratum4, stratum6"
8,6,"smoke","pmm","mice detected that your data are (nearly) multi-collinear.
It applied a ridge penalty to continue calculations, but the results can be unstable.
Does your dataset contain duplicates, linear transformation, or factors with unique respondent names?"
8,7,"education","pmm","cycle2001, cycle2003, cycle2007, cycle2009, cycle2011, cycle2015, stratum4, stratum5, stratum7"
8,7,"education","pmm","mice detected that your data are (nearly) multi-collinear.
It applied a ridge penalty to continue calculations, but the results can be unstable.
Does your dataset contain duplicates, linear transformation, or factors with unique respondent names?"
8,7,"pir","pmm","cycle2001, cycle2003, cycle2007, cycle2011, cycle2015, stratum2, stratum3, stratum4, stratum7"
8,7,"pir","pmm","mice detected that your data are (nearly) multi-collinear.
It applied a ridge penalty to continue calculations, but the results can be unstable.
Does your dataset contain duplicates, linear transformation, or factors with unique respondent names?"
8,7,"smoke","pmm","cycle2001, cycle2005, cycle2007, cycle2011, cycle2013, stratum2, stratum3, stratum4, stratum6"
8,7,"smoke","pmm","mice detected that your data are (nearly) multi-collinear.
It applied a ridge penalty to continue calculations, but the results can be unstable.
Does your dataset contain duplicates, linear transformation, or factors with unique respondent names?"
8,8,"education","pmm","cycle2001, cycle2003, cycle2007, cycle2009, cycle2011, cycle2015, stratum4, stratum5, stratum7"
8,8,"education","pmm","mice detected that your data are (nearly) multi-collinear.
It applied a ridge penalty to continue calculations, but the results can be unstable.
Does your dataset contain duplicates, linear transformation, or factors with unique respondent names?"
8,8,"pir","pmm","cycle2001, cycle2003, cycle2007, cycle2011, cycle2015, stratum2, stratum3, stratum4, stratum7"
8,8,"pir","pmm","mice detected that your data are (nearly) multi-collinear.
It applied a ridge penalty to continue calculations, but the results can be unstable.
Does your dataset contain duplicates, linear transformation, or factors with unique respondent names?"
8,8,"smoke","pmm","cycle2001, cycle2005, cycle2007, cycle2011, cycle2013, stratum2, stratum3, stratum4, stratum6"
8,8,"smoke","pmm","mice detected that your data are (nearly) multi-collinear.
It applied a ridge penalty to continue calculations, but the results can be unstable.
Does your dataset contain duplicates, linear transformation, or factors with unique respondent names?"
8,9,"education","pmm","cycle2001, cycle2003, cycle2007, cycle2009, cycle2011, cycle2015, stratum4, stratum5, stratum7"
8,9,"education","pmm","mice detected that your data are (nearly) multi-collinear.
It applied a ridge penalty to continue calculations, but the results can be unstable.
Does your dataset contain duplicates, linear transformation, or factors with unique respondent names?"
8,9,"pir","pmm","cycle2001, cycle2003, cycle2007, cycle2011, cycle2015, stratum2, stratum3, stratum4, stratum7"
8,9,"pir","pmm","mice detected that your data are (nearly) multi-collinear.
It applied a ridge penalty to continue calculations, but the results can be unstable.
Does your dataset contain duplicates, linear transformation, or factors with unique respondent names?"
8,9,"smoke","pmm","cycle2001, cycle2005, cycle2007, cycle2011, cycle2013, stratum2, stratum3, stratum4, stratum6"
8,9,"smoke","pmm","mice detected that your data are (nearly) multi-collinear.
It applied a ridge penalty to continue calculations, but the results can be unstable.
Does your dataset contain duplicates, linear transformation, or factors with unique respondent names?"
8,10,"education","pmm","cycle2001, cycle2003, cycle2007, cycle2009, cycle2011, cycle2015, stratum4, stratum5, stratum7"
8,10,"education","pmm","mice detected that your data are (nearly) multi-collinear.
It applied a ridge penalty to continue calculations, but the results can be unstable.
Does your dataset contain duplicates, linear transformation, or factors with unique respondent names?"
8,10,"pir","pmm","cycle2001, cycle2003, cycle2007, cycle2011, cycle2015, stratum2, stratum3, stratum4, stratum7"
8,10,"pir","pmm","mice detected that your data are (nearly) multi-collinear.
It applied a ridge penalty to continue calculations, but the results can be unstable.
Does your dataset contain duplicates, linear transformation, or factors with unique respondent names?"
8,10,"smoke","pmm","cycle2001, cycle2005, cycle2007, cycle2011, cycle2013, stratum2, stratum3, stratum4, stratum6"
8,10,"smoke","pmm","mice detected that your data are (nearly) multi-collinear.
It applied a ridge penalty to continue calculations, but the results can be unstable.
Does your dataset contain duplicates, linear transformation, or factors with unique respondent names?"
8,11,"education","pmm","cycle2001, cycle2003, cycle2007, cycle2009, cycle2011, cycle2015, stratum4, stratum5, stratum7"
8,11,"education","pmm","mice detected that your data are (nearly) multi-collinear.
It applied a ridge penalty to continue calculations, but the results can be unstable.
Does your dataset contain duplicates, linear transformation, or factors with unique respondent names?"
8,11,"pir","pmm","cycle2001, cycle2003, cycle2007, cycle2011, cycle2015, stratum2, stratum3, stratum4, stratum7"
8,11,"pir","pmm","mice detected that your data are (nearly) multi-collinear.
It applied a ridge penalty to continue calculations, but the results can be unstable.
Does your dataset contain duplicates, linear transformation, or factors with unique respondent names?"
8,11,"smoke","pmm","cycle2001, cycle2005, cycle2007, cycle2011, cycle2013, stratum2, stratum3, stratum4, stratum6"
8,11,"smoke","pmm","mice detected that your data are (nearly) multi-collinear.
It applied a ridge penalty to continue calculations, but the results can be unstable.
Does your dataset contain duplicates, linear transformation, or factors with unique respondent names?"
8,12,"education","pmm","cycle2001, cycle2003, cycle2007, cycle2009, cycle2011, cycle2015, stratum4, stratum5, stratum7"
8,12,"education","pmm","mice detected that your data are (nearly) multi-collinear.
It applied a ridge penalty to continue calculations, but the results can be unstable.
Does your dataset contain duplicates, linear transformation, or factors with unique respondent names?"
8,12,"pir","pmm","cycle2001, cycle2003, cycle2007, cycle2011, cycle2015, stratum2, stratum3, stratum4, stratum7"
8,12,"pir","pmm","mice detected that your data are (nearly) multi-collinear.
It applied a ridge penalty to continue calculations, but the results can be unstable.
Does your dataset contain duplicates, linear transformation, or factors with unique respondent names?"
8,12,"smoke","pmm","cycle2001, cycle2005, cycle2007, cycle2011, cycle2013, stratum2, stratum3, stratum4, stratum6"
8,12,"smoke","pmm","mice detected that your data are (nearly) multi-collinear.
It applied a ridge penalty to continue calculations, but the results can be unstable.
Does your dataset contain duplicates, linear transformation, or factors with unique respondent names?"
8,13,"education","pmm","cycle2001, cycle2003, cycle2007, cycle2009, cycle2011, cycle2015, stratum4, stratum5, stratum7"
8,13,"education","pmm","mice detected that your data are (nearly) multi-collinear.
It applied a ridge penalty to continue calculations, but the results can be unstable.
Does your dataset contain duplicates, linear transformation, or factors with unique respondent names?"
8,13,"pir","pmm","cycle2001, cycle2003, cycle2007, cycle2011, cycle2015, stratum2, stratum3, stratum4, stratum7"
8,13,"pir","pmm","mice detected that your data are (nearly) multi-collinear.
It applied a ridge penalty to continue calculations, but the results can be unstable.
Does your dataset contain duplicates, linear transformation, or factors with unique respondent names?"
8,13,"smoke","pmm","cycle2001, cycle2005, cycle2007, cycle2011, cycle2013, stratum2, stratum3, stratum4, stratum6"
8,13,"smoke","pmm","mice detected that your data are (nearly) multi-collinear.
It applied a ridge penalty to continue calculations, but the results can be unstable.
Does your dataset contain duplicates, linear transformation, or factors with unique respondent names?"
8,14,"education","pmm","cycle2001, cycle2003, cycle2007, cycle2009, cycle2011, cycle2015, stratum4, stratum5, stratum7"
8,14,"education","pmm","mice detected that your data are (nearly) multi-collinear.
It applied a ridge penalty to continue calculations, but the results can be unstable.
Does your dataset contain duplicates, linear transformation, or factors with unique respondent names?"
8,14,"pir","pmm","cycle2001, cycle2003, cycle2007, cycle2011, cycle2015, stratum2, stratum3, stratum4, stratum7"
8,14,"pir","pmm","mice detected that your data are (nearly) multi-collinear.
It applied a ridge penalty to continue calculations, but the results can be unstable.
Does your dataset contain duplicates, linear transformation, or factors with unique respondent names?"
8,14,"smoke","pmm","cycle2001, cycle2005, cycle2007, cycle2011, cycle2013, stratum2, stratum3, stratum4, stratum6"
8,14,"smoke","pmm","mice detected that your data are (nearly) multi-collinear.
It applied a ridge penalty to continue calculations, but the results can be unstable.
Does your dataset contain duplicates, linear transformation, or factors with unique respondent names?"
8,15,"education","pmm","cycle2001, cycle2003, cycle2007, cycle2009, cycle2011, cycle2015, stratum4, stratum5, stratum7"
8,15,"education","pmm","mice detected that your data are (nearly) multi-collinear.
It applied a ridge penalty to continue calculations, but the results can be unstable.
Does your dataset contain duplicates, linear transformation, or factors with unique respondent names?"
8,15,"pir","pmm","cycle2001, cycle2003, cycle2007, cycle2011, cycle2015, stratum2, stratum3, stratum4, stratum7"
8,15,"pir","pmm","mice detected that your data are (nearly) multi-collinear.
It applied a ridge penalty to continue calculations, but the results can be unstable.
Does your dataset contain duplicates, linear transformation, or factors with unique respondent names?"
8,15,"smoke","pmm","cycle2001, cycle2005, cycle2007, cycle2011, cycle2013, stratum2, stratum3, stratum4, stratum6"
8,15,"smoke","pmm","mice detected that your data are (nearly) multi-collinear.
It applied a ridge penalty to continue calculations, but the results can be unstable.
Does your dataset contain duplicates, linear transformation, or factors with unique respondent names?"
8,16,"education","pmm","cycle2001, cycle2003, cycle2007, cycle2009, cycle2011, cycle2015, stratum4, stratum5, stratum7"
8,16,"education","pmm","mice detected that your data are (nearly) multi-collinear.
It applied a ridge penalty to continue calculations, but the results can be unstable.
Does your dataset contain duplicates, linear transformation, or factors with unique respondent names?"
8,16,"pir","pmm","cycle2001, cycle2003, cycle2007, cycle2011, cycle2015, stratum2, stratum3, stratum4, stratum7"
8,16,"pir","pmm","mice detected that your data are (nearly) multi-collinear.
It applied a ridge penalty to continue calculations, but the results can be unstable.
Does your dataset contain duplicates, linear transformation, or factors with unique respondent names?"
8,16,"smoke","pmm","cycle2001, cycle2005, cycle2007, cycle2011, cycle2013, stratum2, stratum3, stratum4, stratum6"
8,16,"smoke","pmm","mice detected that your data are (nearly) multi-collinear.
It applied a ridge penalty to continue calculations, but the results can be unstable.
Does your dataset contain duplicates, linear transformation, or factors with unique respondent names?"
8,17,"education","pmm","cycle2001, cycle2003, cycle2007, cycle2009, cycle2011, cycle2015, stratum4, stratum5, stratum7"
8,17,"education","pmm","mice detected that your data are (nearly) multi-collinear.
It applied a ridge penalty to continue calculations, but the results can be unstable.
Does your dataset contain duplicates, linear transformation, or factors with unique respondent names?"
8,17,"pir","pmm","cycle2001, cycle2003, cycle2007, cycle2011, cycle2015, stratum2, stratum3, stratum4, stratum7"
8,17,"pir","pmm","mice detected that your data are (nearly) multi-collinear.
It applied a ridge penalty to continue calculations, but the results can be unstable.
Does your dataset contain duplicates, linear transformation, or factors with unique respondent names?"
8,17,"smoke","pmm","cycle2001, cycle2005, cycle2007, cycle2011, cycle2013, stratum2, stratum3, stratum4, stratum6"
8,17,"smoke","pmm","mice detected that your data are (nearly) multi-collinear.
It applied a ridge penalty to continue calculations, but the results can be unstable.
Does your dataset contain duplicates, linear transformation, or factors with unique respondent names?"
8,18,"education","pmm","cycle2001, cycle2003, cycle2007, cycle2009, cycle2011, cycle2015, stratum4, stratum5, stratum7"
8,18,"education","pmm","mice detected that your data are (nearly) multi-collinear.
It applied a ridge penalty to continue calculations, but the results can be unstable.
Does your dataset contain duplicates, linear transformation, or factors with unique respondent names?"
8,18,"pir","pmm","cycle2001, cycle2003, cycle2007, cycle2011, cycle2015, stratum2, stratum3, stratum4, stratum7"
8,18,"pir","pmm","mice detected that your data are (nearly) multi-collinear.
It applied a ridge penalty to continue calculations, but the results can be unstable.
Does your dataset contain duplicates, linear transformation, or factors with unique respondent names?"
8,18,"smoke","pmm","cycle2001, cycle2005, cycle2007, cycle2011, cycle2013, stratum2, stratum3, stratum4, stratum6"
8,18,"smoke","pmm","mice detected that your data are (nearly) multi-collinear.
It applied a ridge penalty to continue calculations, but the results can be unstable.
Does your dataset contain duplicates, linear transformation, or factors with unique respondent names?"
8,19,"education","pmm","cycle2001, cycle2003, cycle2007, cycle2009, cycle2011, cycle2015, stratum4, stratum5, stratum7"
8,19,"education","pmm","mice detected that your data are (nearly) multi-collinear.
It applied a ridge penalty to continue calculations, but the results can be unstable.
Does your dataset contain duplicates, linear transformation, or factors with unique respondent names?"
8,19,"pir","pmm","cycle2001, cycle2003, cycle2007, cycle2011, cycle2015, stratum2, stratum3, stratum4, stratum7"
8,19,"pir","pmm","mice detected that your data are (nearly) multi-collinear.
It applied a ridge penalty to continue calculations, but the results can be unstable.
Does your dataset contain duplicates, linear transformation, or factors with unique respondent names?"
8,19,"smoke","pmm","cycle2001, cycle2005, cycle2007, cycle2011, cycle2013, stratum2, stratum3, stratum4, stratum6"
8,19,"smoke","pmm","mice detected that your data are (nearly) multi-collinear.
It applied a ridge penalty to continue calculations, but the results can be unstable.
Does your dataset contain duplicates, linear transformation, or factors with unique respondent names?"
8,20,"education","pmm","cycle2001, cycle2003, cycle2007, cycle2009, cycle2011, cycle2015, stratum4, stratum5, stratum7"
8,20,"education","pmm","mice detected that your data are (nearly) multi-collinear.
It applied a ridge penalty to continue calculations, but the results can be unstable.
Does your dataset contain duplicates, linear transformation, or factors with unique respondent names?"
8,20,"pir","pmm","cycle2001, cycle2003, cycle2007, cycle2011, cycle2015, stratum2, stratum3, stratum4, stratum7"
8,20,"pir","pmm","mice detected that your data are (nearly) multi-collinear.
It applied a ridge penalty to continue calculations, but the results can be unstable.
Does your dataset contain duplicates, linear transformation, or factors with unique respondent names?"
8,20,"smoke","pmm","cycle2001, cycle2005, cycle2007, cycle2011, cycle2013, stratum2, stratum3, stratum4, stratum6"
8,20,"smoke","pmm","mice detected that your data are (nearly) multi-collinear.
It applied a ridge penalty to continue calculations, but the results can be unstable.
Does your dataset contain duplicates, linear transformation, or factors with unique respondent names?"
8,21,"education","pmm","cycle2001, cycle2003, cycle2007, cycle2009, cycle2011, cycle2015, stratum4, stratum5, stratum7"
8,21,"education","pmm","mice detected that your data are (nearly) multi-collinear.
It applied a ridge penalty to continue calculations, but the results can be unstable.
Does your dataset contain duplicates, linear transformation, or factors with unique respondent names?"
8,21,"pir","pmm","cycle2001, cycle2003, cycle2007, cycle2011, cycle2015, stratum2, stratum3, stratum4, stratum7"
8,21,"pir","pmm","mice detected that your data are (nearly) multi-collinear.
It applied a ridge penalty to continue calculations, but the results can be unstable.
Does your dataset contain duplicates, linear transformation, or factors with unique respondent names?"
8,21,"smoke","pmm","cycle2001, cycle2005, cycle2007, cycle2011, cycle2013, stratum2, stratum3, stratum4, stratum6"
8,21,"smoke","pmm","mice detected that your data are (nearly) multi-collinear.
It applied a ridge penalty to continue calculations, but the results can be unstable.
Does your dataset contain duplicates, linear transformation, or factors with unique respondent names?"
8,22,"education","pmm","cycle2001, cycle2003, cycle2007, cycle2009, cycle2011, cycle2015, stratum4, stratum5, stratum7"
8,22,"education","pmm","mice detected that your data are (nearly) multi-collinear.
It applied a ridge penalty to continue calculations, but the results can be unstable.
Does your dataset contain duplicates, linear transformation, or factors with unique respondent names?"
8,22,"pir","pmm","cycle2001, cycle2003, cycle2007, cycle2011, cycle2015, stratum2, stratum3, stratum4, stratum7"
8,22,"pir","pmm","mice detected that your data are (nearly) multi-collinear.
It applied a ridge penalty to continue calculations, but the results can be unstable.
Does your dataset contain duplicates, linear transformation, or factors with unique respondent names?"
8,22,"smoke","pmm","cycle2001, cycle2005, cycle2007, cycle2011, cycle2013, stratum2, stratum3, stratum4, stratum6"
8,22,"smoke","pmm","mice detected that your data are (nearly) multi-collinear.
It applied a ridge penalty to continue calculations, but the results can be unstable.
Does your dataset contain duplicates, linear transformation, or factors with unique respondent names?"
8,23,"education","pmm","cycle2001, cycle2003, cycle2007, cycle2009, cycle2011, cycle2015, stratum4, stratum5, stratum7"
8,23,"education","pmm","mice detected that your data are (nearly) multi-collinear.
It applied a ridge penalty to continue calculations, but the results can be unstable.
Does your dataset contain duplicates, linear transformation, or factors with unique respondent names?"
8,23,"pir","pmm","cycle2001, cycle2003, cycle2007, cycle2011, cycle2015, stratum2, stratum3, stratum4, stratum7"
8,23,"pir","pmm","mice detected that your data are (nearly) multi-collinear.
It applied a ridge penalty to continue calculations, but the results can be unstable.
Does your dataset contain duplicates, linear transformation, or factors with unique respondent names?"
8,23,"smoke","pmm","cycle2001, cycle2005, cycle2007, cycle2011, cycle2013, stratum2, stratum3, stratum4, stratum6"
8,23,"smoke","pmm","mice detected that your data are (nearly) multi-collinear.
It applied a ridge penalty to continue calculations, but the results can be unstable.
Does your dataset contain duplicates, linear transformation, or factors with unique respondent names?"
8,24,"education","pmm","cycle2001, cycle2003, cycle2007, cycle2009, cycle2011, cycle2015, stratum4, stratum5, stratum7"
8,24,"education","pmm","mice detected that your data are (nearly) multi-collinear.
It applied a ridge penalty to continue calculations, but the results can be unstable.
Does your dataset contain duplicates, linear transformation, or factors with unique respondent names?"
8,24,"pir","pmm","cycle2001, cycle2003, cycle2007, cycle2011, cycle2015, stratum2, stratum3, stratum4, stratum7"
8,24,"pir","pmm","mice detected that your data are (nearly) multi-collinear.
It applied a ridge penalty to continue calculations, but the results can be unstable.
Does your dataset contain duplicates, linear transformation, or factors with unique respondent names?"
8,24,"smoke","pmm","cycle2001, cycle2005, cycle2007, cycle2011, cycle2013, stratum2, stratum3, stratum4, stratum6"
8,24,"smoke","pmm","mice detected that your data are (nearly) multi-collinear.
It applied a ridge penalty to continue calculations, but the results can be unstable.
Does your dataset contain duplicates, linear transformation, or factors with unique respondent names?"
8,25,"education","pmm","cycle2001, cycle2003, cycle2007, cycle2009, cycle2011, cycle2015, stratum4, stratum5, stratum7"
8,25,"education","pmm","mice detected that your data are (nearly) multi-collinear.
It applied a ridge penalty to continue calculations, but the results can be unstable.
Does your dataset contain duplicates, linear transformation, or factors with unique respondent names?"
8,25,"pir","pmm","cycle2001, cycle2003, cycle2007, cycle2011, cycle2015, stratum2, stratum3, stratum4, stratum7"
8,25,"pir","pmm","mice detected that your data are (nearly) multi-collinear.
It applied a ridge penalty to continue calculations, but the results can be unstable.
Does your dataset contain duplicates, linear transformation, or factors with unique respondent names?"
8,25,"smoke","pmm","cycle2001, cycle2005, cycle2007, cycle2011, cycle2013, stratum2, stratum3, stratum4, stratum6"
8,25,"smoke","pmm","mice detected that your data are (nearly) multi-collinear.
It applied a ridge penalty to continue calculations, but the results can be unstable.
Does your dataset contain duplicates, linear transformation, or factors with unique respondent names?"
8,26,"education","pmm","cycle2001, cycle2003, cycle2007, cycle2009, cycle2011, cycle2015, stratum4, stratum5, stratum7"
8,26,"education","pmm","mice detected that your data are (nearly) multi-collinear.
It applied a ridge penalty to continue calculations, but the results can be unstable.
Does your dataset contain duplicates, linear transformation, or factors with unique respondent names?"
8,26,"pir","pmm","cycle2001, cycle2003, cycle2007, cycle2011, cycle2015, stratum2, stratum3, stratum4, stratum7"
8,26,"pir","pmm","mice detected that your data are (nearly) multi-collinear.
It applied a ridge penalty to continue calculations, but the results can be unstable.
Does your dataset contain duplicates, linear transformation, or factors with unique respondent names?"
8,26,"smoke","pmm","cycle2001, cycle2005, cycle2007, cycle2011, cycle2013, stratum2, stratum3, stratum4, stratum6"
8,26,"smoke","pmm","mice detected that your data are (nearly) multi-collinear.
It applied a ridge penalty to continue calculations, but the results can be unstable.
Does your dataset contain duplicates, linear transformation, or factors with unique respondent names?"
8,27,"education","pmm","cycle2001, cycle2003, cycle2007, cycle2009, cycle2011, cycle2015, stratum4, stratum5, stratum7"
8,27,"education","pmm","mice detected that your data are (nearly) multi-collinear.
It applied a ridge penalty to continue calculations, but the results can be unstable.
Does your dataset contain duplicates, linear transformation, or factors with unique respondent names?"
8,27,"pir","pmm","cycle2001, cycle2003, cycle2007, cycle2011, cycle2015, stratum2, stratum3, stratum4, stratum7"
8,27,"pir","pmm","mice detected that your data are (nearly) multi-collinear.
It applied a ridge penalty to continue calculations, but the results can be unstable.
Does your dataset contain duplicates, linear transformation, or factors with unique respondent names?"
8,27,"smoke","pmm","cycle2001, cycle2005, cycle2007, cycle2011, cycle2013, stratum2, stratum3, stratum4, stratum6"
8,27,"smoke","pmm","mice detected that your data are (nearly) multi-collinear.
It applied a ridge penalty to continue calculations, but the results can be unstable.
Does your dataset contain duplicates, linear transformation, or factors with unique respondent names?"
8,28,"education","pmm","cycle2001, cycle2003, cycle2007, cycle2009, cycle2011, cycle2015, stratum4, stratum5, stratum7"
8,28,"education","pmm","mice detected that your data are (nearly) multi-collinear.
It applied a ridge penalty to continue calculations, but the results can be unstable.
Does your dataset contain duplicates, linear transformation, or factors with unique respondent names?"
8,28,"pir","pmm","cycle2001, cycle2003, cycle2007, cycle2011, cycle2015, stratum2, stratum3, stratum4, stratum7"
8,28,"pir","pmm","mice detected that your data are (nearly) multi-collinear.
It applied a ridge penalty to continue calculations, but the results can be unstable.
Does your dataset contain duplicates, linear transformation, or factors with unique respondent names?"
8,28,"smoke","pmm","cycle2001, cycle2005, cycle2007, cycle2011, cycle2013, stratum2, stratum3, stratum4, stratum6"
8,28,"smoke","pmm","mice detected that your data are (nearly) multi-collinear.
It applied a ridge penalty to continue calculations, but the results can be unstable.
Does your dataset contain duplicates, linear transformation, or factors with unique respondent names?"
8,29,"education","pmm","cycle2001, cycle2003, cycle2007, cycle2009, cycle2011, cycle2015, stratum4, stratum5, stratum7"
8,29,"education","pmm","mice detected that your data are (nearly) multi-collinear.
It applied a ridge penalty to continue calculations, but the results can be unstable.
Does your dataset contain duplicates, linear transformation, or factors with unique respondent names?"
8,29,"pir","pmm","cycle2001, cycle2003, cycle2007, cycle2011, cycle2015, stratum2, stratum3, stratum4, stratum7"
8,29,"pir","pmm","mice detected that your data are (nearly) multi-collinear.
It applied a ridge penalty to continue calculations, but the results can be unstable.
Does your dataset contain duplicates, linear transformation, or factors with unique respondent names?"
8,29,"smoke","pmm","cycle2001, cycle2005, cycle2007, cycle2011, cycle2013, stratum2, stratum3, stratum4, stratum6"
8,29,"smoke","pmm","mice detected that your data are (nearly) multi-collinear.
It applied a ridge penalty to continue calculations, but the results can be unstable.
Does your dataset contain duplicates, linear transformation, or factors with unique respondent names?"
8,30,"education","pmm","cycle2001, cycle2003, cycle2007, cycle2009, cycle2011, cycle2015, stratum4, stratum5, stratum7"
8,30,"education","pmm","mice detected that your data are (nearly) multi-collinear.
It applied a ridge penalty to continue calculations, but the results can be unstable.
Does your dataset contain duplicates, linear transformation, or factors with unique respondent names?"
8,30,"pir","pmm","cycle2001, cycle2003, cycle2007, cycle2011, cycle2015, stratum2, stratum3, stratum4, stratum7"
8,30,"pir","pmm","mice detected that your data are (nearly) multi-collinear.
It applied a ridge penalty to continue calculations, but the results can be unstable.
Does your dataset contain duplicates, linear transformation, or factors with unique respondent names?"
8,30,"smoke","pmm","cycle2001, cycle2005, cycle2007, cycle2011, cycle2013, stratum2, stratum3, stratum4, stratum6"
8,30,"smoke","pmm","mice detected that your data are (nearly) multi-collinear.
It applied a ridge penalty to continue calculations, but the results can be unstable.
Does your dataset contain duplicates, linear transformation, or factors with unique respondent names?"
9,1,"education","pmm","cycle2001, cycle2003, cycle2007, cycle2009, cycle2011, cycle2015, stratum4, stratum5, stratum7"
9,1,"education","pmm","mice detected that your data are (nearly) multi-collinear.
It applied a ridge penalty to continue calculations, but the results can be unstable.
Does your dataset contain duplicates, linear transformation, or factors with unique respondent names?"
9,1,"pir","pmm","cycle2001, cycle2003, cycle2007, cycle2011, cycle2015, stratum2, stratum3, stratum4, stratum7"
9,1,"pir","pmm","mice detected that your data are (nearly) multi-collinear.
It applied a ridge penalty to continue calculations, but the results can be unstable.
Does your dataset contain duplicates, linear transformation, or factors with unique respondent names?"
9,1,"smoke","pmm","cycle2001, cycle2005, cycle2007, cycle2011, cycle2013, stratum2, stratum3, stratum4, stratum6"
9,1,"smoke","pmm","mice detected that your data are (nearly) multi-collinear.
It applied a ridge penalty to continue calculations, but the results can be unstable.
Does your dataset contain duplicates, linear transformation, or factors with unique respondent names?"
9,2,"education","pmm","cycle2001, cycle2003, cycle2007, cycle2009, cycle2011, cycle2015, stratum4, stratum5, stratum7"
9,2,"education","pmm","mice detected that your data are (nearly) multi-collinear.
It applied a ridge penalty to continue calculations, but the results can be unstable.
Does your dataset contain duplicates, linear transformation, or factors with unique respondent names?"
9,2,"pir","pmm","cycle2001, cycle2003, cycle2007, cycle2011, cycle2015, stratum2, stratum3, stratum4, stratum7"
9,2,"pir","pmm","mice detected that your data are (nearly) multi-collinear.
It applied a ridge penalty to continue calculations, but the results can be unstable.
Does your dataset contain duplicates, linear transformation, or factors with unique respondent names?"
9,2,"smoke","pmm","cycle2001, cycle2005, cycle2007, cycle2011, cycle2013, stratum2, stratum3, stratum4, stratum6"
9,2,"smoke","pmm","mice detected that your data are (nearly) multi-collinear.
It applied a ridge penalty to continue calculations, but the results can be unstable.
Does your dataset contain duplicates, linear transformation, or factors with unique respondent names?"
9,3,"education","pmm","cycle2001, cycle2003, cycle2007, cycle2009, cycle2011, cycle2015, stratum4, stratum5, stratum7"
9,3,"education","pmm","mice detected that your data are (nearly) multi-collinear.
It applied a ridge penalty to continue calculations, but the results can be unstable.
Does your dataset contain duplicates, linear transformation, or factors with unique respondent names?"
9,3,"pir","pmm","cycle2001, cycle2003, cycle2007, cycle2011, cycle2015, stratum2, stratum3, stratum4, stratum7"
9,3,"pir","pmm","mice detected that your data are (nearly) multi-collinear.
It applied a ridge penalty to continue calculations, but the results can be unstable.
Does your dataset contain duplicates, linear transformation, or factors with unique respondent names?"
9,3,"smoke","pmm","cycle2001, cycle2005, cycle2007, cycle2011, cycle2013, stratum2, stratum3, stratum4, stratum6"
9,3,"smoke","pmm","mice detected that your data are (nearly) multi-collinear.
It applied a ridge penalty to continue calculations, but the results can be unstable.
Does your dataset contain duplicates, linear transformation, or factors with unique respondent names?"
9,4,"education","pmm","cycle2001, cycle2003, cycle2007, cycle2009, cycle2011, cycle2015, stratum4, stratum5, stratum7"
9,4,"education","pmm","mice detected that your data are (nearly) multi-collinear.
It applied a ridge penalty to continue calculations, but the results can be unstable.
Does your dataset contain duplicates, linear transformation, or factors with unique respondent names?"
9,4,"pir","pmm","cycle2001, cycle2003, cycle2007, cycle2011, cycle2015, stratum2, stratum3, stratum4, stratum7"
9,4,"pir","pmm","mice detected that your data are (nearly) multi-collinear.
It applied a ridge penalty to continue calculations, but the results can be unstable.
Does your dataset contain duplicates, linear transformation, or factors with unique respondent names?"
9,4,"smoke","pmm","cycle2001, cycle2005, cycle2007, cycle2011, cycle2013, stratum2, stratum3, stratum4, stratum6"
9,4,"smoke","pmm","mice detected that your data are (nearly) multi-collinear.
It applied a ridge penalty to continue calculations, but the results can be unstable.
Does your dataset contain duplicates, linear transformation, or factors with unique respondent names?"
9,5,"education","pmm","cycle2001, cycle2003, cycle2007, cycle2009, cycle2011, cycle2015, stratum4, stratum5, stratum7"
9,5,"education","pmm","mice detected that your data are (nearly) multi-collinear.
It applied a ridge penalty to continue calculations, but the results can be unstable.
Does your dataset contain duplicates, linear transformation, or factors with unique respondent names?"
9,5,"pir","pmm","cycle2001, cycle2003, cycle2007, cycle2011, cycle2015, stratum2, stratum3, stratum4, stratum7"
9,5,"pir","pmm","mice detected that your data are (nearly) multi-collinear.
It applied a ridge penalty to continue calculations, but the results can be unstable.
Does your dataset contain duplicates, linear transformation, or factors with unique respondent names?"
9,5,"smoke","pmm","cycle2001, cycle2005, cycle2007, cycle2011, cycle2013, stratum2, stratum3, stratum4, stratum6"
9,5,"smoke","pmm","mice detected that your data are (nearly) multi-collinear.
It applied a ridge penalty to continue calculations, but the results can be unstable.
Does your dataset contain duplicates, linear transformation, or factors with unique respondent names?"
9,6,"education","pmm","cycle2001, cycle2003, cycle2007, cycle2009, cycle2011, cycle2015, stratum4, stratum5, stratum7"
9,6,"education","pmm","mice detected that your data are (nearly) multi-collinear.
It applied a ridge penalty to continue calculations, but the results can be unstable.
Does your dataset contain duplicates, linear transformation, or factors with unique respondent names?"
9,6,"pir","pmm","cycle2001, cycle2003, cycle2007, cycle2011, cycle2015, stratum2, stratum3, stratum4, stratum7"
9,6,"pir","pmm","mice detected that your data are (nearly) multi-collinear.
It applied a ridge penalty to continue calculations, but the results can be unstable.
Does your dataset contain duplicates, linear transformation, or factors with unique respondent names?"
9,6,"smoke","pmm","cycle2001, cycle2005, cycle2007, cycle2011, cycle2013, stratum2, stratum3, stratum4, stratum6"
9,6,"smoke","pmm","mice detected that your data are (nearly) multi-collinear.
It applied a ridge penalty to continue calculations, but the results can be unstable.
Does your dataset contain duplicates, linear transformation, or factors with unique respondent names?"
9,7,"education","pmm","cycle2001, cycle2003, cycle2007, cycle2009, cycle2011, cycle2015, stratum4, stratum5, stratum7"
9,7,"education","pmm","mice detected that your data are (nearly) multi-collinear.
It applied a ridge penalty to continue calculations, but the results can be unstable.
Does your dataset contain duplicates, linear transformation, or factors with unique respondent names?"
9,7,"pir","pmm","cycle2001, cycle2003, cycle2007, cycle2011, cycle2015, stratum2, stratum3, stratum4, stratum7"
9,7,"pir","pmm","mice detected that your data are (nearly) multi-collinear.
It applied a ridge penalty to continue calculations, but the results can be unstable.
Does your dataset contain duplicates, linear transformation, or factors with unique respondent names?"
9,7,"smoke","pmm","cycle2001, cycle2005, cycle2007, cycle2011, cycle2013, stratum2, stratum3, stratum4, stratum6"
9,7,"smoke","pmm","mice detected that your data are (nearly) multi-collinear.
It applied a ridge penalty to continue calculations, but the results can be unstable.
Does your dataset contain duplicates, linear transformation, or factors with unique respondent names?"
9,8,"education","pmm","cycle2001, cycle2003, cycle2007, cycle2009, cycle2011, cycle2015, stratum4, stratum5, stratum7"
9,8,"education","pmm","mice detected that your data are (nearly) multi-collinear.
It applied a ridge penalty to continue calculations, but the results can be unstable.
Does your dataset contain duplicates, linear transformation, or factors with unique respondent names?"
9,8,"pir","pmm","cycle2001, cycle2003, cycle2007, cycle2011, cycle2015, stratum2, stratum3, stratum4, stratum7"
9,8,"pir","pmm","mice detected that your data are (nearly) multi-collinear.
It applied a ridge penalty to continue calculations, but the results can be unstable.
Does your dataset contain duplicates, linear transformation, or factors with unique respondent names?"
9,8,"smoke","pmm","cycle2001, cycle2005, cycle2007, cycle2011, cycle2013, stratum2, stratum3, stratum4, stratum6"
9,8,"smoke","pmm","mice detected that your data are (nearly) multi-collinear.
It applied a ridge penalty to continue calculations, but the results can be unstable.
Does your dataset contain duplicates, linear transformation, or factors with unique respondent names?"
9,9,"education","pmm","cycle2001, cycle2003, cycle2007, cycle2009, cycle2011, cycle2015, stratum4, stratum5, stratum7"
9,9,"education","pmm","mice detected that your data are (nearly) multi-collinear.
It applied a ridge penalty to continue calculations, but the results can be unstable.
Does your dataset contain duplicates, linear transformation, or factors with unique respondent names?"
9,9,"pir","pmm","cycle2001, cycle2003, cycle2007, cycle2011, cycle2015, stratum2, stratum3, stratum4, stratum7"
9,9,"pir","pmm","mice detected that your data are (nearly) multi-collinear.
It applied a ridge penalty to continue calculations, but the results can be unstable.
Does your dataset contain duplicates, linear transformation, or factors with unique respondent names?"
9,9,"smoke","pmm","cycle2001, cycle2005, cycle2007, cycle2011, cycle2013, stratum2, stratum3, stratum4, stratum6"
9,9,"smoke","pmm","mice detected that your data are (nearly) multi-collinear.
It applied a ridge penalty to continue calculations, but the results can be unstable.
Does your dataset contain duplicates, linear transformation, or factors with unique respondent names?"
9,10,"education","pmm","cycle2001, cycle2003, cycle2007, cycle2009, cycle2011, cycle2015, stratum4, stratum5, stratum7"
9,10,"education","pmm","mice detected that your data are (nearly) multi-collinear.
It applied a ridge penalty to continue calculations, but the results can be unstable.
Does your dataset contain duplicates, linear transformation, or factors with unique respondent names?"
9,10,"pir","pmm","cycle2001, cycle2003, cycle2007, cycle2011, cycle2015, stratum2, stratum3, stratum4, stratum7"
9,10,"pir","pmm","mice detected that your data are (nearly) multi-collinear.
It applied a ridge penalty to continue calculations, but the results can be unstable.
Does your dataset contain duplicates, linear transformation, or factors with unique respondent names?"
9,10,"smoke","pmm","cycle2001, cycle2005, cycle2007, cycle2011, cycle2013, stratum2, stratum3, stratum4, stratum6"
9,10,"smoke","pmm","mice detected that your data are (nearly) multi-collinear.
It applied a ridge penalty to continue calculations, but the results can be unstable.
Does your dataset contain duplicates, linear transformation, or factors with unique respondent names?"
9,11,"education","pmm","cycle2001, cycle2003, cycle2007, cycle2009, cycle2011, cycle2015, stratum4, stratum5, stratum7"
9,11,"education","pmm","mice detected that your data are (nearly) multi-collinear.
It applied a ridge penalty to continue calculations, but the results can be unstable.
Does your dataset contain duplicates, linear transformation, or factors with unique respondent names?"
9,11,"pir","pmm","cycle2001, cycle2003, cycle2007, cycle2011, cycle2015, stratum2, stratum3, stratum4, stratum7"
9,11,"pir","pmm","mice detected that your data are (nearly) multi-collinear.
It applied a ridge penalty to continue calculations, but the results can be unstable.
Does your dataset contain duplicates, linear transformation, or factors with unique respondent names?"
9,11,"smoke","pmm","cycle2001, cycle2005, cycle2007, cycle2011, cycle2013, stratum2, stratum3, stratum4, stratum6"
9,11,"smoke","pmm","mice detected that your data are (nearly) multi-collinear.
It applied a ridge penalty to continue calculations, but the results can be unstable.
Does your dataset contain duplicates, linear transformation, or factors with unique respondent names?"
9,12,"education","pmm","cycle2001, cycle2003, cycle2007, cycle2009, cycle2011, cycle2015, stratum4, stratum5, stratum7"
9,12,"education","pmm","mice detected that your data are (nearly) multi-collinear.
It applied a ridge penalty to continue calculations, but the results can be unstable.
Does your dataset contain duplicates, linear transformation, or factors with unique respondent names?"
9,12,"pir","pmm","cycle2001, cycle2003, cycle2007, cycle2011, cycle2015, stratum2, stratum3, stratum4, stratum7"
9,12,"pir","pmm","mice detected that your data are (nearly) multi-collinear.
It applied a ridge penalty to continue calculations, but the results can be unstable.
Does your dataset contain duplicates, linear transformation, or factors with unique respondent names?"
9,12,"smoke","pmm","cycle2001, cycle2005, cycle2007, cycle2011, cycle2013, stratum2, stratum3, stratum4, stratum6"
9,12,"smoke","pmm","mice detected that your data are (nearly) multi-collinear.
It applied a ridge penalty to continue calculations, but the results can be unstable.
Does your dataset contain duplicates, linear transformation, or factors with unique respondent names?"
9,13,"education","pmm","cycle2001, cycle2003, cycle2007, cycle2009, cycle2011, cycle2015, stratum4, stratum5, stratum7"
9,13,"education","pmm","mice detected that your data are (nearly) multi-collinear.
It applied a ridge penalty to continue calculations, but the results can be unstable.
Does your dataset contain duplicates, linear transformation, or factors with unique respondent names?"
9,13,"pir","pmm","cycle2001, cycle2003, cycle2007, cycle2011, cycle2015, stratum2, stratum3, stratum4, stratum7"
9,13,"pir","pmm","mice detected that your data are (nearly) multi-collinear.
It applied a ridge penalty to continue calculations, but the results can be unstable.
Does your dataset contain duplicates, linear transformation, or factors with unique respondent names?"
9,13,"smoke","pmm","cycle2001, cycle2005, cycle2007, cycle2011, cycle2013, stratum2, stratum3, stratum4, stratum6"
9,13,"smoke","pmm","mice detected that your data are (nearly) multi-collinear.
It applied a ridge penalty to continue calculations, but the results can be unstable.
Does your dataset contain duplicates, linear transformation, or factors with unique respondent names?"
9,14,"education","pmm","cycle2001, cycle2003, cycle2007, cycle2009, cycle2011, cycle2015, stratum4, stratum5, stratum7"
9,14,"education","pmm","mice detected that your data are (nearly) multi-collinear.
It applied a ridge penalty to continue calculations, but the results can be unstable.
Does your dataset contain duplicates, linear transformation, or factors with unique respondent names?"
9,14,"pir","pmm","cycle2001, cycle2003, cycle2007, cycle2011, cycle2015, stratum2, stratum3, stratum4, stratum7"
9,14,"pir","pmm","mice detected that your data are (nearly) multi-collinear.
It applied a ridge penalty to continue calculations, but the results can be unstable.
Does your dataset contain duplicates, linear transformation, or factors with unique respondent names?"
9,14,"smoke","pmm","cycle2001, cycle2005, cycle2007, cycle2011, cycle2013, stratum2, stratum3, stratum4, stratum6"
9,14,"smoke","pmm","mice detected that your data are (nearly) multi-collinear.
It applied a ridge penalty to continue calculations, but the results can be unstable.
Does your dataset contain duplicates, linear transformation, or factors with unique respondent names?"
9,15,"education","pmm","cycle2001, cycle2003, cycle2007, cycle2009, cycle2011, cycle2015, stratum4, stratum5, stratum7"
9,15,"education","pmm","mice detected that your data are (nearly) multi-collinear.
It applied a ridge penalty to continue calculations, but the results can be unstable.
Does your dataset contain duplicates, linear transformation, or factors with unique respondent names?"
9,15,"pir","pmm","cycle2001, cycle2003, cycle2007, cycle2011, cycle2015, stratum2, stratum3, stratum4, stratum7"
9,15,"pir","pmm","mice detected that your data are (nearly) multi-collinear.
It applied a ridge penalty to continue calculations, but the results can be unstable.
Does your dataset contain duplicates, linear transformation, or factors with unique respondent names?"
9,15,"smoke","pmm","cycle2001, cycle2005, cycle2007, cycle2011, cycle2013, stratum2, stratum3, stratum4, stratum6"
9,15,"smoke","pmm","mice detected that your data are (nearly) multi-collinear.
It applied a ridge penalty to continue calculations, but the results can be unstable.
Does your dataset contain duplicates, linear transformation, or factors with unique respondent names?"
9,16,"education","pmm","cycle2001, cycle2003, cycle2007, cycle2009, cycle2011, cycle2015, stratum4, stratum5, stratum7"
9,16,"education","pmm","mice detected that your data are (nearly) multi-collinear.
It applied a ridge penalty to continue calculations, but the results can be unstable.
Does your dataset contain duplicates, linear transformation, or factors with unique respondent names?"
9,16,"pir","pmm","cycle2001, cycle2003, cycle2007, cycle2011, cycle2015, stratum2, stratum3, stratum4, stratum7"
9,16,"pir","pmm","mice detected that your data are (nearly) multi-collinear.
It applied a ridge penalty to continue calculations, but the results can be unstable.
Does your dataset contain duplicates, linear transformation, or factors with unique respondent names?"
9,16,"smoke","pmm","cycle2001, cycle2005, cycle2007, cycle2011, cycle2013, stratum2, stratum3, stratum4, stratum6"
9,16,"smoke","pmm","mice detected that your data are (nearly) multi-collinear.
It applied a ridge penalty to continue calculations, but the results can be unstable.
Does your dataset contain duplicates, linear transformation, or factors with unique respondent names?"
9,17,"education","pmm","cycle2001, cycle2003, cycle2007, cycle2009, cycle2011, cycle2015, stratum4, stratum5, stratum7"
9,17,"education","pmm","mice detected that your data are (nearly) multi-collinear.
It applied a ridge penalty to continue calculations, but the results can be unstable.
Does your dataset contain duplicates, linear transformation, or factors with unique respondent names?"
9,17,"pir","pmm","cycle2001, cycle2003, cycle2007, cycle2011, cycle2015, stratum2, stratum3, stratum4, stratum7"
9,17,"pir","pmm","mice detected that your data are (nearly) multi-collinear.
It applied a ridge penalty to continue calculations, but the results can be unstable.
Does your dataset contain duplicates, linear transformation, or factors with unique respondent names?"
9,17,"smoke","pmm","cycle2001, cycle2005, cycle2007, cycle2011, cycle2013, stratum2, stratum3, stratum4, stratum6"
9,17,"smoke","pmm","mice detected that your data are (nearly) multi-collinear.
It applied a ridge penalty to continue calculations, but the results can be unstable.
Does your dataset contain duplicates, linear transformation, or factors with unique respondent names?"
9,18,"education","pmm","cycle2001, cycle2003, cycle2007, cycle2009, cycle2011, cycle2015, stratum4, stratum5, stratum7"
9,18,"education","pmm","mice detected that your data are (nearly) multi-collinear.
It applied a ridge penalty to continue calculations, but the results can be unstable.
Does your dataset contain duplicates, linear transformation, or factors with unique respondent names?"
9,18,"pir","pmm","cycle2001, cycle2003, cycle2007, cycle2011, cycle2015, stratum2, stratum3, stratum4, stratum7"
9,18,"pir","pmm","mice detected that your data are (nearly) multi-collinear.
It applied a ridge penalty to continue calculations, but the results can be unstable.
Does your dataset contain duplicates, linear transformation, or factors with unique respondent names?"
9,18,"smoke","pmm","cycle2001, cycle2005, cycle2007, cycle2011, cycle2013, stratum2, stratum3, stratum4, stratum6"
9,18,"smoke","pmm","mice detected that your data are (nearly) multi-collinear.
It applied a ridge penalty to continue calculations, but the results can be unstable.
Does your dataset contain duplicates, linear transformation, or factors with unique respondent names?"
9,19,"education","pmm","cycle2001, cycle2003, cycle2007, cycle2009, cycle2011, cycle2015, stratum4, stratum5, stratum7"
9,19,"education","pmm","mice detected that your data are (nearly) multi-collinear.
It applied a ridge penalty to continue calculations, but the results can be unstable.
Does your dataset contain duplicates, linear transformation, or factors with unique respondent names?"
9,19,"pir","pmm","cycle2001, cycle2003, cycle2007, cycle2011, cycle2015, stratum2, stratum3, stratum4, stratum7"
9,19,"pir","pmm","mice detected that your data are (nearly) multi-collinear.
It applied a ridge penalty to continue calculations, but the results can be unstable.
Does your dataset contain duplicates, linear transformation, or factors with unique respondent names?"
9,19,"smoke","pmm","cycle2001, cycle2005, cycle2007, cycle2011, cycle2013, stratum2, stratum3, stratum4, stratum6"
9,19,"smoke","pmm","mice detected that your data are (nearly) multi-collinear.
It applied a ridge penalty to continue calculations, but the results can be unstable.
Does your dataset contain duplicates, linear transformation, or factors with unique respondent names?"
9,20,"education","pmm","cycle2001, cycle2003, cycle2007, cycle2009, cycle2011, cycle2015, stratum4, stratum5, stratum7"
9,20,"education","pmm","mice detected that your data are (nearly) multi-collinear.
It applied a ridge penalty to continue calculations, but the results can be unstable.
Does your dataset contain duplicates, linear transformation, or factors with unique respondent names?"
9,20,"pir","pmm","cycle2001, cycle2003, cycle2007, cycle2011, cycle2015, stratum2, stratum3, stratum4, stratum7"
9,20,"pir","pmm","mice detected that your data are (nearly) multi-collinear.
It applied a ridge penalty to continue calculations, but the results can be unstable.
Does your dataset contain duplicates, linear transformation, or factors with unique respondent names?"
9,20,"smoke","pmm","cycle2001, cycle2005, cycle2007, cycle2011, cycle2013, stratum2, stratum3, stratum4, stratum6"
9,20,"smoke","pmm","mice detected that your data are (nearly) multi-collinear.
It applied a ridge penalty to continue calculations, but the results can be unstable.
Does your dataset contain duplicates, linear transformation, or factors with unique respondent names?"
9,21,"education","pmm","cycle2001, cycle2003, cycle2007, cycle2009, cycle2011, cycle2015, stratum4, stratum5, stratum7"
9,21,"education","pmm","mice detected that your data are (nearly) multi-collinear.
It applied a ridge penalty to continue calculations, but the results can be unstable.
Does your dataset contain duplicates, linear transformation, or factors with unique respondent names?"
9,21,"pir","pmm","cycle2001, cycle2003, cycle2007, cycle2011, cycle2015, stratum2, stratum3, stratum4, stratum7"
9,21,"pir","pmm","mice detected that your data are (nearly) multi-collinear.
It applied a ridge penalty to continue calculations, but the results can be unstable.
Does your dataset contain duplicates, linear transformation, or factors with unique respondent names?"
9,21,"smoke","pmm","cycle2001, cycle2005, cycle2007, cycle2011, cycle2013, stratum2, stratum3, stratum4, stratum6"
9,21,"smoke","pmm","mice detected that your data are (nearly) multi-collinear.
It applied a ridge penalty to continue calculations, but the results can be unstable.
Does your dataset contain duplicates, linear transformation, or factors with unique respondent names?"
9,22,"education","pmm","cycle2001, cycle2003, cycle2007, cycle2009, cycle2011, cycle2015, stratum4, stratum5, stratum7"
9,22,"education","pmm","mice detected that your data are (nearly) multi-collinear.
It applied a ridge penalty to continue calculations, but the results can be unstable.
Does your dataset contain duplicates, linear transformation, or factors with unique respondent names?"
9,22,"pir","pmm","cycle2001, cycle2003, cycle2007, cycle2011, cycle2015, stratum2, stratum3, stratum4, stratum7"
9,22,"pir","pmm","mice detected that your data are (nearly) multi-collinear.
It applied a ridge penalty to continue calculations, but the results can be unstable.
Does your dataset contain duplicates, linear transformation, or factors with unique respondent names?"
9,22,"smoke","pmm","cycle2001, cycle2005, cycle2007, cycle2011, cycle2013, stratum2, stratum3, stratum4, stratum6"
9,22,"smoke","pmm","mice detected that your data are (nearly) multi-collinear.
It applied a ridge penalty to continue calculations, but the results can be unstable.
Does your dataset contain duplicates, linear transformation, or factors with unique respondent names?"
9,23,"education","pmm","cycle2001, cycle2003, cycle2007, cycle2009, cycle2011, cycle2015, stratum4, stratum5, stratum7"
9,23,"education","pmm","mice detected that your data are (nearly) multi-collinear.
It applied a ridge penalty to continue calculations, but the results can be unstable.
Does your dataset contain duplicates, linear transformation, or factors with unique respondent names?"
9,23,"pir","pmm","cycle2001, cycle2003, cycle2007, cycle2011, cycle2015, stratum2, stratum3, stratum4, stratum7"
9,23,"pir","pmm","mice detected that your data are (nearly) multi-collinear.
It applied a ridge penalty to continue calculations, but the results can be unstable.
Does your dataset contain duplicates, linear transformation, or factors with unique respondent names?"
9,23,"smoke","pmm","cycle2001, cycle2005, cycle2007, cycle2011, cycle2013, stratum2, stratum3, stratum4, stratum6"
9,23,"smoke","pmm","mice detected that your data are (nearly) multi-collinear.
It applied a ridge penalty to continue calculations, but the results can be unstable.
Does your dataset contain duplicates, linear transformation, or factors with unique respondent names?"
9,24,"education","pmm","cycle2001, cycle2003, cycle2007, cycle2009, cycle2011, cycle2015, stratum4, stratum5, stratum7"
9,24,"education","pmm","mice detected that your data are (nearly) multi-collinear.
It applied a ridge penalty to continue calculations, but the results can be unstable.
Does your dataset contain duplicates, linear transformation, or factors with unique respondent names?"
9,24,"pir","pmm","cycle2001, cycle2003, cycle2007, cycle2011, cycle2015, stratum2, stratum3, stratum4, stratum7"
9,24,"pir","pmm","mice detected that your data are (nearly) multi-collinear.
It applied a ridge penalty to continue calculations, but the results can be unstable.
Does your dataset contain duplicates, linear transformation, or factors with unique respondent names?"
9,24,"smoke","pmm","cycle2001, cycle2005, cycle2007, cycle2011, cycle2013, stratum2, stratum3, stratum4, stratum6"
9,24,"smoke","pmm","mice detected that your data are (nearly) multi-collinear.
It applied a ridge penalty to continue calculations, but the results can be unstable.
Does your dataset contain duplicates, linear transformation, or factors with unique respondent names?"
9,25,"education","pmm","cycle2001, cycle2003, cycle2007, cycle2009, cycle2011, cycle2015, stratum4, stratum5, stratum7"
9,25,"education","pmm","mice detected that your data are (nearly) multi-collinear.
It applied a ridge penalty to continue calculations, but the results can be unstable.
Does your dataset contain duplicates, linear transformation, or factors with unique respondent names?"
9,25,"pir","pmm","cycle2001, cycle2003, cycle2007, cycle2011, cycle2015, stratum2, stratum3, stratum4, stratum7"
9,25,"pir","pmm","mice detected that your data are (nearly) multi-collinear.
It applied a ridge penalty to continue calculations, but the results can be unstable.
Does your dataset contain duplicates, linear transformation, or factors with unique respondent names?"
9,25,"smoke","pmm","cycle2001, cycle2005, cycle2007, cycle2011, cycle2013, stratum2, stratum3, stratum4, stratum6"
9,25,"smoke","pmm","mice detected that your data are (nearly) multi-collinear.
It applied a ridge penalty to continue calculations, but the results can be unstable.
Does your dataset contain duplicates, linear transformation, or factors with unique respondent names?"
9,26,"education","pmm","cycle2001, cycle2003, cycle2007, cycle2009, cycle2011, cycle2015, stratum4, stratum5, stratum7"
9,26,"education","pmm","mice detected that your data are (nearly) multi-collinear.
It applied a ridge penalty to continue calculations, but the results can be unstable.
Does your dataset contain duplicates, linear transformation, or factors with unique respondent names?"
9,26,"pir","pmm","cycle2001, cycle2003, cycle2007, cycle2011, cycle2015, stratum2, stratum3, stratum4, stratum7"
9,26,"pir","pmm","mice detected that your data are (nearly) multi-collinear.
It applied a ridge penalty to continue calculations, but the results can be unstable.
Does your dataset contain duplicates, linear transformation, or factors with unique respondent names?"
9,26,"smoke","pmm","cycle2001, cycle2005, cycle2007, cycle2011, cycle2013, stratum2, stratum3, stratum4, stratum6"
9,26,"smoke","pmm","mice detected that your data are (nearly) multi-collinear.
It applied a ridge penalty to continue calculations, but the results can be unstable.
Does your dataset contain duplicates, linear transformation, or factors with unique respondent names?"
9,27,"education","pmm","cycle2001, cycle2003, cycle2007, cycle2009, cycle2011, cycle2015, stratum4, stratum5, stratum7"
9,27,"education","pmm","mice detected that your data are (nearly) multi-collinear.
It applied a ridge penalty to continue calculations, but the results can be unstable.
Does your dataset contain duplicates, linear transformation, or factors with unique respondent names?"
9,27,"pir","pmm","cycle2001, cycle2003, cycle2007, cycle2011, cycle2015, stratum2, stratum3, stratum4, stratum7"
9,27,"pir","pmm","mice detected that your data are (nearly) multi-collinear.
It applied a ridge penalty to continue calculations, but the results can be unstable.
Does your dataset contain duplicates, linear transformation, or factors with unique respondent names?"
9,27,"smoke","pmm","cycle2001, cycle2005, cycle2007, cycle2011, cycle2013, stratum2, stratum3, stratum4, stratum6"
9,27,"smoke","pmm","mice detected that your data are (nearly) multi-collinear.
It applied a ridge penalty to continue calculations, but the results can be unstable.
Does your dataset contain duplicates, linear transformation, or factors with unique respondent names?"
9,28,"education","pmm","cycle2001, cycle2003, cycle2007, cycle2009, cycle2011, cycle2015, stratum4, stratum5, stratum7"
9,28,"education","pmm","mice detected that your data are (nearly) multi-collinear.
It applied a ridge penalty to continue calculations, but the results can be unstable.
Does your dataset contain duplicates, linear transformation, or factors with unique respondent names?"
9,28,"pir","pmm","cycle2001, cycle2003, cycle2007, cycle2011, cycle2015, stratum2, stratum3, stratum4, stratum7"
9,28,"pir","pmm","mice detected that your data are (nearly) multi-collinear.
It applied a ridge penalty to continue calculations, but the results can be unstable.
Does your dataset contain duplicates, linear transformation, or factors with unique respondent names?"
9,28,"smoke","pmm","cycle2001, cycle2005, cycle2007, cycle2011, cycle2013, stratum2, stratum3, stratum4, stratum6"
9,28,"smoke","pmm","mice detected that your data are (nearly) multi-collinear.
It applied a ridge penalty to continue calculations, but the results can be unstable.
Does your dataset contain duplicates, linear transformation, or factors with unique respondent names?"
9,29,"education","pmm","cycle2001, cycle2003, cycle2007, cycle2009, cycle2011, cycle2015, stratum4, stratum5, stratum7"
9,29,"education","pmm","mice detected that your data are (nearly) multi-collinear.
It applied a ridge penalty to continue calculations, but the results can be unstable.
Does your dataset contain duplicates, linear transformation, or factors with unique respondent names?"
9,29,"pir","pmm","cycle2001, cycle2003, cycle2007, cycle2011, cycle2015, stratum2, stratum3, stratum4, stratum7"
9,29,"pir","pmm","mice detected that your data are (nearly) multi-collinear.
It applied a ridge penalty to continue calculations, but the results can be unstable.
Does your dataset contain duplicates, linear transformation, or factors with unique respondent names?"
9,29,"smoke","pmm","cycle2001, cycle2005, cycle2007, cycle2011, cycle2013, stratum2, stratum3, stratum4, stratum6"
9,29,"smoke","pmm","mice detected that your data are (nearly) multi-collinear.
It applied a ridge penalty to continue calculations, but the results can be unstable.
Does your dataset contain duplicates, linear transformation, or factors with unique respondent names?"
9,30,"education","pmm","cycle2001, cycle2003, cycle2007, cycle2009, cycle2011, cycle2015, stratum4, stratum5, stratum7"
9,30,"education","pmm","mice detected that your data are (nearly) multi-collinear.
It applied a ridge penalty to continue calculations, but the results can be unstable.
Does your dataset contain duplicates, linear transformation, or factors with unique respondent names?"
9,30,"pir","pmm","cycle2001, cycle2003, cycle2007, cycle2011, cycle2015, stratum2, stratum3, stratum4, stratum7"
9,30,"pir","pmm","mice detected that your data are (nearly) multi-collinear.
It applied a ridge penalty to continue calculations, but the results can be unstable.
Does your dataset contain duplicates, linear transformation, or factors with unique respondent names?"
9,30,"smoke","pmm","cycle2001, cycle2005, cycle2007, cycle2011, cycle2013, stratum2, stratum3, stratum4, stratum6"
9,30,"smoke","pmm","mice detected that your data are (nearly) multi-collinear.
It applied a ridge penalty to continue calculations, but the results can be unstable.
Does your dataset contain duplicates, linear transformation, or factors with unique respondent names?"
10,1,"education","pmm","cycle2001, cycle2003, cycle2007, cycle2009, cycle2011, cycle2015, stratum4, stratum5, stratum7"
10,1,"education","pmm","mice detected that your data are (nearly) multi-collinear.
It applied a ridge penalty to continue calculations, but the results can be unstable.
Does your dataset contain duplicates, linear transformation, or factors with unique respondent names?"
10,1,"pir","pmm","cycle2001, cycle2003, cycle2007, cycle2011, cycle2015, stratum2, stratum3, stratum4, stratum7"
10,1,"pir","pmm","mice detected that your data are (nearly) multi-collinear.
It applied a ridge penalty to continue calculations, but the results can be unstable.
Does your dataset contain duplicates, linear transformation, or factors with unique respondent names?"
10,1,"smoke","pmm","cycle2001, cycle2005, cycle2007, cycle2011, cycle2013, stratum2, stratum3, stratum4, stratum6"
10,1,"smoke","pmm","mice detected that your data are (nearly) multi-collinear.
It applied a ridge penalty to continue calculations, but the results can be unstable.
Does your dataset contain duplicates, linear transformation, or factors with unique respondent names?"
10,2,"education","pmm","cycle2001, cycle2003, cycle2007, cycle2009, cycle2011, cycle2015, stratum4, stratum5, stratum7"
10,2,"education","pmm","mice detected that your data are (nearly) multi-collinear.
It applied a ridge penalty to continue calculations, but the results can be unstable.
Does your dataset contain duplicates, linear transformation, or factors with unique respondent names?"
10,2,"pir","pmm","cycle2001, cycle2003, cycle2007, cycle2011, cycle2015, stratum2, stratum3, stratum4, stratum7"
10,2,"pir","pmm","mice detected that your data are (nearly) multi-collinear.
It applied a ridge penalty to continue calculations, but the results can be unstable.
Does your dataset contain duplicates, linear transformation, or factors with unique respondent names?"
10,2,"smoke","pmm","cycle2001, cycle2005, cycle2007, cycle2011, cycle2013, stratum2, stratum3, stratum4, stratum6"
10,2,"smoke","pmm","mice detected that your data are (nearly) multi-collinear.
It applied a ridge penalty to continue calculations, but the results can be unstable.
Does your dataset contain duplicates, linear transformation, or factors with unique respondent names?"
10,3,"education","pmm","cycle2001, cycle2003, cycle2007, cycle2009, cycle2011, cycle2015, stratum4, stratum5, stratum7"
10,3,"education","pmm","mice detected that your data are (nearly) multi-collinear.
It applied a ridge penalty to continue calculations, but the results can be unstable.
Does your dataset contain duplicates, linear transformation, or factors with unique respondent names?"
10,3,"pir","pmm","cycle2001, cycle2003, cycle2007, cycle2011, cycle2015, stratum2, stratum3, stratum4, stratum7"
10,3,"pir","pmm","mice detected that your data are (nearly) multi-collinear.
It applied a ridge penalty to continue calculations, but the results can be unstable.
Does your dataset contain duplicates, linear transformation, or factors with unique respondent names?"
10,3,"smoke","pmm","cycle2001, cycle2005, cycle2007, cycle2011, cycle2013, stratum2, stratum3, stratum4, stratum6"
10,3,"smoke","pmm","mice detected that your data are (nearly) multi-collinear.
It applied a ridge penalty to continue calculations, but the results can be unstable.
Does your dataset contain duplicates, linear transformation, or factors with unique respondent names?"
10,4,"education","pmm","cycle2001, cycle2003, cycle2007, cycle2009, cycle2011, cycle2015, stratum4, stratum5, stratum7"
10,4,"education","pmm","mice detected that your data are (nearly) multi-collinear.
It applied a ridge penalty to continue calculations, but the results can be unstable.
Does your dataset contain duplicates, linear transformation, or factors with unique respondent names?"
10,4,"pir","pmm","cycle2001, cycle2003, cycle2007, cycle2011, cycle2015, stratum2, stratum3, stratum4, stratum7"
10,4,"pir","pmm","mice detected that your data are (nearly) multi-collinear.
It applied a ridge penalty to continue calculations, but the results can be unstable.
Does your dataset contain duplicates, linear transformation, or factors with unique respondent names?"
10,4,"smoke","pmm","cycle2001, cycle2005, cycle2007, cycle2011, cycle2013, stratum2, stratum3, stratum4, stratum6"
10,4,"smoke","pmm","mice detected that your data are (nearly) multi-collinear.
It applied a ridge penalty to continue calculations, but the results can be unstable.
Does your dataset contain duplicates, linear transformation, or factors with unique respondent names?"
10,5,"education","pmm","cycle2001, cycle2003, cycle2007, cycle2009, cycle2011, cycle2015, stratum4, stratum5, stratum7"
10,5,"education","pmm","mice detected that your data are (nearly) multi-collinear.
It applied a ridge penalty to continue calculations, but the results can be unstable.
Does your dataset contain duplicates, linear transformation, or factors with unique respondent names?"
10,5,"pir","pmm","cycle2001, cycle2003, cycle2007, cycle2011, cycle2015, stratum2, stratum3, stratum4, stratum7"
10,5,"pir","pmm","mice detected that your data are (nearly) multi-collinear.
It applied a ridge penalty to continue calculations, but the results can be unstable.
Does your dataset contain duplicates, linear transformation, or factors with unique respondent names?"
10,5,"smoke","pmm","cycle2001, cycle2005, cycle2007, cycle2011, cycle2013, stratum2, stratum3, stratum4, stratum6"
10,5,"smoke","pmm","mice detected that your data are (nearly) multi-collinear.
It applied a ridge penalty to continue calculations, but the results can be unstable.
Does your dataset contain duplicates, linear transformation, or factors with unique respondent names?"
10,6,"education","pmm","cycle2001, cycle2003, cycle2007, cycle2009, cycle2011, cycle2015, stratum4, stratum5, stratum7"
10,6,"education","pmm","mice detected that your data are (nearly) multi-collinear.
It applied a ridge penalty to continue calculations, but the results can be unstable.
Does your dataset contain duplicates, linear transformation, or factors with unique respondent names?"
10,6,"pir","pmm","cycle2001, cycle2003, cycle2007, cycle2011, cycle2015, stratum2, stratum3, stratum4, stratum7"
10,6,"pir","pmm","mice detected that your data are (nearly) multi-collinear.
It applied a ridge penalty to continue calculations, but the results can be unstable.
Does your dataset contain duplicates, linear transformation, or factors with unique respondent names?"
10,6,"smoke","pmm","cycle2001, cycle2005, cycle2007, cycle2011, cycle2013, stratum2, stratum3, stratum4, stratum6"
10,6,"smoke","pmm","mice detected that your data are (nearly) multi-collinear.
It applied a ridge penalty to continue calculations, but the results can be unstable.
Does your dataset contain duplicates, linear transformation, or factors with unique respondent names?"
10,7,"education","pmm","cycle2001, cycle2003, cycle2007, cycle2009, cycle2011, cycle2015, stratum4, stratum5, stratum7"
10,7,"education","pmm","mice detected that your data are (nearly) multi-collinear.
It applied a ridge penalty to continue calculations, but the results can be unstable.
Does your dataset contain duplicates, linear transformation, or factors with unique respondent names?"
10,7,"pir","pmm","cycle2001, cycle2003, cycle2007, cycle2011, cycle2015, stratum2, stratum3, stratum4, stratum7"
10,7,"pir","pmm","mice detected that your data are (nearly) multi-collinear.
It applied a ridge penalty to continue calculations, but the results can be unstable.
Does your dataset contain duplicates, linear transformation, or factors with unique respondent names?"
10,7,"smoke","pmm","cycle2001, cycle2005, cycle2007, cycle2011, cycle2013, stratum2, stratum3, stratum4, stratum6"
10,7,"smoke","pmm","mice detected that your data are (nearly) multi-collinear.
It applied a ridge penalty to continue calculations, but the results can be unstable.
Does your dataset contain duplicates, linear transformation, or factors with unique respondent names?"
10,8,"education","pmm","cycle2001, cycle2003, cycle2007, cycle2009, cycle2011, cycle2015, stratum4, stratum5, stratum7"
10,8,"education","pmm","mice detected that your data are (nearly) multi-collinear.
It applied a ridge penalty to continue calculations, but the results can be unstable.
Does your dataset contain duplicates, linear transformation, or factors with unique respondent names?"
10,8,"pir","pmm","cycle2001, cycle2003, cycle2007, cycle2011, cycle2015, stratum2, stratum3, stratum4, stratum7"
10,8,"pir","pmm","mice detected that your data are (nearly) multi-collinear.
It applied a ridge penalty to continue calculations, but the results can be unstable.
Does your dataset contain duplicates, linear transformation, or factors with unique respondent names?"
10,8,"smoke","pmm","cycle2001, cycle2005, cycle2007, cycle2011, cycle2013, stratum2, stratum3, stratum4, stratum6"
10,8,"smoke","pmm","mice detected that your data are (nearly) multi-collinear.
It applied a ridge penalty to continue calculations, but the results can be unstable.
Does your dataset contain duplicates, linear transformation, or factors with unique respondent names?"
10,9,"education","pmm","cycle2001, cycle2003, cycle2007, cycle2009, cycle2011, cycle2015, stratum4, stratum5, stratum7"
10,9,"education","pmm","mice detected that your data are (nearly) multi-collinear.
It applied a ridge penalty to continue calculations, but the results can be unstable.
Does your dataset contain duplicates, linear transformation, or factors with unique respondent names?"
10,9,"pir","pmm","cycle2001, cycle2003, cycle2007, cycle2011, cycle2015, stratum2, stratum3, stratum4, stratum7"
10,9,"pir","pmm","mice detected that your data are (nearly) multi-collinear.
It applied a ridge penalty to continue calculations, but the results can be unstable.
Does your dataset contain duplicates, linear transformation, or factors with unique respondent names?"
10,9,"smoke","pmm","cycle2001, cycle2005, cycle2007, cycle2011, cycle2013, stratum2, stratum3, stratum4, stratum6"
10,9,"smoke","pmm","mice detected that your data are (nearly) multi-collinear.
It applied a ridge penalty to continue calculations, but the results can be unstable.
Does your dataset contain duplicates, linear transformation, or factors with unique respondent names?"
10,10,"education","pmm","cycle2001, cycle2003, cycle2007, cycle2009, cycle2011, cycle2015, stratum4, stratum5, stratum7"
10,10,"education","pmm","mice detected that your data are (nearly) multi-collinear.
It applied a ridge penalty to continue calculations, but the results can be unstable.
Does your dataset contain duplicates, linear transformation, or factors with unique respondent names?"
10,10,"pir","pmm","cycle2001, cycle2003, cycle2007, cycle2011, cycle2015, stratum2, stratum3, stratum4, stratum7"
10,10,"pir","pmm","mice detected that your data are (nearly) multi-collinear.
It applied a ridge penalty to continue calculations, but the results can be unstable.
Does your dataset contain duplicates, linear transformation, or factors with unique respondent names?"
10,10,"smoke","pmm","cycle2001, cycle2005, cycle2007, cycle2011, cycle2013, stratum2, stratum3, stratum4, stratum6"
10,10,"smoke","pmm","mice detected that your data are (nearly) multi-collinear.
It applied a ridge penalty to continue calculations, but the results can be unstable.
Does your dataset contain duplicates, linear transformation, or factors with unique respondent names?"
10,11,"education","pmm","cycle2001, cycle2003, cycle2007, cycle2009, cycle2011, cycle2015, stratum4, stratum5, stratum7"
10,11,"education","pmm","mice detected that your data are (nearly) multi-collinear.
It applied a ridge penalty to continue calculations, but the results can be unstable.
Does your dataset contain duplicates, linear transformation, or factors with unique respondent names?"
10,11,"pir","pmm","cycle2001, cycle2003, cycle2007, cycle2011, cycle2015, stratum2, stratum3, stratum4, stratum7"
10,11,"pir","pmm","mice detected that your data are (nearly) multi-collinear.
It applied a ridge penalty to continue calculations, but the results can be unstable.
Does your dataset contain duplicates, linear transformation, or factors with unique respondent names?"
10,11,"smoke","pmm","cycle2001, cycle2005, cycle2007, cycle2011, cycle2013, stratum2, stratum3, stratum4, stratum6"
10,11,"smoke","pmm","mice detected that your data are (nearly) multi-collinear.
It applied a ridge penalty to continue calculations, but the results can be unstable.
Does your dataset contain duplicates, linear transformation, or factors with unique respondent names?"
10,12,"education","pmm","cycle2001, cycle2003, cycle2007, cycle2009, cycle2011, cycle2015, stratum4, stratum5, stratum7"
10,12,"education","pmm","mice detected that your data are (nearly) multi-collinear.
It applied a ridge penalty to continue calculations, but the results can be unstable.
Does your dataset contain duplicates, linear transformation, or factors with unique respondent names?"
10,12,"pir","pmm","cycle2001, cycle2003, cycle2007, cycle2011, cycle2015, stratum2, stratum3, stratum4, stratum7"
10,12,"pir","pmm","mice detected that your data are (nearly) multi-collinear.
It applied a ridge penalty to continue calculations, but the results can be unstable.
Does your dataset contain duplicates, linear transformation, or factors with unique respondent names?"
10,12,"smoke","pmm","cycle2001, cycle2005, cycle2007, cycle2011, cycle2013, stratum2, stratum3, stratum4, stratum6"
10,12,"smoke","pmm","mice detected that your data are (nearly) multi-collinear.
It applied a ridge penalty to continue calculations, but the results can be unstable.
Does your dataset contain duplicates, linear transformation, or factors with unique respondent names?"
10,13,"education","pmm","cycle2001, cycle2003, cycle2007, cycle2009, cycle2011, cycle2015, stratum4, stratum5, stratum7"
10,13,"education","pmm","mice detected that your data are (nearly) multi-collinear.
It applied a ridge penalty to continue calculations, but the results can be unstable.
Does your dataset contain duplicates, linear transformation, or factors with unique respondent names?"
10,13,"pir","pmm","cycle2001, cycle2003, cycle2007, cycle2011, cycle2015, stratum2, stratum3, stratum4, stratum7"
10,13,"pir","pmm","mice detected that your data are (nearly) multi-collinear.
It applied a ridge penalty to continue calculations, but the results can be unstable.
Does your dataset contain duplicates, linear transformation, or factors with unique respondent names?"
10,13,"smoke","pmm","cycle2001, cycle2005, cycle2007, cycle2011, cycle2013, stratum2, stratum3, stratum4, stratum6"
10,13,"smoke","pmm","mice detected that your data are (nearly) multi-collinear.
It applied a ridge penalty to continue calculations, but the results can be unstable.
Does your dataset contain duplicates, linear transformation, or factors with unique respondent names?"
10,14,"education","pmm","cycle2001, cycle2003, cycle2007, cycle2009, cycle2011, cycle2015, stratum4, stratum5, stratum7"
10,14,"education","pmm","mice detected that your data are (nearly) multi-collinear.
It applied a ridge penalty to continue calculations, but the results can be unstable.
Does your dataset contain duplicates, linear transformation, or factors with unique respondent names?"
10,14,"pir","pmm","cycle2001, cycle2003, cycle2007, cycle2011, cycle2015, stratum2, stratum3, stratum4, stratum7"
10,14,"pir","pmm","mice detected that your data are (nearly) multi-collinear.
It applied a ridge penalty to continue calculations, but the results can be unstable.
Does your dataset contain duplicates, linear transformation, or factors with unique respondent names?"
10,14,"smoke","pmm","cycle2001, cycle2005, cycle2007, cycle2011, cycle2013, stratum2, stratum3, stratum4, stratum6"
10,14,"smoke","pmm","mice detected that your data are (nearly) multi-collinear.
It applied a ridge penalty to continue calculations, but the results can be unstable.
Does your dataset contain duplicates, linear transformation, or factors with unique respondent names?"
10,15,"education","pmm","cycle2001, cycle2003, cycle2007, cycle2009, cycle2011, cycle2015, stratum4, stratum5, stratum7"
10,15,"education","pmm","mice detected that your data are (nearly) multi-collinear.
It applied a ridge penalty to continue calculations, but the results can be unstable.
Does your dataset contain duplicates, linear transformation, or factors with unique respondent names?"
10,15,"pir","pmm","cycle2001, cycle2003, cycle2007, cycle2011, cycle2015, stratum2, stratum3, stratum4, stratum7"
10,15,"pir","pmm","mice detected that your data are (nearly) multi-collinear.
It applied a ridge penalty to continue calculations, but the results can be unstable.
Does your dataset contain duplicates, linear transformation, or factors with unique respondent names?"
10,15,"smoke","pmm","cycle2001, cycle2005, cycle2007, cycle2011, cycle2013, stratum2, stratum3, stratum4, stratum6"
10,15,"smoke","pmm","mice detected that your data are (nearly) multi-collinear.
It applied a ridge penalty to continue calculations, but the results can be unstable.
Does your dataset contain duplicates, linear transformation, or factors with unique respondent names?"
10,16,"education","pmm","cycle2001, cycle2003, cycle2007, cycle2009, cycle2011, cycle2015, stratum4, stratum5, stratum7"
10,16,"education","pmm","mice detected that your data are (nearly) multi-collinear.
It applied a ridge penalty to continue calculations, but the results can be unstable.
Does your dataset contain duplicates, linear transformation, or factors with unique respondent names?"
10,16,"pir","pmm","cycle2001, cycle2003, cycle2007, cycle2011, cycle2015, stratum2, stratum3, stratum4, stratum7"
10,16,"pir","pmm","mice detected that your data are (nearly) multi-collinear.
It applied a ridge penalty to continue calculations, but the results can be unstable.
Does your dataset contain duplicates, linear transformation, or factors with unique respondent names?"
10,16,"smoke","pmm","cycle2001, cycle2005, cycle2007, cycle2011, cycle2013, stratum2, stratum3, stratum4, stratum6"
10,16,"smoke","pmm","mice detected that your data are (nearly) multi-collinear.
It applied a ridge penalty to continue calculations, but the results can be unstable.
Does your dataset contain duplicates, linear transformation, or factors with unique respondent names?"
10,17,"education","pmm","cycle2001, cycle2003, cycle2007, cycle2009, cycle2011, cycle2015, stratum4, stratum5, stratum7"
10,17,"education","pmm","mice detected that your data are (nearly) multi-collinear.
It applied a ridge penalty to continue calculations, but the results can be unstable.
Does your dataset contain duplicates, linear transformation, or factors with unique respondent names?"
10,17,"pir","pmm","cycle2001, cycle2003, cycle2007, cycle2011, cycle2015, stratum2, stratum3, stratum4, stratum7"
10,17,"pir","pmm","mice detected that your data are (nearly) multi-collinear.
It applied a ridge penalty to continue calculations, but the results can be unstable.
Does your dataset contain duplicates, linear transformation, or factors with unique respondent names?"
10,17,"smoke","pmm","cycle2001, cycle2005, cycle2007, cycle2011, cycle2013, stratum2, stratum3, stratum4, stratum6"
10,17,"smoke","pmm","mice detected that your data are (nearly) multi-collinear.
It applied a ridge penalty to continue calculations, but the results can be unstable.
Does your dataset contain duplicates, linear transformation, or factors with unique respondent names?"
10,18,"education","pmm","cycle2001, cycle2003, cycle2007, cycle2009, cycle2011, cycle2015, stratum4, stratum5, stratum7"
10,18,"education","pmm","mice detected that your data are (nearly) multi-collinear.
It applied a ridge penalty to continue calculations, but the results can be unstable.
Does your dataset contain duplicates, linear transformation, or factors with unique respondent names?"
10,18,"pir","pmm","cycle2001, cycle2003, cycle2007, cycle2011, cycle2015, stratum2, stratum3, stratum4, stratum7"
10,18,"pir","pmm","mice detected that your data are (nearly) multi-collinear.
It applied a ridge penalty to continue calculations, but the results can be unstable.
Does your dataset contain duplicates, linear transformation, or factors with unique respondent names?"
10,18,"smoke","pmm","cycle2001, cycle2005, cycle2007, cycle2011, cycle2013, stratum2, stratum3, stratum4, stratum6"
10,18,"smoke","pmm","mice detected that your data are (nearly) multi-collinear.
It applied a ridge penalty to continue calculations, but the results can be unstable.
Does your dataset contain duplicates, linear transformation, or factors with unique respondent names?"
10,19,"education","pmm","cycle2001, cycle2003, cycle2007, cycle2009, cycle2011, cycle2015, stratum4, stratum5, stratum7"
10,19,"education","pmm","mice detected that your data are (nearly) multi-collinear.
It applied a ridge penalty to continue calculations, but the results can be unstable.
Does your dataset contain duplicates, linear transformation, or factors with unique respondent names?"
10,19,"pir","pmm","cycle2001, cycle2003, cycle2007, cycle2011, cycle2015, stratum2, stratum3, stratum4, stratum7"
10,19,"pir","pmm","mice detected that your data are (nearly) multi-collinear.
It applied a ridge penalty to continue calculations, but the results can be unstable.
Does your dataset contain duplicates, linear transformation, or factors with unique respondent names?"
10,19,"smoke","pmm","cycle2001, cycle2005, cycle2007, cycle2011, cycle2013, stratum2, stratum3, stratum4, stratum6"
10,19,"smoke","pmm","mice detected that your data are (nearly) multi-collinear.
It applied a ridge penalty to continue calculations, but the results can be unstable.
Does your dataset contain duplicates, linear transformation, or factors with unique respondent names?"
10,20,"education","pmm","cycle2001, cycle2003, cycle2007, cycle2009, cycle2011, cycle2015, stratum4, stratum5, stratum7"
10,20,"education","pmm","mice detected that your data are (nearly) multi-collinear.
It applied a ridge penalty to continue calculations, but the results can be unstable.
Does your dataset contain duplicates, linear transformation, or factors with unique respondent names?"
10,20,"pir","pmm","cycle2001, cycle2003, cycle2007, cycle2011, cycle2015, stratum2, stratum3, stratum4, stratum7"
10,20,"pir","pmm","mice detected that your data are (nearly) multi-collinear.
It applied a ridge penalty to continue calculations, but the results can be unstable.
Does your dataset contain duplicates, linear transformation, or factors with unique respondent names?"
10,20,"smoke","pmm","cycle2001, cycle2005, cycle2007, cycle2011, cycle2013, stratum2, stratum3, stratum4, stratum6"
10,20,"smoke","pmm","mice detected that your data are (nearly) multi-collinear.
It applied a ridge penalty to continue calculations, but the results can be unstable.
Does your dataset contain duplicates, linear transformation, or factors with unique respondent names?"
10,21,"education","pmm","cycle2001, cycle2003, cycle2007, cycle2009, cycle2011, cycle2015, stratum4, stratum5, stratum7"
10,21,"education","pmm","mice detected that your data are (nearly) multi-collinear.
It applied a ridge penalty to continue calculations, but the results can be unstable.
Does your dataset contain duplicates, linear transformation, or factors with unique respondent names?"
10,21,"pir","pmm","cycle2001, cycle2003, cycle2007, cycle2011, cycle2015, stratum2, stratum3, stratum4, stratum7"
10,21,"pir","pmm","mice detected that your data are (nearly) multi-collinear.
It applied a ridge penalty to continue calculations, but the results can be unstable.
Does your dataset contain duplicates, linear transformation, or factors with unique respondent names?"
10,21,"smoke","pmm","cycle2001, cycle2005, cycle2007, cycle2011, cycle2013, stratum2, stratum3, stratum4, stratum6"
10,21,"smoke","pmm","mice detected that your data are (nearly) multi-collinear.
It applied a ridge penalty to continue calculations, but the results can be unstable.
Does your dataset contain duplicates, linear transformation, or factors with unique respondent names?"
10,22,"education","pmm","cycle2001, cycle2003, cycle2007, cycle2009, cycle2011, cycle2015, stratum4, stratum5, stratum7"
10,22,"education","pmm","mice detected that your data are (nearly) multi-collinear.
It applied a ridge penalty to continue calculations, but the results can be unstable.
Does your dataset contain duplicates, linear transformation, or factors with unique respondent names?"
10,22,"pir","pmm","cycle2001, cycle2003, cycle2007, cycle2011, cycle2015, stratum2, stratum3, stratum4, stratum7"
10,22,"pir","pmm","mice detected that your data are (nearly) multi-collinear.
It applied a ridge penalty to continue calculations, but the results can be unstable.
Does your dataset contain duplicates, linear transformation, or factors with unique respondent names?"
10,22,"smoke","pmm","cycle2001, cycle2005, cycle2007, cycle2011, cycle2013, stratum2, stratum3, stratum4, stratum6"
10,22,"smoke","pmm","mice detected that your data are (nearly) multi-collinear.
It applied a ridge penalty to continue calculations, but the results can be unstable.
Does your dataset contain duplicates, linear transformation, or factors with unique respondent names?"
10,23,"education","pmm","cycle2001, cycle2003, cycle2007, cycle2009, cycle2011, cycle2015, stratum4, stratum5, stratum7"
10,23,"education","pmm","mice detected that your data are (nearly) multi-collinear.
It applied a ridge penalty to continue calculations, but the results can be unstable.
Does your dataset contain duplicates, linear transformation, or factors with unique respondent names?"
10,23,"pir","pmm","cycle2001, cycle2003, cycle2007, cycle2011, cycle2015, stratum2, stratum3, stratum4, stratum7"
10,23,"pir","pmm","mice detected that your data are (nearly) multi-collinear.
It applied a ridge penalty to continue calculations, but the results can be unstable.
Does your dataset contain duplicates, linear transformation, or factors with unique respondent names?"
10,23,"smoke","pmm","cycle2001, cycle2005, cycle2007, cycle2011, cycle2013, stratum2, stratum3, stratum4, stratum6"
10,23,"smoke","pmm","mice detected that your data are (nearly) multi-collinear.
It applied a ridge penalty to continue calculations, but the results can be unstable.
Does your dataset contain duplicates, linear transformation, or factors with unique respondent names?"
10,24,"education","pmm","cycle2001, cycle2003, cycle2007, cycle2009, cycle2011, cycle2015, stratum4, stratum5, stratum7"
10,24,"education","pmm","mice detected that your data are (nearly) multi-collinear.
It applied a ridge penalty to continue calculations, but the results can be unstable.
Does your dataset contain duplicates, linear transformation, or factors with unique respondent names?"
10,24,"pir","pmm","cycle2001, cycle2003, cycle2007, cycle2011, cycle2015, stratum2, stratum3, stratum4, stratum7"
10,24,"pir","pmm","mice detected that your data are (nearly) multi-collinear.
It applied a ridge penalty to continue calculations, but the results can be unstable.
Does your dataset contain duplicates, linear transformation, or factors with unique respondent names?"
10,24,"smoke","pmm","cycle2001, cycle2005, cycle2007, cycle2011, cycle2013, stratum2, stratum3, stratum4, stratum6"
10,24,"smoke","pmm","mice detected that your data are (nearly) multi-collinear.
It applied a ridge penalty to continue calculations, but the results can be unstable.
Does your dataset contain duplicates, linear transformation, or factors with unique respondent names?"
10,25,"education","pmm","cycle2001, cycle2003, cycle2007, cycle2009, cycle2011, cycle2015, stratum4, stratum5, stratum7"
10,25,"education","pmm","mice detected that your data are (nearly) multi-collinear.
It applied a ridge penalty to continue calculations, but the results can be unstable.
Does your dataset contain duplicates, linear transformation, or factors with unique respondent names?"
10,25,"pir","pmm","cycle2001, cycle2003, cycle2007, cycle2011, cycle2015, stratum2, stratum3, stratum4, stratum7"
10,25,"pir","pmm","mice detected that your data are (nearly) multi-collinear.
It applied a ridge penalty to continue calculations, but the results can be unstable.
Does your dataset contain duplicates, linear transformation, or factors with unique respondent names?"
10,25,"smoke","pmm","cycle2001, cycle2005, cycle2007, cycle2011, cycle2013, stratum2, stratum3, stratum4, stratum6"
10,25,"smoke","pmm","mice detected that your data are (nearly) multi-collinear.
It applied a ridge penalty to continue calculations, but the results can be unstable.
Does your dataset contain duplicates, linear transformation, or factors with unique respondent names?"
10,26,"education","pmm","cycle2001, cycle2003, cycle2007, cycle2009, cycle2011, cycle2015, stratum4, stratum5, stratum7"
10,26,"education","pmm","mice detected that your data are (nearly) multi-collinear.
It applied a ridge penalty to continue calculations, but the results can be unstable.
Does your dataset contain duplicates, linear transformation, or factors with unique respondent names?"
10,26,"pir","pmm","cycle2001, cycle2003, cycle2007, cycle2011, cycle2015, stratum2, stratum3, stratum4, stratum7"
10,26,"pir","pmm","mice detected that your data are (nearly) multi-collinear.
It applied a ridge penalty to continue calculations, but the results can be unstable.
Does your dataset contain duplicates, linear transformation, or factors with unique respondent names?"
10,26,"smoke","pmm","cycle2001, cycle2005, cycle2007, cycle2011, cycle2013, stratum2, stratum3, stratum4, stratum6"
10,26,"smoke","pmm","mice detected that your data are (nearly) multi-collinear.
It applied a ridge penalty to continue calculations, but the results can be unstable.
Does your dataset contain duplicates, linear transformation, or factors with unique respondent names?"
10,27,"education","pmm","cycle2001, cycle2003, cycle2007, cycle2009, cycle2011, cycle2015, stratum4, stratum5, stratum7"
10,27,"education","pmm","mice detected that your data are (nearly) multi-collinear.
It applied a ridge penalty to continue calculations, but the results can be unstable.
Does your dataset contain duplicates, linear transformation, or factors with unique respondent names?"
10,27,"pir","pmm","cycle2001, cycle2003, cycle2007, cycle2011, cycle2015, stratum2, stratum3, stratum4, stratum7"
10,27,"pir","pmm","mice detected that your data are (nearly) multi-collinear.
It applied a ridge penalty to continue calculations, but the results can be unstable.
Does your dataset contain duplicates, linear transformation, or factors with unique respondent names?"
10,27,"smoke","pmm","cycle2001, cycle2005, cycle2007, cycle2011, cycle2013, stratum2, stratum3, stratum4, stratum6"
10,27,"smoke","pmm","mice detected that your data are (nearly) multi-collinear.
It applied a ridge penalty to continue calculations, but the results can be unstable.
Does your dataset contain duplicates, linear transformation, or factors with unique respondent names?"
10,28,"education","pmm","cycle2001, cycle2003, cycle2007, cycle2009, cycle2011, cycle2015, stratum4, stratum5, stratum7"
10,28,"education","pmm","mice detected that your data are (nearly) multi-collinear.
It applied a ridge penalty to continue calculations, but the results can be unstable.
Does your dataset contain duplicates, linear transformation, or factors with unique respondent names?"
10,28,"pir","pmm","cycle2001, cycle2003, cycle2007, cycle2011, cycle2015, stratum2, stratum3, stratum4, stratum7"
10,28,"pir","pmm","mice detected that your data are (nearly) multi-collinear.
It applied a ridge penalty to continue calculations, but the results can be unstable.
Does your dataset contain duplicates, linear transformation, or factors with unique respondent names?"
10,28,"smoke","pmm","cycle2001, cycle2005, cycle2007, cycle2011, cycle2013, stratum2, stratum3, stratum4, stratum6"
10,28,"smoke","pmm","mice detected that your data are (nearly) multi-collinear.
It applied a ridge penalty to continue calculations, but the results can be unstable.
Does your dataset contain duplicates, linear transformation, or factors with unique respondent names?"
10,29,"education","pmm","cycle2001, cycle2003, cycle2007, cycle2009, cycle2011, cycle2015, stratum4, stratum5, stratum7"
10,29,"education","pmm","mice detected that your data are (nearly) multi-collinear.
It applied a ridge penalty to continue calculations, but the results can be unstable.
Does your dataset contain duplicates, linear transformation, or factors with unique respondent names?"
10,29,"pir","pmm","cycle2001, cycle2003, cycle2007, cycle2011, cycle2015, stratum2, stratum3, stratum4, stratum7"
10,29,"pir","pmm","mice detected that your data are (nearly) multi-collinear.
It applied a ridge penalty to continue calculations, but the results can be unstable.
Does your dataset contain duplicates, linear transformation, or factors with unique respondent names?"
10,29,"smoke","pmm","cycle2001, cycle2005, cycle2007, cycle2011, cycle2013, stratum2, stratum3, stratum4, stratum6"
10,29,"smoke","pmm","mice detected that your data are (nearly) multi-collinear.
It applied a ridge penalty to continue calculations, but the results can be unstable.
Does your dataset contain duplicates, linear transformation, or factors with unique respondent names?"
10,30,"education","pmm","cycle2001, cycle2003, cycle2007, cycle2009, cycle2011, cycle2015, stratum4, stratum5, stratum7"
10,30,"education","pmm","mice detected that your data are (nearly) multi-collinear.
It applied a ridge penalty to continue calculations, but the results can be unstable.
Does your dataset contain duplicates, linear transformation, or factors with unique respondent names?"
10,30,"pir","pmm","cycle2001, cycle2003, cycle2007, cycle2011, cycle2015, stratum2, stratum3, stratum4, stratum7"
10,30,"pir","pmm","mice detected that your data are (nearly) multi-collinear.
It applied a ridge penalty to continue calculations, but the results can be unstable.
Does your dataset contain duplicates, linear transformation, or factors with unique respondent names?"
10,30,"smoke","pmm","cycle2001, cycle2005, cycle2007, cycle2011, cycle2013, stratum2, stratum3, stratum4, stratum6"
10,30,"smoke","pmm","mice detected that your data are (nearly) multi-collinear.
It applied a ridge penalty to continue calculations, but the results can be unstable.
Does your dataset contain duplicates, linear transformation, or factors with unique respondent names?"
